DATETIME,DEMAND_MW
2025-07-22 16:50:00+08:00,3546.2
2025-07-22 17:00:00+08:00,3507.6
2025-07-22 17:10:00+08:00,3463.5
2025-07-22 17:20:00+08:00,3464.4
2025-07-22 17:30:00+08:00,3452.6
2025-07-22 17:40:00+08:00,3446.3
2025-07-22 17:50:00+08:00,3458.9
2025-07-22 18:00:00+08:00,3440.5
2025-07-22 18:10:00+08:00,3433.8
2025-07-22 18:20:00+08:00,3431.6
2025-07-22 18:30:00+08:00,3423.1
2025-07-22 18:40:00+08:00,3429.4
2025-07-22 18:50:00+08:00,3446.4
2025-07-22 19:00:00+08:00,3445.1
2025-07-22 19:10:00+08:00,3428.9
2025-07-22 19:20:00+08:00,3420.7
2025-07-22 19:30:00+08:00,3415.6
2025-07-22 19:40:00+08:00,3409.9
2025-07-22 19:50:00+08:00,3399.4
2025-07-22 20:00:00+08:00,3395.2
2025-07-22 20:10:00+08:00,3375.4
2025-07-22 20:20:00+08:00,3367.0
2025-07-22 20:30:00+08:00,3351.2
2025-07-22 20:40:00+08:00,3334.0
2025-07-22 20:50:00+08:00,3328.1
2025-07-22 21:00:00+08:00,3308.1
2025-07-22 21:10:00+08:00,3283.9
2025-07-22 21:20:00+08:00,3283.4
2025-07-22 21:30:00+08:00,3258.4
2025-07-22 21:40:00+08:00,3250.7
2025-07-22 21:50:00+08:00,3231.5
2025-07-22 22:00:00+08:00,3219.8
2025-07-22 22:10:00+08:00,3224.4
2025-07-22 22:20:00+08:00,3207.9
2025-07-22 22:30:00+08:00,3204.4
2025-07-22 22:40:00+08:00,3178.8
2025-07-22 22:50:00+08:00,3158.1
2025-07-22 23:00:00+08:00,3127.3
2025-07-22 23:10:00+08:00,3108.9
2025-07-22 23:20:00+08:00,3066.0
2025-07-22 23:30:00+08:00,3051.2
2025-07-22 23:40:00+08:00,3027.8
2025-07-22 23:50:00+08:00,2998.9
2025-07-23 00:00:00+08:00,2964.2
2025-07-23 00:10:00+08:00,2996.5
2025-07-23 00:20:00+08:00,2980.5
2025-07-23 00:30:00+08:00,2946.1
2025-07-23 00:40:00+08:00,2932.7
2025-07-23 00:50:00+08:00,2911.0
2025-07-23 01:00:00+08:00,2909.8
2025-07-23 01:10:00+08:00,2870.9
2025-07-23 01:20:00+08:00,2851.5
2025-07-23 01:30:00+08:00,2835.3
2025-07-23 01:40:00+08:00,2818.7
2025-07-23 01:50:00+08:00,2820.7
2025-07-23 02:00:00+08:00,2798.4
2025-07-23 02:10:00+08:00,2774.2
2025-07-23 02:20:00+08:00,2768.6
2025-07-23 02:30:00+08:00,2742.1
2025-07-23 02:40:00+08:00,2750.3
2025-07-23 02:50:00+08:00,2746.2
2025-07-23 03:00:00+08:00,2721.2
2025-07-23 03:10:00+08:00,2725.0
2025-07-23 03:20:00+08:00,2702.4
2025-07-23 03:30:00+08:00,2707.0
2025-07-23 03:40:00+08:00,2702.5
2025-07-23 03:50:00+08:00,2691.6
2025-07-23 04:00:00+08:00,2667.8
2025-07-23 04:10:00+08:00,2675.5
2025-07-23 04:20:00+08:00,2663.1
2025-07-23 04:30:00+08:00,2657.8
2025-07-23 04:40:00+08:00,2649.8
2025-07-23 04:50:00+08:00,2664.5
2025-07-23 05:00:00+08:00,2672.4
2025-07-23 05:10:00+08:00,2654.6
2025-07-23 05:20:00+08:00,2645.2
2025-07-23 05:30:00+08:00,2654.3
2025-07-23 05:40:00+08:00,2656.0
2025-07-23 05:50:00+08:00,2639.9
2025-07-23 06:00:00+08:00,2647.3
2025-07-23 06:10:00+08:00,2663.1
2025-07-23 06:20:00+08:00,2684.2
2025-07-23 06:30:00+08:00,2684.4
2025-07-23 06:40:00+08:00,2720.4
2025-07-23 06:50:00+08:00,2728.0
2025-07-23 07:00:00+08:00,2740.1
2025-07-23 07:10:00+08:00,2819.7
2025-07-23 07:20:00+08:00,2823.9
2025-07-23 07:30:00+08:00,2871.7
2025-07-23 07:40:00+08:00,2935.3
2025-07-23 07:50:00+08:00,2991.4
2025-07-23 08:00:00+08:00,3117.9
2025-07-23 08:10:00+08:00,3246.6
2025-07-23 08:20:00+08:00,3310.4
2025-07-23 08:30:00+08:00,3375.0
2025-07-23 08:40:00+08:00,3422.1
2025-07-23 08:50:00+08:00,3457.0
2025-07-23 09:00:00+08:00,3491.7
2025-07-23 09:10:00+08:00,3518.9
2025-07-23 09:20:00+08:00,3549.4
2025-07-23 09:30:00+08:00,3544.5
2025-07-23 09:40:00+08:00,3576.9
2025-07-23 09:50:00+08:00,3603.5
2025-07-23 10:00:00+08:00,3612.4
2025-07-23 10:10:00+08:00,3633.2
2025-07-23 10:20:00+08:00,3643.7
2025-07-23 10:30:00+08:00,3667.9
2025-07-23 10:40:00+08:00,3673.4
2025-07-23 10:50:00+08:00,3708.4
2025-07-23 11:00:00+08:00,3729.6
2025-07-23 11:10:00+08:00,3751.8
2025-07-23 11:20:00+08:00,3756.8
2025-07-23 11:30:00+08:00,3789.2
2025-07-23 11:40:00+08:00,3782.4
2025-07-23 11:50:00+08:00,3795.4
2025-07-23 12:00:00+08:00,3718.8
2025-07-23 12:10:00+08:00,3671.7
2025-07-23 12:20:00+08:00,3638.5
2025-07-23 12:30:00+08:00,3659.9
2025-07-23 12:40:00+08:00,3664.0
2025-07-23 12:50:00+08:00,3659.7
2025-07-23 13:00:00+08:00,3708.6
2025-07-23 13:10:00+08:00,3795.5
2025-07-23 13:20:00+08:00,3821.2
2025-07-23 13:30:00+08:00,3825.0
2025-07-23 13:40:00+08:00,3828.6
2025-07-23 13:50:00+08:00,3829.9
2025-07-23 14:00:00+08:00,3854.3
2025-07-23 14:10:00+08:00,3855.4
2025-07-23 14:20:00+08:00,3859.7
2025-07-23 14:30:00+08:00,3840.1
2025-07-23 14:40:00+08:00,3842.8
2025-07-23 14:50:00+08:00,3856.3
2025-07-23 15:00:00+08:00,3850.3
2025-07-23 15:10:00+08:00,3834.9
2025-07-23 15:20:00+08:00,3828.9
2025-07-23 15:30:00+08:00,3831.9
2025-07-23 15:40:00+08:00,3821.9
2025-07-23 15:50:00+08:00,3823.9
2025-07-23 16:00:00+08:00,3800.2
2025-07-23 16:10:00+08:00,3800.2
2025-07-23 16:20:00+08:00,3789.4
2025-07-23 16:30:00+08:00,3774.8
2025-07-23 16:40:00+08:00,3764.0
2025-07-23 16:50:00+08:00,3714.2
2025-07-23 17:00:00+08:00,3657.1
2025-07-23 17:10:00+08:00,3610.5
2025-07-23 17:20:00+08:00,3595.0
2025-07-23 17:30:00+08:00,3591.0
2025-07-23 17:40:00+08:00,3577.9
2025-07-23 17:50:00+08:00,3574.7
2025-07-23 18:00:00+08:00,3566.7
2025-07-23 18:10:00+08:00,3544.7
2025-07-23 18:20:00+08:00,3544.8
2025-07-23 18:30:00+08:00,3534.7
2025-07-23 18:40:00+08:00,3527.0
2025-07-23 18:50:00+08:00,3534.6
2025-07-23 19:00:00+08:00,3533.8
2025-07-23 19:10:00+08:00,3529.3
2025-07-23 19:20:00+08:00,3513.8
2025-07-23 19:30:00+08:00,3512.3
2025-07-23 19:40:00+08:00,3509.7
2025-07-23 19:50:00+08:00,3492.7
2025-07-23 20:00:00+08:00,3494.8
2025-07-23 20:10:00+08:00,3474.5
2025-07-23 20:20:00+08:00,3469.0
2025-07-23 20:30:00+08:00,3451.2
2025-07-23 20:40:00+08:00,3437.4
2025-07-23 20:50:00+08:00,3430.6
2025-07-23 21:00:00+08:00,3420.7
2025-07-23 21:10:00+08:00,3398.9
2025-07-23 21:20:00+08:00,3381.7
2025-07-23 21:30:00+08:00,3377.8
2025-07-23 21:40:00+08:00,3367.3
2025-07-23 21:50:00+08:00,3363.4
2025-07-23 22:00:00+08:00,3352.9
2025-07-23 22:10:00+08:00,3364.5
2025-07-23 22:20:00+08:00,3334.7
2025-07-23 22:30:00+08:00,3320.1
2025-07-23 22:40:00+08:00,3300.6
2025-07-23 22:50:00+08:00,3257.5
2025-07-23 23:00:00+08:00,3258.4
2025-07-23 23:10:00+08:00,3210.2
2025-07-23 23:20:00+08:00,3209.0
2025-07-23 23:30:00+08:00,3172.0
2025-07-23 23:40:00+08:00,3133.1
2025-07-23 23:50:00+08:00,3125.9
2025-07-24 00:00:00+08:00,3094.1
2025-07-24 00:10:00+08:00,3099.9
2025-07-24 00:20:00+08:00,3068.4
2025-07-24 00:30:00+08:00,3055.0
2025-07-24 00:40:00+08:00,3045.5
2025-07-24 00:50:00+08:00,3006.7
2025-07-24 01:00:00+08:00,2986.5
2025-07-24 01:10:00+08:00,2977.5
2025-07-24 01:20:00+08:00,2967.5
2025-07-24 01:30:00+08:00,2933.7
2025-07-24 01:40:00+08:00,2900.2
2025-07-24 01:50:00+08:00,2907.8
2025-07-24 02:00:00+08:00,2890.7
2025-07-24 02:10:00+08:00,2890.2
2025-07-24 02:20:00+08:00,2856.8
2025-07-24 02:30:00+08:00,2856.2
2025-07-24 02:40:00+08:00,2847.7
2025-07-24 02:50:00+08:00,2812.8
2025-07-24 03:00:00+08:00,2831.9
2025-07-24 03:10:00+08:00,2802.8
2025-07-24 03:20:00+08:00,2805.0
2025-07-24 03:30:00+08:00,2781.9
2025-07-24 03:40:00+08:00,2769.4
2025-07-24 03:50:00+08:00,2763.0
2025-07-24 04:00:00+08:00,2757.1
2025-07-24 04:10:00+08:00,2782.0
2025-07-24 04:20:00+08:00,2742.8
2025-07-24 04:30:00+08:00,2739.3
2025-07-24 04:40:00+08:00,2751.2
2025-07-24 04:50:00+08:00,2740.2
2025-07-24 05:00:00+08:00,2736.1
2025-07-24 05:10:00+08:00,2741.4
2025-07-24 05:20:00+08:00,2732.8
2025-07-24 05:30:00+08:00,2715.4
2025-07-24 05:40:00+08:00,2732.1
2025-07-24 05:50:00+08:00,2739.2
2025-07-24 06:00:00+08:00,2721.4
2025-07-24 06:10:00+08:00,2745.9
2025-07-24 06:20:00+08:00,2733.4
2025-07-24 06:30:00+08:00,2768.5
2025-07-24 06:40:00+08:00,2789.4
2025-07-24 06:50:00+08:00,2797.6
2025-07-24 07:00:00+08:00,2822.2
2025-07-24 07:10:00+08:00,2871.4
2025-07-24 07:20:00+08:00,2915.5
2025-07-24 07:30:00+08:00,2936.6
2025-07-24 07:40:00+08:00,2999.1
2025-07-24 07:50:00+08:00,3059.0
2025-07-24 08:00:00+08:00,3174.1
2025-07-24 08:10:00+08:00,3319.7
2025-07-24 08:20:00+08:00,3377.6
2025-07-24 08:30:00+08:00,3430.9
2025-07-24 08:40:00+08:00,3475.5
2025-07-24 08:50:00+08:00,3488.7
2025-07-24 09:00:00+08:00,3510.5
2025-07-24 09:10:00+08:00,3536.8
2025-07-24 09:20:00+08:00,3571.0
2025-07-24 09:30:00+08:00,3604.1
2025-07-24 09:40:00+08:00,3615.6
2025-07-24 09:50:00+08:00,3617.9
2025-07-24 10:00:00+08:00,3622.5
2025-07-24 10:10:00+08:00,3640.6
2025-07-24 10:20:00+08:00,3674.8
2025-07-24 10:30:00+08:00,3687.8
2025-07-24 10:40:00+08:00,3707.7
2025-07-24 10:50:00+08:00,3743.8
2025-07-24 11:00:00+08:00,3752.7
2025-07-24 11:10:00+08:00,3765.4
2025-07-24 11:20:00+08:00,3765.3
2025-07-24 11:30:00+08:00,3782.1
2025-07-24 11:40:00+08:00,3802.7
2025-07-24 11:50:00+08:00,3797.6
2025-07-24 12:00:00+08:00,3720.8
2025-07-24 12:10:00+08:00,3692.0
2025-07-24 12:20:00+08:00,3668.6
2025-07-24 12:30:00+08:00,3674.6
2025-07-24 12:40:00+08:00,3664.9
2025-07-24 12:50:00+08:00,3676.6
2025-07-24 13:00:00+08:00,3721.3
2025-07-24 13:10:00+08:00,3808.4
2025-07-24 13:20:00+08:00,3828.4
2025-07-24 13:30:00+08:00,3843.0
2025-07-24 13:40:00+08:00,3852.9
2025-07-24 13:50:00+08:00,3861.5
2025-07-24 14:00:00+08:00,3859.8
2025-07-24 14:10:00+08:00,3850.8
2025-07-24 14:20:00+08:00,3862.9
2025-07-24 14:30:00+08:00,3842.1
2025-07-24 14:40:00+08:00,3856.8
2025-07-24 14:50:00+08:00,3821.5
2025-07-24 15:00:00+08:00,3832.1
2025-07-24 15:10:00+08:00,3839.4
2025-07-24 15:20:00+08:00,3802.8
2025-07-24 15:30:00+08:00,3779.4
2025-07-24 15:40:00+08:00,3800.4
2025-07-24 15:50:00+08:00,3795.8
2025-07-24 16:00:00+08:00,3756.6
2025-07-24 16:10:00+08:00,3738.3
2025-07-24 16:20:00+08:00,3713.1
2025-07-24 16:30:00+08:00,3700.9
2025-07-24 16:40:00+08:00,3689.3
2025-07-24 16:50:00+08:00,3680.6
2025-07-24 17:00:00+08:00,3610.9
2025-07-24 17:10:00+08:00,3560.5
2025-07-24 17:20:00+08:00,3558.6
2025-07-24 17:30:00+08:00,3543.4
2025-07-24 17:40:00+08:00,3536.7
2025-07-24 17:50:00+08:00,3530.8
2025-07-24 18:00:00+08:00,3521.6
2025-07-24 18:10:00+08:00,3506.9
2025-07-24 18:20:00+08:00,3508.6
2025-07-24 18:30:00+08:00,3514.6
2025-07-24 18:40:00+08:00,3512.7
2025-07-24 18:50:00+08:00,3516.1
2025-07-24 19:00:00+08:00,3507.7
2025-07-24 19:10:00+08:00,3506.6
2025-07-24 19:20:00+08:00,3496.7
2025-07-24 19:30:00+08:00,3480.1
2025-07-24 19:40:00+08:00,3467.7
2025-07-24 19:50:00+08:00,3465.6
2025-07-24 20:00:00+08:00,3449.9
2025-07-24 20:10:00+08:00,3434.7
2025-07-24 20:20:00+08:00,3427.1
2025-07-24 20:30:00+08:00,3410.5
2025-07-24 20:40:00+08:00,3400.7
2025-07-24 20:50:00+08:00,3386.7
2025-07-24 21:00:00+08:00,3373.6
2025-07-24 21:10:00+08:00,3356.9
2025-07-24 21:20:00+08:00,3335.0
2025-07-24 21:30:00+08:00,3335.5
2025-07-24 21:40:00+08:00,3331.5
2025-07-24 21:50:00+08:00,3321.9
2025-07-24 22:00:00+08:00,3302.3
2025-07-24 22:10:00+08:00,3300.5
2025-07-24 22:20:00+08:00,3294.7
2025-07-24 22:30:00+08:00,3283.5
2025-07-24 22:40:00+08:00,3267.5
2025-07-24 22:50:00+08:00,3238.7
2025-07-24 23:00:00+08:00,3205.8
2025-07-24 23:10:00+08:00,3194.1
2025-07-24 23:20:00+08:00,3164.7
2025-07-24 23:30:00+08:00,3146.9
2025-07-24 23:40:00+08:00,3104.3
2025-07-24 23:50:00+08:00,3084.9
2025-07-25 00:00:00+08:00,3052.4
2025-07-25 00:10:00+08:00,3076.5
2025-07-25 00:20:00+08:00,3057.2
2025-07-25 00:30:00+08:00,3036.3
2025-07-25 00:40:00+08:00,3013.1
2025-07-25 00:50:00+08:00,3000.6
2025-07-25 01:00:00+08:00,2976.4
2025-07-25 01:10:00+08:00,2960.3
2025-07-25 01:20:00+08:00,2949.8
2025-07-25 01:30:00+08:00,2919.1
2025-07-25 01:40:00+08:00,2911.4
2025-07-25 01:50:00+08:00,2876.1
2025-07-25 02:00:00+08:00,2875.2
2025-07-25 02:10:00+08:00,2866.1
2025-07-25 02:20:00+08:00,2853.5
2025-07-25 02:30:00+08:00,2836.4
2025-07-25 02:40:00+08:00,2817.2
2025-07-25 02:50:00+08:00,2805.5
2025-07-25 03:00:00+08:00,2797.7
2025-07-25 03:10:00+08:00,2781.2
2025-07-25 03:20:00+08:00,2784.7
2025-07-25 03:30:00+08:00,2757.6
2025-07-25 03:40:00+08:00,2777.6
2025-07-25 03:50:00+08:00,2749.2
2025-07-25 04:00:00+08:00,2745.2
2025-07-25 04:10:00+08:00,2745.4
2025-07-25 04:20:00+08:00,2737.8
2025-07-25 04:30:00+08:00,2754.0
2025-07-25 04:40:00+08:00,2741.1
2025-07-25 04:50:00+08:00,2740.6
2025-07-25 05:00:00+08:00,2732.8
2025-07-25 05:10:00+08:00,2724.0
2025-07-25 05:20:00+08:00,2717.6
2025-07-25 05:30:00+08:00,2721.6
2025-07-25 05:40:00+08:00,2714.7
2025-07-25 05:50:00+08:00,2732.7
2025-07-25 06:00:00+08:00,2715.8
2025-07-25 06:10:00+08:00,2736.0
2025-07-25 06:20:00+08:00,2750.7
2025-07-25 06:30:00+08:00,2753.7
2025-07-25 06:40:00+08:00,2766.9
2025-07-25 06:50:00+08:00,2782.8
2025-07-25 07:00:00+08:00,2808.6
2025-07-25 07:10:00+08:00,2839.0
2025-07-25 07:20:00+08:00,2864.4
2025-07-25 07:30:00+08:00,2874.6
2025-07-25 07:40:00+08:00,2975.8
2025-07-25 07:50:00+08:00,3032.7
2025-07-25 08:00:00+08:00,3126.3
2025-07-25 08:10:00+08:00,3259.5
2025-07-25 08:20:00+08:00,3315.0
2025-07-25 08:30:00+08:00,3332.6
2025-07-25 08:40:00+08:00,3392.6
2025-07-25 08:50:00+08:00,3440.3
2025-07-25 09:00:00+08:00,3471.3
2025-07-25 09:10:00+08:00,3487.7
2025-07-25 09:20:00+08:00,3520.9
2025-07-25 09:30:00+08:00,3526.2
2025-07-25 09:40:00+08:00,3547.6
2025-07-25 09:50:00+08:00,3540.4
2025-07-25 10:00:00+08:00,3589.7
2025-07-25 10:10:00+08:00,3575.6
2025-07-25 10:20:00+08:00,3649.2
2025-07-25 10:30:00+08:00,3622.2
2025-07-25 10:40:00+08:00,3639.5
2025-07-25 10:50:00+08:00,3673.4
2025-07-25 11:00:00+08:00,3631.4
2025-07-25 11:10:00+08:00,3692.5
2025-07-25 11:20:00+08:00,3679.6
2025-07-25 11:30:00+08:00,3713.9
2025-07-25 11:40:00+08:00,3700.5
2025-07-25 11:50:00+08:00,3687.0
2025-07-25 12:00:00+08:00,3650.0
2025-07-25 12:10:00+08:00,3579.0
2025-07-25 12:20:00+08:00,3594.2
2025-07-25 12:30:00+08:00,3599.0
2025-07-25 12:40:00+08:00,3600.7
2025-07-25 12:50:00+08:00,3601.5
2025-07-25 13:00:00+08:00,3654.0
2025-07-25 13:10:00+08:00,3705.8
2025-07-25 13:20:00+08:00,3688.0
2025-07-25 13:30:00+08:00,3724.7
2025-07-25 13:40:00+08:00,3742.0
2025-07-25 13:50:00+08:00,3736.8
2025-07-25 14:00:00+08:00,3742.5
2025-07-25 14:10:00+08:00,3737.0
2025-07-25 14:20:00+08:00,3729.3
2025-07-25 14:30:00+08:00,3712.3
2025-07-25 14:40:00+08:00,3720.5
2025-07-25 14:50:00+08:00,3710.5
2025-07-25 15:00:00+08:00,3683.3
2025-07-25 15:10:00+08:00,3683.2
2025-07-25 15:20:00+08:00,3681.4
2025-07-25 15:30:00+08:00,3639.2
2025-07-25 15:40:00+08:00,3645.9
2025-07-25 15:50:00+08:00,3616.4
2025-07-25 16:00:00+08:00,3612.5
2025-07-25 16:10:00+08:00,3590.5
2025-07-25 16:20:00+08:00,3579.3
2025-07-25 16:30:00+08:00,3567.7
2025-07-25 16:40:00+08:00,3550.0
2025-07-25 16:50:00+08:00,3529.9
2025-07-25 17:00:00+08:00,3482.6
2025-07-25 17:10:00+08:00,3415.6
2025-07-25 17:20:00+08:00,3406.7
2025-07-25 17:30:00+08:00,3403.4
2025-07-25 17:40:00+08:00,3390.1
2025-07-25 17:50:00+08:00,3381.3
2025-07-25 18:00:00+08:00,3383.5
2025-07-25 18:10:00+08:00,3370.9
2025-07-25 18:20:00+08:00,3359.1
2025-07-25 18:30:00+08:00,3403.8
2025-07-25 18:40:00+08:00,3404.2
2025-07-25 18:50:00+08:00,3414.0
2025-07-25 19:00:00+08:00,3412.9
2025-07-25 19:10:00+08:00,3400.6
2025-07-25 19:20:00+08:00,3391.2
2025-07-25 19:30:00+08:00,3382.6
2025-07-25 19:40:00+08:00,3371.3
2025-07-25 19:50:00+08:00,3363.4
2025-07-25 20:00:00+08:00,3358.4
2025-07-25 20:10:00+08:00,3340.9
2025-07-25 20:20:00+08:00,3327.4
2025-07-25 20:30:00+08:00,3326.1
2025-07-25 20:40:00+08:00,3317.3
2025-07-25 20:50:00+08:00,3301.2
2025-07-25 21:00:00+08:00,3287.4
2025-07-25 21:10:00+08:00,3276.2
2025-07-25 21:20:00+08:00,3268.9
2025-07-25 21:30:00+08:00,3262.1
2025-07-25 21:40:00+08:00,3254.6
2025-07-25 21:50:00+08:00,3253.1
2025-07-25 22:00:00+08:00,3226.7
2025-07-25 22:10:00+08:00,3251.3
2025-07-25 22:20:00+08:00,3250.7
2025-07-25 22:30:00+08:00,3248.5
2025-07-25 22:40:00+08:00,3222.0
2025-07-25 22:50:00+08:00,3197.7
2025-07-25 23:00:00+08:00,3156.2
2025-07-25 23:10:00+08:00,3148.7
2025-07-25 23:20:00+08:00,3120.2
2025-07-25 23:30:00+08:00,3098.9
2025-07-25 23:40:00+08:00,3084.2
2025-07-25 23:50:00+08:00,3043.5
2025-07-26 00:00:00+08:00,3008.5
2025-07-26 00:10:00+08:00,3046.6
2025-07-26 00:20:00+08:00,3021.2
2025-07-26 00:30:00+08:00,2994.6
2025-07-26 00:40:00+08:00,3011.4
2025-07-26 00:50:00+08:00,2978.7
2025-07-26 01:00:00+08:00,2945.8
2025-07-26 01:10:00+08:00,2958.7
2025-07-26 01:20:00+08:00,2908.2
2025-07-26 01:30:00+08:00,2889.9
2025-07-26 01:40:00+08:00,2875.0
2025-07-26 01:50:00+08:00,2854.8
2025-07-26 02:00:00+08:00,2849.4
2025-07-26 02:10:00+08:00,2813.8
2025-07-26 02:20:00+08:00,2832.6
2025-07-26 02:30:00+08:00,2808.8
2025-07-26 02:40:00+08:00,2805.3
2025-07-26 02:50:00+08:00,2752.0
2025-07-26 03:00:00+08:00,2779.1
2025-07-26 03:10:00+08:00,2764.7
2025-07-26 03:20:00+08:00,2734.8
2025-07-26 03:30:00+08:00,2746.1
2025-07-26 03:40:00+08:00,2718.9
2025-07-26 03:50:00+08:00,2740.1
2025-07-26 04:00:00+08:00,2714.1
2025-07-26 04:10:00+08:00,2703.9
2025-07-26 04:20:00+08:00,2711.5
2025-07-26 04:30:00+08:00,2703.5
2025-07-26 04:40:00+08:00,2681.1
2025-07-26 04:50:00+08:00,2685.1
2025-07-26 05:00:00+08:00,2679.3
2025-07-26 05:10:00+08:00,2692.7
2025-07-26 05:20:00+08:00,2652.1
2025-07-26 05:30:00+08:00,2670.6
2025-07-26 05:40:00+08:00,2682.8
2025-07-26 05:50:00+08:00,2656.8
2025-07-26 06:00:00+08:00,2668.8
2025-07-26 06:10:00+08:00,2674.9
2025-07-26 06:20:00+08:00,2666.3
2025-07-26 06:30:00+08:00,2662.7
2025-07-26 06:40:00+08:00,2692.2
2025-07-26 06:50:00+08:00,2659.0
2025-07-26 07:00:00+08:00,2685.9
2025-07-26 07:10:00+08:00,2699.0
2025-07-26 07:20:00+08:00,2712.7
2025-07-26 07:30:00+08:00,2722.1
2025-07-26 07:40:00+08:00,2746.1
2025-07-26 07:50:00+08:00,2742.6
2025-07-26 08:00:00+08:00,2780.8
2025-07-26 08:10:00+08:00,2828.8
2025-07-26 08:20:00+08:00,2841.1
2025-07-26 08:30:00+08:00,2874.5
2025-07-26 08:40:00+08:00,2883.3
2025-07-26 08:50:00+08:00,2890.8
2025-07-26 09:00:00+08:00,2956.3
2025-07-26 09:10:00+08:00,2980.8
2025-07-26 09:20:00+08:00,2998.0
2025-07-26 09:30:00+08:00,3004.6
2025-07-26 09:40:00+08:00,3019.8
2025-07-26 09:50:00+08:00,3027.9
2025-07-26 10:00:00+08:00,3051.2
2025-07-26 10:10:00+08:00,3088.6
2025-07-26 10:20:00+08:00,3085.8
2025-07-26 10:30:00+08:00,3096.9
2025-07-26 10:40:00+08:00,3141.6
2025-07-26 10:50:00+08:00,3121.1
2025-07-26 11:00:00+08:00,3147.9
2025-07-26 11:10:00+08:00,3184.5
2025-07-26 11:20:00+08:00,3175.1
2025-07-26 11:30:00+08:00,3158.3
2025-07-26 11:40:00+08:00,3175.7
2025-07-26 11:50:00+08:00,3163.3
2025-07-26 12:00:00+08:00,3164.8
2025-07-26 12:10:00+08:00,3180.8
2025-07-26 12:20:00+08:00,3169.3
2025-07-26 12:30:00+08:00,3148.3
2025-07-26 12:40:00+08:00,3198.7
2025-07-26 12:50:00+08:00,3199.8
2025-07-26 13:00:00+08:00,3206.2
2025-07-26 13:10:00+08:00,3225.4
2025-07-26 13:20:00+08:00,3239.4
2025-07-26 13:30:00+08:00,3254.9
2025-07-26 13:40:00+08:00,3299.6
2025-07-26 13:50:00+08:00,3258.9
2025-07-26 14:00:00+08:00,3253.6
2025-07-26 14:10:00+08:00,3269.5
2025-07-26 14:20:00+08:00,3270.2
2025-07-26 14:30:00+08:00,3241.5
2025-07-26 14:40:00+08:00,3259.5
2025-07-26 14:50:00+08:00,3234.8
2025-07-26 15:00:00+08:00,3263.0
2025-07-26 15:10:00+08:00,3263.1
2025-07-26 15:20:00+08:00,3262.8
2025-07-26 15:30:00+08:00,3285.0
2025-07-26 15:40:00+08:00,3259.5
2025-07-26 15:50:00+08:00,3270.0
2025-07-26 16:00:00+08:00,3307.6
2025-07-26 16:10:00+08:00,3276.8
2025-07-26 16:20:00+08:00,3272.3
2025-07-26 16:30:00+08:00,3233.7
2025-07-26 16:40:00+08:00,3243.9
2025-07-26 16:50:00+08:00,3248.7
2025-07-26 17:00:00+08:00,3247.6
2025-07-26 17:10:00+08:00,3253.7
2025-07-26 17:20:00+08:00,3254.5
2025-07-26 17:30:00+08:00,3222.8
2025-07-26 17:40:00+08:00,3235.2
2025-07-26 17:50:00+08:00,3225.3
2025-07-26 18:00:00+08:00,3246.0
2025-07-26 18:10:00+08:00,3250.0
2025-07-26 18:20:00+08:00,3229.0
2025-07-26 18:30:00+08:00,3235.2
2025-07-26 18:40:00+08:00,3261.1
2025-07-26 18:50:00+08:00,3261.7
2025-07-26 19:00:00+08:00,3285.8
2025-07-26 19:10:00+08:00,3287.5
2025-07-26 19:20:00+08:00,3259.0
2025-07-26 19:30:00+08:00,3290.5
2025-07-26 19:40:00+08:00,3261.9
2025-07-26 19:50:00+08:00,3272.3
2025-07-26 20:00:00+08:00,3246.1
2025-07-26 20:10:00+08:00,3241.9
2025-07-26 20:20:00+08:00,3255.0
2025-07-26 20:30:00+08:00,3242.3
2025-07-26 20:40:00+08:00,3221.5
2025-07-26 20:50:00+08:00,3240.0
2025-07-26 21:00:00+08:00,3216.9
2025-07-26 21:10:00+08:00,3217.8
2025-07-26 21:20:00+08:00,3231.3
2025-07-26 21:30:00+08:00,3235.0
2025-07-26 21:40:00+08:00,3234.8
2025-07-26 21:50:00+08:00,3204.4
2025-07-26 22:00:00+08:00,3202.4
2025-07-26 22:10:00+08:00,3170.8
2025-07-26 22:20:00+08:00,3161.2
2025-07-26 22:30:00+08:00,3137.4
2025-07-26 22:40:00+08:00,3126.4
2025-07-26 22:50:00+08:00,3119.1
2025-07-26 23:00:00+08:00,3107.0
2025-07-26 23:10:00+08:00,3047.1
2025-07-26 23:20:00+08:00,3035.2
2025-07-26 23:30:00+08:00,3030.5
2025-07-26 23:40:00+08:00,3013.6
2025-07-26 23:50:00+08:00,2981.1
2025-07-27 00:00:00+08:00,2970.5
2025-07-27 00:10:00+08:00,2938.1
2025-07-27 00:20:00+08:00,2936.1
2025-07-27 00:30:00+08:00,2911.1
2025-07-27 00:40:00+08:00,2900.5
2025-07-27 00:50:00+08:00,2893.0
2025-07-27 01:00:00+08:00,2875.1
2025-07-27 01:10:00+08:00,2858.0
2025-07-27 01:20:00+08:00,2822.9
2025-07-27 01:30:00+08:00,2807.1
2025-07-27 01:40:00+08:00,2795.2
2025-07-27 01:50:00+08:00,2781.0
2025-07-27 02:00:00+08:00,2755.6
2025-07-27 02:10:00+08:00,2762.4
2025-07-27 02:20:00+08:00,2735.4
2025-07-27 02:30:00+08:00,2739.3
2025-07-27 02:40:00+08:00,2716.7
2025-07-27 02:50:00+08:00,2702.5
2025-07-27 03:00:00+08:00,2686.1
2025-07-27 03:10:00+08:00,2700.6
2025-07-27 03:20:00+08:00,2666.6
2025-07-27 03:30:00+08:00,2658.5
2025-07-27 03:40:00+08:00,2662.2
2025-07-27 03:50:00+08:00,2647.3
2025-07-27 04:00:00+08:00,2631.5
2025-07-27 04:10:00+08:00,2629.7
2025-07-27 04:20:00+08:00,2623.8
2025-07-27 04:30:00+08:00,2624.3
2025-07-27 04:40:00+08:00,2622.3
2025-07-27 04:50:00+08:00,2625.5
2025-07-27 05:00:00+08:00,2603.4
2025-07-27 05:10:00+08:00,2599.9
2025-07-27 05:20:00+08:00,2608.1
2025-07-27 05:30:00+08:00,2582.8
2025-07-27 05:40:00+08:00,2589.6
2025-07-27 05:50:00+08:00,2564.2
2025-07-27 06:00:00+08:00,2566.9
2025-07-27 06:10:00+08:00,2576.3
2025-07-27 06:20:00+08:00,2557.7
2025-07-27 06:30:00+08:00,2547.1
2025-07-27 06:40:00+08:00,2577.7
2025-07-27 06:50:00+08:00,2560.6
2025-07-27 07:00:00+08:00,2586.9
2025-07-27 07:10:00+08:00,2587.6
2025-07-27 07:20:00+08:00,2592.0
2025-07-27 07:30:00+08:00,2598.7
2025-07-27 07:40:00+08:00,2610.3
2025-07-27 07:50:00+08:00,2642.6
2025-07-27 08:00:00+08:00,2629.8
2025-07-27 08:10:00+08:00,2662.8
2025-07-27 08:20:00+08:00,2712.2
2025-07-27 08:30:00+08:00,2747.9
2025-07-27 08:40:00+08:00,2768.0
2025-07-27 08:50:00+08:00,2802.7
2025-07-27 09:00:00+08:00,2825.7
2025-07-27 09:10:00+08:00,2863.0
2025-07-27 09:20:00+08:00,2858.2
2025-07-27 09:30:00+08:00,2861.9
2025-07-27 09:40:00+08:00,2864.8
2025-07-27 09:50:00+08:00,2934.1
2025-07-27 10:00:00+08:00,2951.9
2025-07-27 10:10:00+08:00,2956.7
2025-07-27 10:20:00+08:00,2967.3
2025-07-27 10:30:00+08:00,2979.5
2025-07-27 10:40:00+08:00,2979.0
2025-07-27 10:50:00+08:00,3027.7
2025-07-27 11:00:00+08:00,3061.7
2025-07-27 11:10:00+08:00,3032.6
2025-07-27 11:20:00+08:00,3029.7
2025-07-27 11:30:00+08:00,3039.6
2025-07-27 11:40:00+08:00,3072.4
2025-07-27 11:50:00+08:00,3084.9
2025-07-27 12:00:00+08:00,3079.8
2025-07-27 12:10:00+08:00,3066.5
2025-07-27 12:20:00+08:00,3076.8
2025-07-27 12:30:00+08:00,3079.6
2025-07-27 12:40:00+08:00,3108.5
2025-07-27 12:50:00+08:00,3134.3
2025-07-27 13:00:00+08:00,3108.1
2025-07-27 13:10:00+08:00,3117.4
2025-07-27 13:20:00+08:00,3099.7
2025-07-27 13:30:00+08:00,3139.8
2025-07-27 13:40:00+08:00,3116.5
2025-07-27 13:50:00+08:00,3137.7
2025-07-27 14:00:00+08:00,3127.2
2025-07-27 14:10:00+08:00,3148.2
2025-07-27 14:20:00+08:00,3129.2
2025-07-27 14:30:00+08:00,3126.5
2025-07-27 14:40:00+08:00,3134.1
2025-07-27 14:50:00+08:00,3122.2
2025-07-27 15:00:00+08:00,3117.0
2025-07-27 15:10:00+08:00,3107.2
2025-07-27 15:20:00+08:00,3119.9
2025-07-27 15:30:00+08:00,3108.7
2025-07-27 15:40:00+08:00,3135.2
2025-07-27 15:50:00+08:00,3150.2
2025-07-27 16:00:00+08:00,3133.3
2025-07-27 16:10:00+08:00,3162.4
2025-07-27 16:20:00+08:00,3134.8
2025-07-27 16:30:00+08:00,3148.0
2025-07-27 16:40:00+08:00,3114.6
2025-07-27 16:50:00+08:00,3145.1
2025-07-27 17:00:00+08:00,3157.3
2025-07-27 17:10:00+08:00,3147.9
2025-07-27 17:20:00+08:00,3148.5
2025-07-27 17:30:00+08:00,3167.0
2025-07-27 17:40:00+08:00,3166.4
2025-07-27 17:50:00+08:00,3182.8
2025-07-27 18:00:00+08:00,3185.8
2025-07-27 18:10:00+08:00,3199.1
2025-07-27 18:20:00+08:00,3186.1
2025-07-27 18:30:00+08:00,3171.3
2025-07-27 18:40:00+08:00,3204.6
2025-07-27 18:50:00+08:00,3222.4
2025-07-27 19:00:00+08:00,3241.2
2025-07-27 19:10:00+08:00,3232.6
2025-07-27 19:20:00+08:00,3253.5
2025-07-27 19:30:00+08:00,3249.5
2025-07-27 19:40:00+08:00,3246.1
2025-07-27 19:50:00+08:00,3232.0
2025-07-27 20:00:00+08:00,3236.9
2025-07-27 20:10:00+08:00,3245.5
2025-07-27 20:20:00+08:00,3213.9
2025-07-27 20:30:00+08:00,3232.0
2025-07-27 20:40:00+08:00,3209.8
2025-07-27 20:50:00+08:00,3255.3
2025-07-27 21:00:00+08:00,3250.4
2025-07-27 21:10:00+08:00,3224.5
2025-07-27 21:20:00+08:00,3232.8
2025-07-27 21:30:00+08:00,3219.9
2025-07-27 21:40:00+08:00,3183.1
2025-07-27 21:50:00+08:00,3181.6
2025-07-27 22:00:00+08:00,3168.4
2025-07-27 22:10:00+08:00,3157.1
2025-07-27 22:20:00+08:00,3111.4
2025-07-27 22:30:00+08:00,3098.9
2025-07-27 22:40:00+08:00,3070.7
2025-07-27 22:50:00+08:00,3066.6
2025-07-27 23:00:00+08:00,3027.5
2025-07-27 23:10:00+08:00,3005.7
2025-07-27 23:20:00+08:00,2976.8
2025-07-27 23:30:00+08:00,2959.6
2025-07-27 23:40:00+08:00,2921.7
2025-07-27 23:50:00+08:00,2909.7
2025-07-28 00:00:00+08:00,2870.6
2025-07-28 00:10:00+08:00,2845.8
2025-07-28 00:20:00+08:00,2839.5
2025-07-28 00:30:00+08:00,2802.3
2025-07-28 00:40:00+08:00,2811.9
2025-07-28 00:50:00+08:00,2780.4
2025-07-28 01:00:00+08:00,2780.5
2025-07-28 01:10:00+08:00,2740.8
2025-07-28 01:20:00+08:00,2735.1
2025-07-28 01:30:00+08:00,2715.9
2025-07-28 01:40:00+08:00,2701.8
2025-07-28 01:50:00+08:00,2696.8
2025-07-28 02:00:00+08:00,2656.6
2025-07-28 02:10:00+08:00,2646.0
2025-07-28 02:20:00+08:00,2638.7
2025-07-28 02:30:00+08:00,2608.9
2025-07-28 02:40:00+08:00,2597.6
2025-07-28 02:50:00+08:00,2598.1
2025-07-28 03:00:00+08:00,2585.7
2025-07-28 03:10:00+08:00,2599.5
2025-07-28 03:20:00+08:00,2578.6
2025-07-28 03:30:00+08:00,2560.1
2025-07-28 03:40:00+08:00,2571.5
2025-07-28 03:50:00+08:00,2566.3
2025-07-28 04:00:00+08:00,2544.0
2025-07-28 04:10:00+08:00,2549.0
2025-07-28 04:20:00+08:00,2544.8
2025-07-28 04:30:00+08:00,2553.5
2025-07-28 04:40:00+08:00,2530.7
2025-07-28 04:50:00+08:00,2538.4
2025-07-28 05:00:00+08:00,2544.0
2025-07-28 05:10:00+08:00,2555.4
2025-07-28 05:20:00+08:00,2548.6
2025-07-28 05:30:00+08:00,2537.6
2025-07-28 05:40:00+08:00,2548.1
2025-07-28 05:50:00+08:00,2541.9
2025-07-28 06:00:00+08:00,2564.6
2025-07-28 06:10:00+08:00,2592.1
2025-07-28 06:20:00+08:00,2583.3
2025-07-28 06:30:00+08:00,2593.0
2025-07-28 06:40:00+08:00,2641.7
2025-07-28 06:50:00+08:00,2638.9
2025-07-28 07:00:00+08:00,2696.5
2025-07-28 07:10:00+08:00,2734.1
2025-07-28 07:20:00+08:00,2785.5
2025-07-28 07:30:00+08:00,2815.4
2025-07-28 07:40:00+08:00,2884.5
2025-07-28 07:50:00+08:00,2929.8
2025-07-28 08:00:00+08:00,3042.2
2025-07-28 08:10:00+08:00,3166.3
2025-07-28 08:20:00+08:00,3242.2
2025-07-28 08:30:00+08:00,3305.4
2025-07-28 08:40:00+08:00,3357.4
2025-07-28 08:50:00+08:00,3356.5
2025-07-28 09:00:00+08:00,3393.0
2025-07-28 09:10:00+08:00,3436.2
2025-07-28 09:20:00+08:00,3441.6
2025-07-28 09:30:00+08:00,3435.4
2025-07-28 09:40:00+08:00,3444.5
2025-07-28 09:50:00+08:00,3505.6
2025-07-28 10:00:00+08:00,3542.9
2025-07-28 10:10:00+08:00,3514.6
2025-07-28 10:20:00+08:00,3514.6
2025-07-28 10:30:00+08:00,3565.6
2025-07-28 10:40:00+08:00,3613.8
2025-07-28 10:50:00+08:00,3602.1
2025-07-28 11:00:00+08:00,3621.2
2025-07-28 11:10:00+08:00,3671.2
2025-07-28 11:20:00+08:00,3653.7
2025-07-28 11:30:00+08:00,3663.8
2025-07-28 11:40:00+08:00,3675.4
2025-07-28 11:50:00+08:00,3688.3
2025-07-28 12:00:00+08:00,3620.9
2025-07-28 12:10:00+08:00,3541.8
2025-07-28 12:20:00+08:00,3512.3
2025-07-28 12:30:00+08:00,3518.5
2025-07-28 12:40:00+08:00,3543.2
2025-07-28 12:50:00+08:00,3508.4
2025-07-28 13:00:00+08:00,3531.0
2025-07-28 13:10:00+08:00,3650.1
2025-07-28 13:20:00+08:00,3667.6
2025-07-28 13:30:00+08:00,3664.9
2025-07-28 13:40:00+08:00,3676.5
2025-07-28 13:50:00+08:00,3696.9
2025-07-28 14:00:00+08:00,3684.2
2025-07-28 14:10:00+08:00,3664.3
2025-07-28 14:20:00+08:00,3623.3
2025-07-28 14:30:00+08:00,3624.0
2025-07-28 14:40:00+08:00,3612.2
2025-07-28 14:50:00+08:00,3594.3
2025-07-28 15:00:00+08:00,3576.2
2025-07-28 15:10:00+08:00,3602.7
2025-07-28 15:20:00+08:00,3566.5
2025-07-28 15:30:00+08:00,3575.1
2025-07-28 15:40:00+08:00,3586.4
2025-07-28 15:50:00+08:00,3573.4
2025-07-28 16:00:00+08:00,3544.8
2025-07-28 16:10:00+08:00,3523.4
2025-07-28 16:20:00+08:00,3507.8
2025-07-28 16:30:00+08:00,3489.7
2025-07-28 16:40:00+08:00,3487.4
2025-07-28 16:50:00+08:00,3473.3
2025-07-28 17:00:00+08:00,3431.1
2025-07-28 17:10:00+08:00,3391.8
2025-07-28 17:20:00+08:00,3396.4
2025-07-28 17:30:00+08:00,3381.8
2025-07-28 17:40:00+08:00,3377.8
2025-07-28 17:50:00+08:00,3384.2
2025-07-28 18:00:00+08:00,3374.3
2025-07-28 18:10:00+08:00,3357.3
2025-07-28 18:20:00+08:00,3368.1
2025-07-28 18:30:00+08:00,3369.5
2025-07-28 18:40:00+08:00,3371.4
2025-07-28 18:50:00+08:00,3378.5
2025-07-28 19:00:00+08:00,3372.3
2025-07-28 19:10:00+08:00,3368.5
2025-07-28 19:20:00+08:00,3349.1
2025-07-28 19:30:00+08:00,3342.0
2025-07-28 19:40:00+08:00,3326.9
2025-07-28 19:50:00+08:00,3326.6
2025-07-28 20:00:00+08:00,3313.4
2025-07-28 20:10:00+08:00,3286.6
2025-07-28 20:20:00+08:00,3286.3
2025-07-28 20:30:00+08:00,3278.1
2025-07-28 20:40:00+08:00,3253.1
2025-07-28 20:50:00+08:00,3244.1
2025-07-28 21:00:00+08:00,3215.9
2025-07-28 21:10:00+08:00,3197.4
2025-07-28 21:20:00+08:00,3192.1
2025-07-28 21:30:00+08:00,3172.7
2025-07-28 21:40:00+08:00,3170.3
2025-07-28 21:50:00+08:00,3172.8
2025-07-28 22:00:00+08:00,3128.1
2025-07-28 22:10:00+08:00,3132.0
2025-07-28 22:20:00+08:00,3127.0
2025-07-28 22:30:00+08:00,3100.5
2025-07-28 22:40:00+08:00,3081.0
2025-07-28 22:50:00+08:00,3071.4
2025-07-28 23:00:00+08:00,3030.9
2025-07-28 23:10:00+08:00,2997.8
2025-07-28 23:20:00+08:00,2980.9
2025-07-28 23:30:00+08:00,2958.7
2025-07-28 23:40:00+08:00,2949.0
2025-07-28 23:50:00+08:00,2915.9
2025-07-29 00:00:00+08:00,2879.9
2025-07-29 00:10:00+08:00,2902.9
2025-07-29 00:20:00+08:00,2884.9
2025-07-29 00:30:00+08:00,2853.8
2025-07-29 00:40:00+08:00,2841.2
2025-07-29 00:50:00+08:00,2841.1
2025-07-29 01:00:00+08:00,2824.9
2025-07-29 01:10:00+08:00,2812.0
2025-07-29 01:20:00+08:00,2782.0
2025-07-29 01:30:00+08:00,2759.0
2025-07-29 01:40:00+08:00,2756.3
2025-07-29 01:50:00+08:00,2746.6
2025-07-29 02:00:00+08:00,2710.3
2025-07-29 02:10:00+08:00,2712.7
2025-07-29 02:20:00+08:00,2707.3
2025-07-29 02:30:00+08:00,2675.1
2025-07-29 02:40:00+08:00,2692.2
2025-07-29 02:50:00+08:00,2673.9
2025-07-29 03:00:00+08:00,2652.5
2025-07-29 03:10:00+08:00,2662.5
2025-07-29 03:20:00+08:00,2637.0
2025-07-29 03:30:00+08:00,2647.2
2025-07-29 03:40:00+08:00,2645.4
2025-07-29 03:50:00+08:00,2637.8
2025-07-29 04:00:00+08:00,2615.4
2025-07-29 04:10:00+08:00,2626.6
2025-07-29 04:20:00+08:00,2612.9
2025-07-29 04:30:00+08:00,2618.5
2025-07-29 04:40:00+08:00,2607.1
2025-07-29 04:50:00+08:00,2618.3
2025-07-29 05:00:00+08:00,2609.0
2025-07-29 05:10:00+08:00,2610.0
2025-07-29 05:20:00+08:00,2610.3
2025-07-29 05:30:00+08:00,2587.9
2025-07-29 05:40:00+08:00,2609.5
2025-07-29 05:50:00+08:00,2593.4
2025-07-29 06:00:00+08:00,2610.8
2025-07-29 06:10:00+08:00,2615.1
2025-07-29 06:20:00+08:00,2640.6
2025-07-29 06:30:00+08:00,2653.4
2025-07-29 06:40:00+08:00,2658.4
2025-07-29 06:50:00+08:00,2674.4
2025-07-29 07:00:00+08:00,2695.4
2025-07-29 07:10:00+08:00,2726.4
2025-07-29 07:20:00+08:00,2765.6
2025-07-29 07:30:00+08:00,2769.4
2025-07-29 07:40:00+08:00,2828.9
2025-07-29 07:50:00+08:00,2870.4
2025-07-29 08:00:00+08:00,2954.5
2025-07-29 08:10:00+08:00,3058.5
2025-07-29 08:20:00+08:00,3122.5
2025-07-29 08:30:00+08:00,3154.8
2025-07-29 08:40:00+08:00,3180.9
2025-07-29 08:50:00+08:00,3213.2
2025-07-29 09:00:00+08:00,3221.1
2025-07-29 09:10:00+08:00,3259.8
2025-07-29 09:20:00+08:00,3288.2
2025-07-29 09:30:00+08:00,3288.7
2025-07-29 09:40:00+08:00,3348.3
2025-07-29 09:50:00+08:00,3334.7
2025-07-29 10:00:00+08:00,3324.0
2025-07-29 10:10:00+08:00,3366.6
2025-07-29 10:20:00+08:00,3433.9
2025-07-29 10:30:00+08:00,3421.1
2025-07-29 10:40:00+08:00,3429.3
2025-07-29 10:50:00+08:00,3423.2
2025-07-29 11:00:00+08:00,3443.2
2025-07-29 11:10:00+08:00,3463.3
2025-07-29 11:20:00+08:00,3459.7
2025-07-29 11:30:00+08:00,3471.2
2025-07-29 11:40:00+08:00,3474.0
2025-07-29 11:50:00+08:00,3459.2
2025-07-29 12:00:00+08:00,3414.6
2025-07-29 12:10:00+08:00,3367.4
2025-07-29 12:20:00+08:00,3350.1
2025-07-29 12:30:00+08:00,3354.2
2025-07-29 12:40:00+08:00,3343.3
2025-07-29 12:50:00+08:00,3397.6
2025-07-29 13:00:00+08:00,3422.0
2025-07-29 13:10:00+08:00,3497.8
2025-07-29 13:20:00+08:00,3501.5
2025-07-29 13:30:00+08:00,3518.2
2025-07-29 13:40:00+08:00,3521.8
2025-07-29 13:50:00+08:00,3545.5
2025-07-29 14:00:00+08:00,3546.8
2025-07-29 14:10:00+08:00,3523.4
2025-07-29 14:20:00+08:00,3537.3
2025-07-29 14:30:00+08:00,3556.1
2025-07-29 14:40:00+08:00,3544.4
2025-07-29 14:50:00+08:00,3534.9
2025-07-29 15:00:00+08:00,3526.4
2025-07-29 15:10:00+08:00,3549.8
2025-07-29 15:20:00+08:00,3535.0
2025-07-29 15:30:00+08:00,3539.8
2025-07-29 15:40:00+08:00,3523.8
2025-07-29 15:50:00+08:00,3514.0
2025-07-29 16:00:00+08:00,3508.5
2025-07-29 16:10:00+08:00,3502.3
2025-07-29 16:20:00+08:00,3501.1
2025-07-29 16:30:00+08:00,3505.4
2025-07-29 16:40:00+08:00,3494.6
2025-07-29 16:50:00+08:00,3464.3
2025-07-29 17:00:00+08:00,3440.2
2025-07-29 17:10:00+08:00,3390.6
2025-07-29 17:20:00+08:00,3384.6
2025-07-29 17:30:00+08:00,3389.6
2025-07-29 17:40:00+08:00,3383.8
2025-07-29 17:50:00+08:00,3375.7
2025-07-29 18:00:00+08:00,3377.6
2025-07-29 18:10:00+08:00,3365.5
2025-07-29 18:20:00+08:00,3367.9
2025-07-29 18:30:00+08:00,3365.0
2025-07-29 18:40:00+08:00,3364.9
2025-07-29 18:50:00+08:00,3380.1
2025-07-29 19:00:00+08:00,3376.1
2025-07-29 19:10:00+08:00,3358.3
2025-07-29 19:20:00+08:00,3358.2
2025-07-29 19:30:00+08:00,3357.5
2025-07-29 19:40:00+08:00,3343.7
2025-07-29 19:50:00+08:00,3335.7
2025-07-29 20:00:00+08:00,3328.4
2025-07-29 20:10:00+08:00,3318.6
2025-07-29 20:20:00+08:00,3311.7
2025-07-29 20:30:00+08:00,3300.7
2025-07-29 20:40:00+08:00,3290.0
2025-07-29 20:50:00+08:00,3277.7
2025-07-29 21:00:00+08:00,3254.7
2025-07-29 21:10:00+08:00,3227.5
2025-07-29 21:20:00+08:00,3222.1
2025-07-29 21:30:00+08:00,3211.5
2025-07-29 21:40:00+08:00,3195.2
2025-07-29 21:50:00+08:00,3182.6
2025-07-29 22:00:00+08:00,3170.6
2025-07-29 22:10:00+08:00,3189.0
2025-07-29 22:20:00+08:00,3158.9
2025-07-29 22:30:00+08:00,3147.1
2025-07-29 22:40:00+08:00,3128.4
2025-07-29 22:50:00+08:00,3124.4
2025-07-29 23:00:00+08:00,3069.3
2025-07-29 23:10:00+08:00,3037.7
2025-07-29 23:20:00+08:00,3012.9
2025-07-29 23:30:00+08:00,3010.4
2025-07-29 23:40:00+08:00,2984.7
2025-07-29 23:50:00+08:00,2961.3
2025-07-30 00:00:00+08:00,2939.9
2025-07-30 00:10:00+08:00,2936.9
2025-07-30 00:20:00+08:00,2921.9
2025-07-30 00:30:00+08:00,2881.4
2025-07-30 00:40:00+08:00,2902.1
2025-07-30 00:50:00+08:00,2864.5
2025-07-30 01:00:00+08:00,2838.0
2025-07-30 01:10:00+08:00,2832.2
2025-07-30 01:20:00+08:00,2814.8
2025-07-30 01:30:00+08:00,2797.7
2025-07-30 01:40:00+08:00,2782.4
2025-07-30 01:50:00+08:00,2787.9
2025-07-30 02:00:00+08:00,2734.4
2025-07-30 02:10:00+08:00,2745.5
2025-07-30 02:20:00+08:00,2750.7
2025-07-30 02:30:00+08:00,2710.0
2025-07-30 02:40:00+08:00,2726.5
2025-07-30 02:50:00+08:00,2694.5
2025-07-30 03:00:00+08:00,2695.8
2025-07-30 03:10:00+08:00,2674.8
2025-07-30 03:20:00+08:00,2689.3
2025-07-30 03:30:00+08:00,2663.1
2025-07-30 03:40:00+08:00,2664.7
2025-07-30 03:50:00+08:00,2664.9
2025-07-30 04:00:00+08:00,2649.0
2025-07-30 04:10:00+08:00,2657.2
2025-07-30 04:20:00+08:00,2654.6
2025-07-30 04:30:00+08:00,2655.3
2025-07-30 04:40:00+08:00,2667.5
2025-07-30 04:50:00+08:00,2654.7
2025-07-30 05:00:00+08:00,2649.6
2025-07-30 05:10:00+08:00,2662.1
2025-07-30 05:20:00+08:00,2644.8
2025-07-30 05:30:00+08:00,2652.8
2025-07-30 05:40:00+08:00,2646.1
2025-07-30 05:50:00+08:00,2663.5
2025-07-30 06:00:00+08:00,2652.4
2025-07-30 06:10:00+08:00,2709.6
2025-07-30 06:20:00+08:00,2691.2
2025-07-30 06:30:00+08:00,2717.1
2025-07-30 06:40:00+08:00,2735.4
2025-07-30 06:50:00+08:00,2760.2
2025-07-30 07:00:00+08:00,2775.1
2025-07-30 07:10:00+08:00,2844.8
2025-07-30 07:20:00+08:00,2874.8
2025-07-30 07:30:00+08:00,2916.9
2025-07-30 07:40:00+08:00,2976.6
2025-07-30 07:50:00+08:00,3049.9
2025-07-30 08:00:00+08:00,3155.5
2025-07-30 08:10:00+08:00,3265.2
2025-07-30 08:20:00+08:00,3324.4
2025-07-30 08:30:00+08:00,3386.3
2025-07-30 08:40:00+08:00,3434.6
2025-07-30 08:50:00+08:00,3447.2
2025-07-30 09:00:00+08:00,3473.7
2025-07-30 09:10:00+08:00,3497.1
2025-07-30 09:20:00+08:00,3524.3
2025-07-30 09:30:00+08:00,3549.1
2025-07-30 09:40:00+08:00,3578.2
2025-07-30 09:50:00+08:00,3571.3
2025-07-30 10:00:00+08:00,3571.0
2025-07-30 10:10:00+08:00,3585.8
2025-07-30 10:20:00+08:00,3625.9
2025-07-30 10:30:00+08:00,3618.7
2025-07-30 10:40:00+08:00,3675.2
2025-07-30 10:50:00+08:00,3681.3
2025-07-30 11:00:00+08:00,3717.1
2025-07-30 11:10:00+08:00,3701.4
2025-07-30 11:20:00+08:00,3742.2
2025-07-30 11:30:00+08:00,3743.6
2025-07-30 11:40:00+08:00,3740.2
2025-07-30 11:50:00+08:00,3757.1
2025-07-30 12:00:00+08:00,3665.2
2025-07-30 12:10:00+08:00,3595.0
2025-07-30 12:20:00+08:00,3568.1
2025-07-30 12:30:00+08:00,3568.3
2025-07-30 12:40:00+08:00,3594.9
2025-07-30 12:50:00+08:00,3604.4
2025-07-30 13:00:00+08:00,3590.0
2025-07-30 13:10:00+08:00,3688.6
2025-07-30 13:20:00+08:00,3746.2
2025-07-30 13:30:00+08:00,3759.3
2025-07-30 13:40:00+08:00,3714.1
2025-07-30 13:50:00+08:00,3747.5
2025-07-30 14:00:00+08:00,3735.0
2025-07-30 14:10:00+08:00,3748.4
2025-07-30 14:20:00+08:00,3735.5
2025-07-30 14:30:00+08:00,3750.2
2025-07-30 14:40:00+08:00,3709.4
2025-07-30 14:50:00+08:00,3750.5
2025-07-30 15:00:00+08:00,3756.8
2025-07-30 15:10:00+08:00,3756.5
2025-07-30 15:20:00+08:00,3736.4
2025-07-30 15:30:00+08:00,3735.5
2025-07-30 15:40:00+08:00,3727.8
2025-07-30 15:50:00+08:00,3707.3
2025-07-30 16:00:00+08:00,3726.0
2025-07-30 16:10:00+08:00,3720.8
2025-07-30 16:20:00+08:00,3696.3
2025-07-30 16:30:00+08:00,3687.6
2025-07-30 16:40:00+08:00,3685.6
2025-07-30 16:50:00+08:00,3650.5
2025-07-30 17:00:00+08:00,3592.7
2025-07-30 17:10:00+08:00,3586.1
2025-07-30 17:20:00+08:00,3554.1
2025-07-30 17:30:00+08:00,3541.4
2025-07-30 17:40:00+08:00,3541.8
2025-07-30 17:50:00+08:00,3537.0
2025-07-30 18:00:00+08:00,3529.9
2025-07-30 18:10:00+08:00,3528.9
2025-07-30 18:20:00+08:00,3533.0
2025-07-30 18:30:00+08:00,3518.6
2025-07-30 18:40:00+08:00,3533.5
2025-07-30 18:50:00+08:00,3527.2
2025-07-30 19:00:00+08:00,3522.6
2025-07-30 19:10:00+08:00,3519.7
2025-07-30 19:20:00+08:00,3505.1
2025-07-30 19:30:00+08:00,3489.5
2025-07-30 19:40:00+08:00,3463.8
2025-07-30 19:50:00+08:00,3471.4
2025-07-30 20:00:00+08:00,3449.4
2025-07-30 20:10:00+08:00,3426.4
2025-07-30 20:20:00+08:00,3425.8
2025-07-30 20:30:00+08:00,3410.9
2025-07-30 20:40:00+08:00,3398.1
2025-07-30 20:50:00+08:00,3380.0
2025-07-30 21:00:00+08:00,3366.1
2025-07-30 21:10:00+08:00,3336.7
2025-07-30 21:20:00+08:00,3329.4
2025-07-30 21:30:00+08:00,3317.9
2025-07-30 21:40:00+08:00,3333.1
2025-07-30 21:50:00+08:00,3321.6
2025-07-30 22:00:00+08:00,3300.4
2025-07-30 22:10:00+08:00,3306.7
2025-07-30 22:20:00+08:00,3315.2
2025-07-30 22:30:00+08:00,3301.4
2025-07-30 22:40:00+08:00,3253.0
2025-07-30 22:50:00+08:00,3232.8
2025-07-30 23:00:00+08:00,3223.0
2025-07-30 23:10:00+08:00,3188.6
2025-07-30 23:20:00+08:00,3167.0
2025-07-30 23:30:00+08:00,3141.6
2025-07-30 23:40:00+08:00,3102.6
2025-07-30 23:50:00+08:00,3089.4
2025-07-31 00:00:00+08:00,3057.4
2025-07-31 00:10:00+08:00,3058.7
2025-07-31 00:20:00+08:00,3054.7
2025-07-31 00:30:00+08:00,3000.5
2025-07-31 00:40:00+08:00,3011.8
2025-07-31 00:50:00+08:00,2974.7
2025-07-31 01:00:00+08:00,2965.4
2025-07-31 01:10:00+08:00,2937.9
2025-07-31 01:20:00+08:00,2914.1
2025-07-31 01:30:00+08:00,2905.6
2025-07-31 01:40:00+08:00,2870.0
2025-07-31 01:50:00+08:00,2865.7
2025-07-31 02:00:00+08:00,2858.7
2025-07-31 02:10:00+08:00,2834.2
2025-07-31 02:20:00+08:00,2826.1
2025-07-31 02:30:00+08:00,2811.7
2025-07-31 02:40:00+08:00,2805.9
2025-07-31 02:50:00+08:00,2795.3
2025-07-31 03:00:00+08:00,2775.8
2025-07-31 03:10:00+08:00,2763.5
2025-07-31 03:20:00+08:00,2753.1
2025-07-31 03:30:00+08:00,2749.7
2025-07-31 03:40:00+08:00,2718.2
2025-07-31 03:50:00+08:00,2748.9
2025-07-31 04:00:00+08:00,2715.8
2025-07-31 04:10:00+08:00,2711.7
2025-07-31 04:20:00+08:00,2717.0
2025-07-31 04:30:00+08:00,2718.7
2025-07-31 04:40:00+08:00,2708.2
2025-07-31 04:50:00+08:00,2722.5
2025-07-31 05:00:00+08:00,2710.7
2025-07-31 05:10:00+08:00,2695.0
2025-07-31 05:20:00+08:00,2705.8
2025-07-31 05:30:00+08:00,2682.3
2025-07-31 05:40:00+08:00,2686.4
2025-07-31 05:50:00+08:00,2692.8
2025-07-31 06:00:00+08:00,2719.0
2025-07-31 06:10:00+08:00,2743.6
2025-07-31 06:20:00+08:00,2750.3
2025-07-31 06:30:00+08:00,2740.8
2025-07-31 06:40:00+08:00,2776.9
2025-07-31 06:50:00+08:00,2799.3
2025-07-31 07:00:00+08:00,2831.1
2025-07-31 07:10:00+08:00,2862.3
2025-07-31 07:20:00+08:00,2862.3
2025-07-31 07:30:00+08:00,2945.7
2025-07-31 07:40:00+08:00,2974.1
2025-07-31 07:50:00+08:00,3052.6
2025-07-31 08:00:00+08:00,3147.5
2025-07-31 08:10:00+08:00,3287.8
2025-07-31 08:20:00+08:00,3324.8
2025-07-31 08:30:00+08:00,3377.6
2025-07-31 08:40:00+08:00,3426.9
2025-07-31 08:50:00+08:00,3449.6
2025-07-31 09:00:00+08:00,3476.6
2025-07-31 09:10:00+08:00,3479.2
2025-07-31 09:20:00+08:00,3566.0
2025-07-31 09:30:00+08:00,3570.5
2025-07-31 09:40:00+08:00,3572.0
2025-07-31 09:50:00+08:00,3570.7
2025-07-31 10:00:00+08:00,3580.7
2025-07-31 10:10:00+08:00,3583.4
2025-07-31 10:20:00+08:00,3626.6
2025-07-31 10:30:00+08:00,3663.6
2025-07-31 10:40:00+08:00,3655.8
2025-07-31 10:50:00+08:00,3664.7
2025-07-31 11:00:00+08:00,3680.7
2025-07-31 11:10:00+08:00,3688.0
2025-07-31 11:20:00+08:00,3692.2
2025-07-31 11:30:00+08:00,3701.7
2025-07-31 11:40:00+08:00,3706.5
2025-07-31 11:50:00+08:00,3669.5
2025-07-31 12:00:00+08:00,3618.3
2025-07-31 12:10:00+08:00,3554.5
2025-07-31 12:20:00+08:00,3563.4
2025-07-31 12:30:00+08:00,3547.2
2025-07-31 12:40:00+08:00,3554.3
2025-07-31 12:50:00+08:00,3601.5
2025-07-31 13:00:00+08:00,3646.4
2025-07-31 13:10:00+08:00,3697.2
2025-07-31 13:20:00+08:00,3723.1
2025-07-31 13:30:00+08:00,3695.2
2025-07-31 13:40:00+08:00,3702.7
2025-07-31 13:50:00+08:00,3712.4
2025-07-31 14:00:00+08:00,3693.5
2025-07-31 14:10:00+08:00,3665.4
2025-07-31 14:20:00+08:00,3695.6
2025-07-31 14:30:00+08:00,3727.8
2025-07-31 14:40:00+08:00,3719.0
2025-07-31 14:50:00+08:00,3731.2
2025-07-31 15:00:00+08:00,3737.6
2025-07-31 15:10:00+08:00,3724.8
2025-07-31 15:20:00+08:00,3720.9
2025-07-31 15:30:00+08:00,3741.4
2025-07-31 15:40:00+08:00,3706.7
2025-07-31 15:50:00+08:00,3693.0
2025-07-31 16:00:00+08:00,3672.0
2025-07-31 16:10:00+08:00,3660.8
2025-07-31 16:20:00+08:00,3674.0
2025-07-31 16:30:00+08:00,3657.4
2025-07-31 16:40:00+08:00,3637.0
2025-07-31 16:50:00+08:00,3636.2
2025-07-31 17:00:00+08:00,3578.8
2025-07-31 17:10:00+08:00,3538.2
2025-07-31 17:20:00+08:00,3525.0
2025-07-31 17:30:00+08:00,3504.4
2025-07-31 17:40:00+08:00,3506.0
2025-07-31 17:50:00+08:00,3512.5
2025-07-31 18:00:00+08:00,3494.7
2025-07-31 18:10:00+08:00,3478.7
2025-07-31 18:20:00+08:00,3481.6
2025-07-31 18:30:00+08:00,3495.2
2025-07-31 18:40:00+08:00,3495.0
2025-07-31 18:50:00+08:00,3495.6
2025-07-31 19:00:00+08:00,3503.4
2025-07-31 19:10:00+08:00,3477.8
2025-07-31 19:20:00+08:00,3482.7
2025-07-31 19:30:00+08:00,3470.9
2025-07-31 19:40:00+08:00,3458.7
2025-07-31 19:50:00+08:00,3464.1
2025-07-31 20:00:00+08:00,3455.6
2025-07-31 20:10:00+08:00,3435.4
2025-07-31 20:20:00+08:00,3428.9
2025-07-31 20:30:00+08:00,3411.6
2025-07-31 20:40:00+08:00,3390.7
2025-07-31 20:50:00+08:00,3382.5
2025-07-31 21:00:00+08:00,3362.7
2025-07-31 21:10:00+08:00,3335.5
2025-07-31 21:20:00+08:00,3325.7
2025-07-31 21:30:00+08:00,3317.1
2025-07-31 21:40:00+08:00,3300.1
2025-07-31 21:50:00+08:00,3287.9
2025-07-31 22:00:00+08:00,3273.0
2025-07-31 22:10:00+08:00,3285.5
2025-07-31 22:20:00+08:00,3278.1
2025-07-31 22:30:00+08:00,3252.8
2025-07-31 22:40:00+08:00,3208.8
2025-07-31 22:50:00+08:00,3222.2
2025-07-31 23:00:00+08:00,3155.8
2025-07-31 23:10:00+08:00,3143.0
2025-07-31 23:20:00+08:00,3124.6
2025-07-31 23:30:00+08:00,3100.8
2025-07-31 23:40:00+08:00,3066.3
2025-07-31 23:50:00+08:00,3046.0
2025-08-01 00:00:00+08:00,3012.1
2025-08-01 00:10:00+08:00,2992.4
2025-08-01 00:20:00+08:00,2993.5
2025-08-01 00:30:00+08:00,2979.2
2025-08-01 00:40:00+08:00,2975.4
2025-08-01 00:50:00+08:00,2950.9
2025-08-01 01:00:00+08:00,2933.3
2025-08-01 01:10:00+08:00,2893.0
2025-08-01 01:20:00+08:00,2904.5
2025-08-01 01:30:00+08:00,2886.9
2025-08-01 01:40:00+08:00,2841.4
2025-08-01 01:50:00+08:00,2855.7
2025-08-01 02:00:00+08:00,2827.4
2025-08-01 02:10:00+08:00,2804.2
2025-08-01 02:20:00+08:00,2799.8
2025-08-01 02:30:00+08:00,2789.9
2025-08-01 02:40:00+08:00,2784.3
2025-08-01 02:50:00+08:00,2774.0
2025-08-01 03:00:00+08:00,2751.2
2025-08-01 03:10:00+08:00,2746.6
2025-08-01 03:20:00+08:00,2726.2
2025-08-01 03:30:00+08:00,2717.4
2025-08-01 03:40:00+08:00,2725.2
2025-08-01 03:50:00+08:00,2715.2
2025-08-01 04:00:00+08:00,2714.5
2025-08-01 04:10:00+08:00,2702.2
2025-08-01 04:20:00+08:00,2683.4
2025-08-01 04:30:00+08:00,2678.8
2025-08-01 04:40:00+08:00,2659.8
2025-08-01 04:50:00+08:00,2669.1
2025-08-01 05:00:00+08:00,2674.5
2025-08-01 05:10:00+08:00,2682.4
2025-08-01 05:20:00+08:00,2678.5
2025-08-01 05:30:00+08:00,2677.9
2025-08-01 05:40:00+08:00,2676.8
2025-08-01 05:50:00+08:00,2678.9
2025-08-01 06:00:00+08:00,2711.5
2025-08-01 06:10:00+08:00,2711.3
2025-08-01 06:20:00+08:00,2739.5
2025-08-01 06:30:00+08:00,2727.4
2025-08-01 06:40:00+08:00,2745.2
2025-08-01 06:50:00+08:00,2775.6
2025-08-01 07:00:00+08:00,2782.0
2025-08-01 07:10:00+08:00,2840.1
2025-08-01 07:20:00+08:00,2893.7
2025-08-01 07:30:00+08:00,2915.7
2025-08-01 07:40:00+08:00,2944.8
2025-08-01 07:50:00+08:00,3035.1
2025-08-01 08:00:00+08:00,3127.5
2025-08-01 08:10:00+08:00,3244.9
2025-08-01 08:20:00+08:00,3324.7
2025-08-01 08:30:00+08:00,3361.7
2025-08-01 08:40:00+08:00,3392.4
2025-08-01 08:50:00+08:00,3444.8
2025-08-01 09:00:00+08:00,3444.9
2025-08-01 09:10:00+08:00,3458.5
2025-08-01 09:20:00+08:00,3498.2
2025-08-01 09:30:00+08:00,3518.0
2025-08-01 09:40:00+08:00,3544.6
2025-08-01 09:50:00+08:00,3583.0
2025-08-01 10:00:00+08:00,3594.8
2025-08-01 10:10:00+08:00,3592.4
2025-08-01 10:20:00+08:00,3626.1
2025-08-01 10:30:00+08:00,3638.5
2025-08-01 10:40:00+08:00,3659.1
2025-08-01 10:50:00+08:00,3679.9
2025-08-01 11:00:00+08:00,3688.4
2025-08-01 11:10:00+08:00,3730.0
2025-08-01 11:20:00+08:00,3723.3
2025-08-01 11:30:00+08:00,3713.3
2025-08-01 11:40:00+08:00,3711.4
2025-08-01 11:50:00+08:00,3703.1
2025-08-01 12:00:00+08:00,3657.6
2025-08-01 12:10:00+08:00,3633.0
2025-08-01 12:20:00+08:00,3606.2
2025-08-01 12:30:00+08:00,3595.8
2025-08-01 12:40:00+08:00,3578.9
2025-08-01 12:50:00+08:00,3577.9
2025-08-01 13:00:00+08:00,3549.6
2025-08-01 13:10:00+08:00,3681.2
2025-08-01 13:20:00+08:00,3744.3
2025-08-01 13:30:00+08:00,3740.8
2025-08-01 13:40:00+08:00,3705.4
2025-08-01 13:50:00+08:00,3713.4
2025-08-01 14:00:00+08:00,3755.6
2025-08-01 14:10:00+08:00,3758.1
2025-08-01 14:20:00+08:00,3756.1
2025-08-01 14:30:00+08:00,3737.9
2025-08-01 14:40:00+08:00,3679.6
2025-08-01 14:50:00+08:00,3693.2
2025-08-01 15:00:00+08:00,3659.0
2025-08-01 15:10:00+08:00,3648.2
2025-08-01 15:20:00+08:00,3709.5
2025-08-01 15:30:00+08:00,3717.0
2025-08-01 15:40:00+08:00,3665.2
2025-08-01 15:50:00+08:00,3667.6
2025-08-01 16:00:00+08:00,3633.8
2025-08-01 16:10:00+08:00,3611.4
2025-08-01 16:20:00+08:00,3587.2
2025-08-01 16:30:00+08:00,3590.5
2025-08-01 16:40:00+08:00,3563.9
2025-08-01 16:50:00+08:00,3533.7
2025-08-01 17:00:00+08:00,3481.8
2025-08-01 17:10:00+08:00,3454.3
2025-08-01 17:20:00+08:00,3446.1
2025-08-01 17:30:00+08:00,3443.3
2025-08-01 17:40:00+08:00,3433.8
2025-08-01 17:50:00+08:00,3428.3
2025-08-01 18:00:00+08:00,3419.0
2025-08-01 18:10:00+08:00,3405.4
2025-08-01 18:20:00+08:00,3416.8
2025-08-01 18:30:00+08:00,3417.6
2025-08-01 18:40:00+08:00,3411.8
2025-08-01 18:50:00+08:00,3409.5
2025-08-01 19:00:00+08:00,3410.8
2025-08-01 19:10:00+08:00,3401.3
2025-08-01 19:20:00+08:00,3393.4
2025-08-01 19:30:00+08:00,3383.3
2025-08-01 19:40:00+08:00,3372.3
2025-08-01 19:50:00+08:00,3364.4
2025-08-01 20:00:00+08:00,3353.2
2025-08-01 20:10:00+08:00,3327.6
2025-08-01 20:20:00+08:00,3326.3
2025-08-01 20:30:00+08:00,3321.0
2025-08-01 20:40:00+08:00,3298.7
2025-08-01 20:50:00+08:00,3299.4
2025-08-01 21:00:00+08:00,3285.4
2025-08-01 21:10:00+08:00,3264.5
2025-08-01 21:20:00+08:00,3244.6
2025-08-01 21:30:00+08:00,3229.2
2025-08-01 21:40:00+08:00,3222.8
2025-08-01 21:50:00+08:00,3220.8
2025-08-01 22:00:00+08:00,3195.1
2025-08-01 22:10:00+08:00,3217.4
2025-08-01 22:20:00+08:00,3197.5
2025-08-01 22:30:00+08:00,3186.5
2025-08-01 22:40:00+08:00,3164.6
2025-08-01 22:50:00+08:00,3145.0
2025-08-01 23:00:00+08:00,3122.2
2025-08-01 23:10:00+08:00,3075.8
2025-08-01 23:20:00+08:00,3072.8
2025-08-01 23:30:00+08:00,3041.0
2025-08-01 23:40:00+08:00,3010.9
2025-08-01 23:50:00+08:00,3019.8
2025-08-02 00:00:00+08:00,2980.3
2025-08-02 00:10:00+08:00,2967.9
2025-08-02 00:20:00+08:00,2974.7
2025-08-02 00:30:00+08:00,2951.7
2025-08-02 00:40:00+08:00,2960.2
2025-08-02 00:50:00+08:00,2922.8
2025-08-02 01:00:00+08:00,2900.5
2025-08-02 01:10:00+08:00,2889.5
2025-08-02 01:20:00+08:00,2862.9
2025-08-02 01:30:00+08:00,2859.2
2025-08-02 01:40:00+08:00,2804.6
2025-08-02 01:50:00+08:00,2805.5
2025-08-02 02:00:00+08:00,2814.2
2025-08-02 02:10:00+08:00,2799.6
2025-08-02 02:20:00+08:00,2790.3
2025-08-02 02:30:00+08:00,2746.7
2025-08-02 02:40:00+08:00,2739.9
2025-08-02 02:50:00+08:00,2739.5
2025-08-02 03:00:00+08:00,2736.9
2025-08-02 03:10:00+08:00,2720.8
2025-08-02 03:20:00+08:00,2691.0
2025-08-02 03:30:00+08:00,2709.3
2025-08-02 03:40:00+08:00,2685.9
2025-08-02 03:50:00+08:00,2682.7
2025-08-02 04:00:00+08:00,2674.9
2025-08-02 04:10:00+08:00,2666.1
2025-08-02 04:20:00+08:00,2692.9
2025-08-02 04:30:00+08:00,2677.8
2025-08-02 04:40:00+08:00,2685.6
2025-08-02 04:50:00+08:00,2650.4
2025-08-02 05:00:00+08:00,2648.4
2025-08-02 05:10:00+08:00,2652.5
2025-08-02 05:20:00+08:00,2651.4
2025-08-02 05:30:00+08:00,2642.9
2025-08-02 05:40:00+08:00,2647.4
2025-08-02 05:50:00+08:00,2626.2
2025-08-02 06:00:00+08:00,2633.7
2025-08-02 06:10:00+08:00,2642.4
2025-08-02 06:20:00+08:00,2656.7
2025-08-02 06:30:00+08:00,2634.4
2025-08-02 06:40:00+08:00,2624.9
2025-08-02 06:50:00+08:00,2659.5
2025-08-02 07:00:00+08:00,2650.6
2025-08-02 07:10:00+08:00,2694.9
2025-08-02 07:20:00+08:00,2701.0
2025-08-02 07:30:00+08:00,2683.8
2025-08-02 07:40:00+08:00,2708.6
2025-08-02 07:50:00+08:00,2761.0
2025-08-02 08:00:00+08:00,2785.4
2025-08-02 08:10:00+08:00,2825.2
2025-08-02 08:20:00+08:00,2841.4
2025-08-02 08:30:00+08:00,2878.5
2025-08-02 08:40:00+08:00,2893.4
2025-08-02 08:50:00+08:00,2929.2
2025-08-02 09:00:00+08:00,2953.2
2025-08-02 09:10:00+08:00,2968.5
2025-08-02 09:20:00+08:00,2991.2
2025-08-02 09:30:00+08:00,3023.7
2025-08-02 09:40:00+08:00,3038.1
2025-08-02 09:50:00+08:00,3051.3
2025-08-02 10:00:00+08:00,3075.4
2025-08-02 10:10:00+08:00,3105.1
2025-08-02 10:20:00+08:00,3131.8
2025-08-02 10:30:00+08:00,3144.0
2025-08-02 10:40:00+08:00,3127.7
2025-08-02 10:50:00+08:00,3163.7
2025-08-02 11:00:00+08:00,3179.5
2025-08-02 11:10:00+08:00,3200.5
2025-08-02 11:20:00+08:00,3226.8
2025-08-02 11:30:00+08:00,3225.1
2025-08-02 11:40:00+08:00,3217.1
2025-08-02 11:50:00+08:00,3196.8
2025-08-02 12:00:00+08:00,3195.6
2025-08-02 12:10:00+08:00,3166.2
2025-08-02 12:20:00+08:00,3167.0
2025-08-02 12:30:00+08:00,3181.5
2025-08-02 12:40:00+08:00,3167.4
2025-08-02 12:50:00+08:00,3183.2
2025-08-02 13:00:00+08:00,3194.7
2025-08-02 13:10:00+08:00,3205.8
2025-08-02 13:20:00+08:00,3210.3
2025-08-02 13:30:00+08:00,3197.5
2025-08-02 13:40:00+08:00,3186.7
2025-08-02 13:50:00+08:00,3185.6
2025-08-02 14:00:00+08:00,3190.0
2025-08-02 14:10:00+08:00,3181.5
2025-08-02 14:20:00+08:00,3184.8
2025-08-02 14:30:00+08:00,3181.8
2025-08-02 14:40:00+08:00,3168.3
2025-08-02 14:50:00+08:00,3160.6
2025-08-02 15:00:00+08:00,3166.5
2025-08-02 15:10:00+08:00,3144.5
2025-08-02 15:20:00+08:00,3149.0
2025-08-02 15:30:00+08:00,3149.6
2025-08-02 15:40:00+08:00,3147.5
2025-08-02 15:50:00+08:00,3158.9
2025-08-02 16:00:00+08:00,3154.9
2025-08-02 16:10:00+08:00,3151.8
2025-08-02 16:20:00+08:00,3153.9
2025-08-02 16:30:00+08:00,3159.3
2025-08-02 16:40:00+08:00,3148.6
2025-08-02 16:50:00+08:00,3155.6
2025-08-02 17:00:00+08:00,3138.1
2025-08-02 17:10:00+08:00,3158.2
2025-08-02 17:20:00+08:00,3176.1
2025-08-02 17:30:00+08:00,3158.5
2025-08-02 17:40:00+08:00,3171.7
2025-08-02 17:50:00+08:00,3172.4
2025-08-02 18:00:00+08:00,3185.8
2025-08-02 18:10:00+08:00,3171.9
2025-08-02 18:20:00+08:00,3192.2
2025-08-02 18:30:00+08:00,3202.4
2025-08-02 18:40:00+08:00,3191.6
2025-08-02 18:50:00+08:00,3191.6
2025-08-02 19:00:00+08:00,3199.2
2025-08-02 19:10:00+08:00,3184.1
2025-08-02 19:20:00+08:00,3188.2
2025-08-02 19:30:00+08:00,3208.3
2025-08-02 19:40:00+08:00,3188.7
2025-08-02 19:50:00+08:00,3203.1
2025-08-02 20:00:00+08:00,3193.0
2025-08-02 20:10:00+08:00,3196.1
2025-08-02 20:20:00+08:00,3184.2
2025-08-02 20:30:00+08:00,3182.8
2025-08-02 20:40:00+08:00,3173.3
2025-08-02 20:50:00+08:00,3161.6
2025-08-02 21:00:00+08:00,3160.0
2025-08-02 21:10:00+08:00,3149.6
2025-08-02 21:20:00+08:00,3149.0
2025-08-02 21:30:00+08:00,3145.4
2025-08-02 21:40:00+08:00,3119.1
2025-08-02 21:50:00+08:00,3112.2
2025-08-02 22:00:00+08:00,3098.3
2025-08-02 22:10:00+08:00,3070.1
2025-08-02 22:20:00+08:00,3050.2
2025-08-02 22:30:00+08:00,3017.6
2025-08-02 22:40:00+08:00,3010.1
2025-08-02 22:50:00+08:00,3006.5
2025-08-02 23:00:00+08:00,2981.7
2025-08-02 23:10:00+08:00,2950.5
2025-08-02 23:20:00+08:00,2950.5
2025-08-02 23:30:00+08:00,2930.6
2025-08-02 23:40:00+08:00,2908.5
2025-08-02 23:50:00+08:00,2897.1
2025-08-03 00:00:00+08:00,2864.9
2025-08-03 00:10:00+08:00,2840.0
2025-08-03 00:20:00+08:00,2831.3
2025-08-03 00:30:00+08:00,2818.4
2025-08-03 00:40:00+08:00,2776.2
2025-08-03 00:50:00+08:00,2774.3
2025-08-03 01:00:00+08:00,2754.8
2025-08-03 01:10:00+08:00,2725.3
2025-08-03 01:20:00+08:00,2734.9
2025-08-03 01:30:00+08:00,2681.7
2025-08-03 01:40:00+08:00,2673.9
2025-08-03 01:50:00+08:00,2677.6
2025-08-03 02:00:00+08:00,2669.5
2025-08-03 02:10:00+08:00,2640.6
2025-08-03 02:20:00+08:00,2640.2
2025-08-03 02:30:00+08:00,2618.7
2025-08-03 02:40:00+08:00,2591.0
2025-08-03 02:50:00+08:00,2607.8
2025-08-03 03:00:00+08:00,2597.4
2025-08-03 03:10:00+08:00,2559.2
2025-08-03 03:20:00+08:00,2574.3
2025-08-03 03:30:00+08:00,2559.2
2025-08-03 03:40:00+08:00,2532.0
2025-08-03 03:50:00+08:00,2522.7
2025-08-03 04:00:00+08:00,2529.1
2025-08-03 04:10:00+08:00,2522.6
2025-08-03 04:20:00+08:00,2528.6
2025-08-03 04:30:00+08:00,2525.0
2025-08-03 04:40:00+08:00,2525.5
2025-08-03 04:50:00+08:00,2539.3
2025-08-03 05:00:00+08:00,2523.0
2025-08-03 05:10:00+08:00,2503.4
2025-08-03 05:20:00+08:00,2487.6
2025-08-03 05:30:00+08:00,2484.3
2025-08-03 05:40:00+08:00,2484.5
2025-08-03 05:50:00+08:00,2493.1
2025-08-03 06:00:00+08:00,2488.6
2025-08-03 06:10:00+08:00,2496.7
2025-08-03 06:20:00+08:00,2493.1
2025-08-03 06:30:00+08:00,2497.7
2025-08-03 06:40:00+08:00,2517.0
2025-08-03 06:50:00+08:00,2512.5
2025-08-03 07:00:00+08:00,2513.6
2025-08-03 07:10:00+08:00,2521.9
2025-08-03 07:20:00+08:00,2530.7
2025-08-03 07:30:00+08:00,2538.2
2025-08-03 07:40:00+08:00,2580.1
2025-08-03 07:50:00+08:00,2585.3
2025-08-03 08:00:00+08:00,2616.0
2025-08-03 08:10:00+08:00,2647.6
2025-08-03 08:20:00+08:00,2664.8
2025-08-03 08:30:00+08:00,2689.2
2025-08-03 08:40:00+08:00,2697.2
2025-08-03 08:50:00+08:00,2726.2
2025-08-03 09:00:00+08:00,2726.1
2025-08-03 09:10:00+08:00,2759.4
2025-08-03 09:20:00+08:00,2760.4
2025-08-03 09:30:00+08:00,2777.5
2025-08-03 09:40:00+08:00,2786.8
2025-08-03 09:50:00+08:00,2829.2
2025-08-03 10:00:00+08:00,2837.9
2025-08-03 10:10:00+08:00,2886.4
2025-08-03 10:20:00+08:00,2890.2
2025-08-03 10:30:00+08:00,2900.6
2025-08-03 10:40:00+08:00,2906.3
2025-08-03 10:50:00+08:00,2906.3
2025-08-03 11:00:00+08:00,2938.8
2025-08-03 11:10:00+08:00,2941.7
2025-08-03 11:20:00+08:00,2969.1
2025-08-03 11:30:00+08:00,2937.6
2025-08-03 11:40:00+08:00,2949.3
2025-08-03 11:50:00+08:00,2930.9
2025-08-03 12:00:00+08:00,2937.7
2025-08-03 12:10:00+08:00,2949.4
2025-08-03 12:20:00+08:00,2967.2
2025-08-03 12:30:00+08:00,2989.6
2025-08-03 12:40:00+08:00,2975.6
2025-08-03 12:50:00+08:00,2999.6
2025-08-03 13:00:00+08:00,3017.6
2025-08-03 13:10:00+08:00,3006.6
2025-08-03 13:20:00+08:00,3043.3
2025-08-03 13:30:00+08:00,3044.5
2025-08-03 13:40:00+08:00,3043.1
2025-08-03 13:50:00+08:00,3022.6
2025-08-03 14:00:00+08:00,3038.3
2025-08-03 14:10:00+08:00,3046.1
2025-08-03 14:20:00+08:00,3021.2
2025-08-03 14:30:00+08:00,3033.6
2025-08-03 14:40:00+08:00,3049.5
2025-08-03 14:50:00+08:00,3049.6
2025-08-03 15:00:00+08:00,3006.8
2025-08-03 15:10:00+08:00,3022.0
2025-08-03 15:20:00+08:00,3027.6
2025-08-03 15:30:00+08:00,3031.1
2025-08-03 15:40:00+08:00,3031.6
2025-08-03 15:50:00+08:00,3014.9
2025-08-03 16:00:00+08:00,3015.4
2025-08-03 16:10:00+08:00,3024.0
2025-08-03 16:20:00+08:00,3042.0
2025-08-03 16:30:00+08:00,3040.8
2025-08-03 16:40:00+08:00,3047.5
2025-08-03 16:50:00+08:00,3035.7
2025-08-03 17:00:00+08:00,3054.3
2025-08-03 17:10:00+08:00,3052.9
2025-08-03 17:20:00+08:00,3047.1
2025-08-03 17:30:00+08:00,3080.4
2025-08-03 17:40:00+08:00,3071.4
2025-08-03 17:50:00+08:00,3066.6
2025-08-03 18:00:00+08:00,3079.9
2025-08-03 18:10:00+08:00,3088.7
2025-08-03 18:20:00+08:00,3089.7
2025-08-03 18:30:00+08:00,3089.7
2025-08-03 18:40:00+08:00,3099.2
2025-08-03 18:50:00+08:00,3116.5
2025-08-03 19:00:00+08:00,3121.5
2025-08-03 19:10:00+08:00,3096.3
2025-08-03 19:20:00+08:00,3115.5
2025-08-03 19:30:00+08:00,3113.8
2025-08-03 19:40:00+08:00,3128.2
2025-08-03 19:50:00+08:00,3126.8
2025-08-03 20:00:00+08:00,3118.6
2025-08-03 20:10:00+08:00,3106.4
2025-08-03 20:20:00+08:00,3142.4
2025-08-03 20:30:00+08:00,3140.5
2025-08-03 20:40:00+08:00,3123.2
2025-08-03 20:50:00+08:00,3117.2
2025-08-03 21:00:00+08:00,3104.2
2025-08-03 21:10:00+08:00,3102.0
2025-08-03 21:20:00+08:00,3095.1
2025-08-03 21:30:00+08:00,3065.7
2025-08-03 21:40:00+08:00,3075.7
2025-08-03 21:50:00+08:00,3039.4
2025-08-03 22:00:00+08:00,3026.2
2025-08-03 22:10:00+08:00,3011.8
2025-08-03 22:20:00+08:00,2992.8
2025-08-03 22:30:00+08:00,2948.6
2025-08-03 22:40:00+08:00,2924.4
2025-08-03 22:50:00+08:00,2922.4
2025-08-03 23:00:00+08:00,2894.6
2025-08-03 23:10:00+08:00,2883.8
2025-08-03 23:20:00+08:00,2855.2
2025-08-03 23:30:00+08:00,2851.2
2025-08-03 23:40:00+08:00,2805.3
2025-08-03 23:50:00+08:00,2799.0
2025-08-04 00:00:00+08:00,2767.0
2025-08-04 00:10:00+08:00,2760.3
2025-08-04 00:20:00+08:00,2728.2
2025-08-04 00:30:00+08:00,2702.7
2025-08-04 00:40:00+08:00,2706.1
2025-08-04 00:50:00+08:00,2677.0
2025-08-04 01:00:00+08:00,2648.6
2025-08-04 01:10:00+08:00,2646.7
2025-08-04 01:20:00+08:00,2639.7
2025-08-04 01:30:00+08:00,2630.6
2025-08-04 01:40:00+08:00,2604.5
2025-08-04 01:50:00+08:00,2588.3
2025-08-04 02:00:00+08:00,2568.1
2025-08-04 02:10:00+08:00,2553.7
2025-08-04 02:20:00+08:00,2556.5
2025-08-04 02:30:00+08:00,2540.2
2025-08-04 02:40:00+08:00,2526.6
2025-08-04 02:50:00+08:00,2523.7
2025-08-04 03:00:00+08:00,2481.4
2025-08-04 03:10:00+08:00,2492.3
2025-08-04 03:20:00+08:00,2480.8
2025-08-04 03:30:00+08:00,2483.4
2025-08-04 03:40:00+08:00,2469.3
2025-08-04 03:50:00+08:00,2486.4
2025-08-04 04:00:00+08:00,2462.9
2025-08-04 04:10:00+08:00,2454.6
2025-08-04 04:20:00+08:00,2465.1
2025-08-04 04:30:00+08:00,2468.8
2025-08-04 04:40:00+08:00,2461.8
2025-08-04 04:50:00+08:00,2470.7
2025-08-04 05:00:00+08:00,2470.3
2025-08-04 05:10:00+08:00,2485.2
2025-08-04 05:20:00+08:00,2491.3
2025-08-04 05:30:00+08:00,2471.2
2025-08-04 05:40:00+08:00,2475.3
2025-08-04 05:50:00+08:00,2482.9
2025-08-04 06:00:00+08:00,2489.8
2025-08-04 06:10:00+08:00,2501.9
2025-08-04 06:20:00+08:00,2514.8
2025-08-04 06:30:00+08:00,2535.6
2025-08-04 06:40:00+08:00,2549.1
2025-08-04 06:50:00+08:00,2602.0
2025-08-04 07:00:00+08:00,2630.1
2025-08-04 07:10:00+08:00,2679.8
2025-08-04 07:20:00+08:00,2718.7
2025-08-04 07:30:00+08:00,2738.9
2025-08-04 07:40:00+08:00,2801.3
2025-08-04 07:50:00+08:00,2875.1
2025-08-04 08:00:00+08:00,2988.5
2025-08-04 08:10:00+08:00,3087.5
2025-08-04 08:20:00+08:00,3153.7
2025-08-04 08:30:00+08:00,3226.7
2025-08-04 08:40:00+08:00,3272.8
2025-08-04 08:50:00+08:00,3284.7
2025-08-04 09:00:00+08:00,3373.5
2025-08-04 09:10:00+08:00,3394.6
2025-08-04 09:20:00+08:00,3403.1
2025-08-04 09:30:00+08:00,3389.5
2025-08-04 09:40:00+08:00,3437.4
2025-08-04 09:50:00+08:00,3469.9
2025-08-04 10:00:00+08:00,3475.3
2025-08-04 10:10:00+08:00,3492.2
2025-08-04 10:20:00+08:00,3515.6
2025-08-04 10:30:00+08:00,3532.4
2025-08-04 10:40:00+08:00,3555.6
2025-08-04 10:50:00+08:00,3575.8
2025-08-04 11:00:00+08:00,3561.1
2025-08-04 11:10:00+08:00,3578.0
2025-08-04 11:20:00+08:00,3600.1
2025-08-04 11:30:00+08:00,3644.1
2025-08-04 11:40:00+08:00,3634.7
2025-08-04 11:50:00+08:00,3604.0
2025-08-04 12:00:00+08:00,3561.4
2025-08-04 12:10:00+08:00,3503.0
2025-08-04 12:20:00+08:00,3484.4
2025-08-04 12:30:00+08:00,3507.0
2025-08-04 12:40:00+08:00,3499.8
2025-08-04 12:50:00+08:00,3506.2
2025-08-04 13:00:00+08:00,3538.1
2025-08-04 13:10:00+08:00,3625.7
2025-08-04 13:20:00+08:00,3640.2
2025-08-04 13:30:00+08:00,3629.8
2025-08-04 13:40:00+08:00,3641.2
2025-08-04 13:50:00+08:00,3625.7
2025-08-04 14:00:00+08:00,3621.2
2025-08-04 14:10:00+08:00,3627.5
2025-08-04 14:20:00+08:00,3632.2
2025-08-04 14:30:00+08:00,3614.8
2025-08-04 14:40:00+08:00,3605.3
2025-08-04 14:50:00+08:00,3593.6
2025-08-04 15:00:00+08:00,3614.7
2025-08-04 15:10:00+08:00,3591.8
2025-08-04 15:20:00+08:00,3590.3
2025-08-04 15:30:00+08:00,3569.8
2025-08-04 15:40:00+08:00,3565.5
2025-08-04 15:50:00+08:00,3556.1
2025-08-04 16:00:00+08:00,3538.2
2025-08-04 16:10:00+08:00,3531.9
2025-08-04 16:20:00+08:00,3532.6
2025-08-04 16:30:00+08:00,3532.3
2025-08-04 16:40:00+08:00,3511.7
2025-08-04 16:50:00+08:00,3489.7
2025-08-04 17:00:00+08:00,3441.2
2025-08-04 17:10:00+08:00,3400.0
2025-08-04 17:20:00+08:00,3402.3
2025-08-04 17:30:00+08:00,3386.5
2025-08-04 17:40:00+08:00,3387.6
2025-08-04 17:50:00+08:00,3383.6
2025-08-04 18:00:00+08:00,3382.5
2025-08-04 18:10:00+08:00,3372.0
2025-08-04 18:20:00+08:00,3378.0
2025-08-04 18:30:00+08:00,3388.0
2025-08-04 18:40:00+08:00,3392.9
2025-08-04 18:50:00+08:00,3403.4
2025-08-04 19:00:00+08:00,3381.6
2025-08-04 19:10:00+08:00,3363.8
2025-08-04 19:20:00+08:00,3366.9
2025-08-04 19:30:00+08:00,3360.3
2025-08-04 19:40:00+08:00,3347.1
2025-08-04 19:50:00+08:00,3345.3
2025-08-04 20:00:00+08:00,3342.4
2025-08-04 20:10:00+08:00,3313.4
2025-08-04 20:20:00+08:00,3294.2
2025-08-04 20:30:00+08:00,3290.5
2025-08-04 20:40:00+08:00,3268.5
2025-08-04 20:50:00+08:00,3265.2
2025-08-04 21:00:00+08:00,3248.7
2025-08-04 21:10:00+08:00,3221.2
2025-08-04 21:20:00+08:00,3217.4
2025-08-04 21:30:00+08:00,3200.9
2025-08-04 21:40:00+08:00,3184.9
2025-08-04 21:50:00+08:00,3169.8
2025-08-04 22:00:00+08:00,3156.4
2025-08-04 22:10:00+08:00,3164.8
2025-08-04 22:20:00+08:00,3156.3
2025-08-04 22:30:00+08:00,3121.5
2025-08-04 22:40:00+08:00,3088.6
2025-08-04 22:50:00+08:00,3082.9
2025-08-04 23:00:00+08:00,3053.2
2025-08-04 23:10:00+08:00,3014.7
2025-08-04 23:20:00+08:00,3002.1
2025-08-04 23:30:00+08:00,2956.2
2025-08-04 23:40:00+08:00,2960.0
2025-08-04 23:50:00+08:00,2945.7
2025-08-05 00:00:00+08:00,2911.2
2025-08-05 00:10:00+08:00,2910.9
2025-08-05 00:20:00+08:00,2886.3
2025-08-05 00:30:00+08:00,2870.2
2025-08-05 00:40:00+08:00,2842.2
2025-08-05 00:50:00+08:00,2831.0
2025-08-05 01:00:00+08:00,2828.9
2025-08-05 01:10:00+08:00,2803.0
2025-08-05 01:20:00+08:00,2780.1
2025-08-05 01:30:00+08:00,2775.1
2025-08-05 01:40:00+08:00,2758.9
2025-08-05 01:50:00+08:00,2758.4
2025-08-05 02:00:00+08:00,2734.3
2025-08-05 02:10:00+08:00,2700.0
2025-08-05 02:20:00+08:00,2710.5
2025-08-05 02:30:00+08:00,2698.2
2025-08-05 02:40:00+08:00,2688.7
2025-08-05 02:50:00+08:00,2679.5
2025-08-05 03:00:00+08:00,2668.5
2025-08-05 03:10:00+08:00,2656.0
2025-08-05 03:20:00+08:00,2655.8
2025-08-05 03:30:00+08:00,2655.8
2025-08-05 03:40:00+08:00,2632.7
2025-08-05 03:50:00+08:00,2618.6
2025-08-05 04:00:00+08:00,2615.7
2025-08-05 04:10:00+08:00,2615.1
2025-08-05 04:20:00+08:00,2625.9
2025-08-05 04:30:00+08:00,2622.1
2025-08-05 04:40:00+08:00,2617.5
2025-08-05 04:50:00+08:00,2618.9
2025-08-05 05:00:00+08:00,2619.7
2025-08-05 05:10:00+08:00,2622.9
2025-08-05 05:20:00+08:00,2616.4
2025-08-05 05:30:00+08:00,2614.9
2025-08-05 05:40:00+08:00,2622.8
2025-08-05 05:50:00+08:00,2598.0
2025-08-05 06:00:00+08:00,2610.5
2025-08-05 06:10:00+08:00,2636.8
2025-08-05 06:20:00+08:00,2632.4
2025-08-05 06:30:00+08:00,2672.4
2025-08-05 06:40:00+08:00,2681.4
2025-08-05 06:50:00+08:00,2710.2
2025-08-05 07:00:00+08:00,2738.3
2025-08-05 07:10:00+08:00,2789.9
2025-08-05 07:20:00+08:00,2843.6
2025-08-05 07:30:00+08:00,2863.6
2025-08-05 07:40:00+08:00,2938.4
2025-08-05 07:50:00+08:00,3024.7
2025-08-05 08:00:00+08:00,3117.0
2025-08-05 08:10:00+08:00,3238.4
2025-08-05 08:20:00+08:00,3332.1
2025-08-05 08:30:00+08:00,3388.2
2025-08-05 08:40:00+08:00,3422.9
2025-08-05 08:50:00+08:00,3427.6
2025-08-05 09:00:00+08:00,3485.4
2025-08-05 09:10:00+08:00,3509.1
2025-08-05 09:20:00+08:00,3516.1
2025-08-05 09:30:00+08:00,3523.0
2025-08-05 09:40:00+08:00,3556.2
2025-08-05 09:50:00+08:00,3561.1
2025-08-05 10:00:00+08:00,3580.5
2025-08-05 10:10:00+08:00,3585.2
2025-08-05 10:20:00+08:00,3613.0
2025-08-05 10:30:00+08:00,3653.9
2025-08-05 10:40:00+08:00,3672.6
2025-08-05 10:50:00+08:00,3659.4
2025-08-05 11:00:00+08:00,3696.3
2025-08-05 11:10:00+08:00,3713.1
2025-08-05 11:20:00+08:00,3738.9
2025-08-05 11:30:00+08:00,3748.9
2025-08-05 11:40:00+08:00,3747.7
2025-08-05 11:50:00+08:00,3776.4
2025-08-05 12:00:00+08:00,3694.8
2025-08-05 12:10:00+08:00,3623.6
2025-08-05 12:20:00+08:00,3619.8
2025-08-05 12:30:00+08:00,3632.4
2025-08-05 12:40:00+08:00,3604.7
2025-08-05 12:50:00+08:00,3607.3
2025-08-05 13:00:00+08:00,3621.7
2025-08-05 13:10:00+08:00,3689.2
2025-08-05 13:20:00+08:00,3701.1
2025-08-05 13:30:00+08:00,3714.1
2025-08-05 13:40:00+08:00,3724.6
2025-08-05 13:50:00+08:00,3718.4
2025-08-05 14:00:00+08:00,3718.3
2025-08-05 14:10:00+08:00,3709.3
2025-08-05 14:20:00+08:00,3706.8
2025-08-05 14:30:00+08:00,3706.4
2025-08-05 14:40:00+08:00,3688.7
2025-08-05 14:50:00+08:00,3690.4
2025-08-05 15:00:00+08:00,3674.4
2025-08-05 15:10:00+08:00,3663.6
2025-08-05 15:20:00+08:00,3652.8
2025-08-05 15:30:00+08:00,3633.4
2025-08-05 15:40:00+08:00,3635.5
2025-08-05 15:50:00+08:00,3637.1
2025-08-05 16:00:00+08:00,3608.4
2025-08-05 16:10:00+08:00,3591.9
2025-08-05 16:20:00+08:00,3581.9
2025-08-05 16:30:00+08:00,3569.4
2025-08-05 16:40:00+08:00,3550.8
2025-08-05 16:50:00+08:00,3541.2
2025-08-05 17:00:00+08:00,3484.6
2025-08-05 17:10:00+08:00,3439.6
2025-08-05 17:20:00+08:00,3431.5
2025-08-05 17:30:00+08:00,3426.7
2025-08-05 17:40:00+08:00,3423.9
2025-08-05 17:50:00+08:00,3430.5
2025-08-05 18:00:00+08:00,3423.3
2025-08-05 18:10:00+08:00,3414.2
2025-08-05 18:20:00+08:00,3414.4
2025-08-05 18:30:00+08:00,3417.2
2025-08-05 18:40:00+08:00,3417.2
2025-08-05 18:50:00+08:00,3431.7
2025-08-05 19:00:00+08:00,3422.0
2025-08-05 19:10:00+08:00,3410.0
2025-08-05 19:20:00+08:00,3409.7
2025-08-05 19:30:00+08:00,3403.3
2025-08-05 19:40:00+08:00,3385.7
2025-08-05 19:50:00+08:00,3374.2
2025-08-05 20:00:00+08:00,3365.5
2025-08-05 20:10:00+08:00,3349.6
2025-08-05 20:20:00+08:00,3350.7
2025-08-05 20:30:00+08:00,3338.9
2025-08-05 20:40:00+08:00,3316.3
2025-08-05 20:50:00+08:00,3303.8
2025-08-05 21:00:00+08:00,3295.7
2025-08-05 21:10:00+08:00,3260.6
2025-08-05 21:20:00+08:00,3255.5
2025-08-05 21:30:00+08:00,3248.3
2025-08-05 21:40:00+08:00,3232.9
2025-08-05 21:50:00+08:00,3227.0
2025-08-05 22:00:00+08:00,3204.7
2025-08-05 22:10:00+08:00,3208.4
2025-08-05 22:20:00+08:00,3219.5
2025-08-05 22:30:00+08:00,3202.7
2025-08-05 22:40:00+08:00,3159.9
2025-08-05 22:50:00+08:00,3141.5
2025-08-05 23:00:00+08:00,3119.0
2025-08-05 23:10:00+08:00,3102.1
2025-08-05 23:20:00+08:00,3063.5
2025-08-05 23:30:00+08:00,3019.0
2025-08-05 23:40:00+08:00,3012.6
2025-08-05 23:50:00+08:00,2981.0
2025-08-06 00:00:00+08:00,2975.2
2025-08-06 00:10:00+08:00,2965.7
2025-08-06 00:20:00+08:00,2952.0
2025-08-06 00:30:00+08:00,2922.2
2025-08-06 00:40:00+08:00,2910.0
2025-08-06 00:50:00+08:00,2874.6
2025-08-06 01:00:00+08:00,2892.1
2025-08-06 01:10:00+08:00,2850.5
2025-08-06 01:20:00+08:00,2830.4
2025-08-06 01:30:00+08:00,2835.5
2025-08-06 01:40:00+08:00,2787.2
2025-08-06 01:50:00+08:00,2801.9
2025-08-06 02:00:00+08:00,2792.8
2025-08-06 02:10:00+08:00,2771.9
2025-08-06 02:20:00+08:00,2744.2
2025-08-06 02:30:00+08:00,2725.3
2025-08-06 02:40:00+08:00,2733.0
2025-08-06 02:50:00+08:00,2736.2
2025-08-06 03:00:00+08:00,2724.7
2025-08-06 03:10:00+08:00,2675.2
2025-08-06 03:20:00+08:00,2694.8
2025-08-06 03:30:00+08:00,2679.2
2025-08-06 03:40:00+08:00,2678.0
2025-08-06 03:50:00+08:00,2686.7
2025-08-06 04:00:00+08:00,2665.9
2025-08-06 04:10:00+08:00,2664.4
2025-08-06 04:20:00+08:00,2660.8
2025-08-06 04:30:00+08:00,2650.4
2025-08-06 04:40:00+08:00,2645.6
2025-08-06 04:50:00+08:00,2630.5
2025-08-06 05:00:00+08:00,2639.7
2025-08-06 05:10:00+08:00,2637.0
2025-08-06 05:20:00+08:00,2639.6
2025-08-06 05:30:00+08:00,2623.4
2025-08-06 05:40:00+08:00,2611.9
2025-08-06 05:50:00+08:00,2606.9
2025-08-06 06:00:00+08:00,2639.4
2025-08-06 06:10:00+08:00,2657.7
2025-08-06 06:20:00+08:00,2665.6
2025-08-06 06:30:00+08:00,2691.0
2025-08-06 06:40:00+08:00,2689.3
2025-08-06 06:50:00+08:00,2709.3
2025-08-06 07:00:00+08:00,2727.4
2025-08-06 07:10:00+08:00,2781.2
2025-08-06 07:20:00+08:00,2840.9
2025-08-06 07:30:00+08:00,2864.2
2025-08-06 07:40:00+08:00,2925.2
2025-08-06 07:50:00+08:00,3002.0
2025-08-06 08:00:00+08:00,3108.7
2025-08-06 08:10:00+08:00,3230.1
2025-08-06 08:20:00+08:00,3316.6
2025-08-06 08:30:00+08:00,3374.3
2025-08-06 08:40:00+08:00,3424.0
2025-08-06 08:50:00+08:00,3459.5
2025-08-06 09:00:00+08:00,3483.3
2025-08-06 09:10:00+08:00,3514.7
2025-08-06 09:20:00+08:00,3528.9
2025-08-06 09:30:00+08:00,3545.1
2025-08-06 09:40:00+08:00,3580.2
2025-08-06 09:50:00+08:00,3607.4
2025-08-06 10:00:00+08:00,3619.8
2025-08-06 10:10:00+08:00,3637.9
2025-08-06 10:20:00+08:00,3632.9
2025-08-06 10:30:00+08:00,3667.2
2025-08-06 10:40:00+08:00,3668.7
2025-08-06 10:50:00+08:00,3688.3
2025-08-06 11:00:00+08:00,3716.6
2025-08-06 11:10:00+08:00,3739.4
2025-08-06 11:20:00+08:00,3792.5
2025-08-06 11:30:00+08:00,3763.2
2025-08-06 11:40:00+08:00,3778.8
2025-08-06 11:50:00+08:00,3776.4
2025-08-06 12:00:00+08:00,3708.1
2025-08-06 12:10:00+08:00,3654.1
2025-08-06 12:20:00+08:00,3683.9
2025-08-06 12:30:00+08:00,3678.7
2025-08-06 12:40:00+08:00,3659.0
2025-08-06 12:50:00+08:00,3683.4
2025-08-06 13:00:00+08:00,3695.2
2025-08-06 13:10:00+08:00,3788.9
2025-08-06 13:20:00+08:00,3818.6
2025-08-06 13:30:00+08:00,3827.8
2025-08-06 13:40:00+08:00,3836.4
2025-08-06 13:50:00+08:00,3831.4
2025-08-06 14:00:00+08:00,3845.2
2025-08-06 14:10:00+08:00,3841.9
2025-08-06 14:20:00+08:00,3832.1
2025-08-06 14:30:00+08:00,3828.0
2025-08-06 14:40:00+08:00,3824.0
2025-08-06 14:50:00+08:00,3822.1
2025-08-06 15:00:00+08:00,3792.8
2025-08-06 15:10:00+08:00,3799.3
2025-08-06 15:20:00+08:00,3804.1
2025-08-06 15:30:00+08:00,3789.0
2025-08-06 15:40:00+08:00,3776.7
2025-08-06 15:50:00+08:00,3773.9
2025-08-06 16:00:00+08:00,3753.5
2025-08-06 16:10:00+08:00,3736.6
2025-08-06 16:20:00+08:00,3735.8
2025-08-06 16:30:00+08:00,3726.1
2025-08-06 16:40:00+08:00,3701.4
2025-08-06 16:50:00+08:00,3682.9
2025-08-06 17:00:00+08:00,3629.0
2025-08-06 17:10:00+08:00,3597.5
2025-08-06 17:20:00+08:00,3576.7
2025-08-06 17:30:00+08:00,3576.2
2025-08-06 17:40:00+08:00,3564.5
2025-08-06 17:50:00+08:00,3555.5
2025-08-06 18:00:00+08:00,3538.3
2025-08-06 18:10:00+08:00,3521.4
2025-08-06 18:20:00+08:00,3519.1
2025-08-06 18:30:00+08:00,3509.0
2025-08-06 18:40:00+08:00,3490.7
2025-08-06 18:50:00+08:00,3509.3
2025-08-06 19:00:00+08:00,3507.5
2025-08-06 19:10:00+08:00,3487.9
2025-08-06 19:20:00+08:00,3489.6
2025-08-06 19:30:00+08:00,3474.6
2025-08-06 19:40:00+08:00,3461.8
2025-08-06 19:50:00+08:00,3458.3
2025-08-06 20:00:00+08:00,3445.0
2025-08-06 20:10:00+08:00,3425.3
2025-08-06 20:20:00+08:00,3422.3
2025-08-06 20:30:00+08:00,3409.7
2025-08-06 20:40:00+08:00,3394.0
2025-08-06 20:50:00+08:00,3388.7
2025-08-06 21:00:00+08:00,3376.8
2025-08-06 21:10:00+08:00,3349.2
2025-08-06 21:20:00+08:00,3347.2
2025-08-06 21:30:00+08:00,3320.3
2025-08-06 21:40:00+08:00,3309.9
2025-08-06 21:50:00+08:00,3315.0
2025-08-06 22:00:00+08:00,3301.9
2025-08-06 22:10:00+08:00,3297.1
2025-08-06 22:20:00+08:00,3289.0
2025-08-06 22:30:00+08:00,3296.1
2025-08-06 22:40:00+08:00,3249.2
2025-08-06 22:50:00+08:00,3217.7
2025-08-06 23:00:00+08:00,3180.3
2025-08-06 23:10:00+08:00,3164.8
2025-08-06 23:20:00+08:00,3151.1
2025-08-06 23:30:00+08:00,3144.8
2025-08-06 23:40:00+08:00,3086.3
2025-08-06 23:50:00+08:00,3060.3
2025-08-07 00:00:00+08:00,3021.6
2025-08-07 00:10:00+08:00,3029.3
2025-08-07 00:20:00+08:00,3019.8
2025-08-07 00:30:00+08:00,3009.7
2025-08-07 00:40:00+08:00,3001.0
2025-08-07 00:50:00+08:00,2959.0
2025-08-07 01:00:00+08:00,2953.9
2025-08-07 01:10:00+08:00,2921.3
2025-08-07 01:20:00+08:00,2893.0
2025-08-07 01:30:00+08:00,2880.8
2025-08-07 01:40:00+08:00,2856.0
2025-08-07 01:50:00+08:00,2869.9
2025-08-07 02:00:00+08:00,2846.2
2025-08-07 02:10:00+08:00,2843.0
2025-08-07 02:20:00+08:00,2805.4
2025-08-07 02:30:00+08:00,2795.6
2025-08-07 02:40:00+08:00,2786.2
2025-08-07 02:50:00+08:00,2771.1
2025-08-07 03:00:00+08:00,2758.4
2025-08-07 03:10:00+08:00,2749.6
2025-08-07 03:20:00+08:00,2743.9
2025-08-07 03:30:00+08:00,2747.4
2025-08-07 03:40:00+08:00,2727.5
2025-08-07 03:50:00+08:00,2703.3
2025-08-07 04:00:00+08:00,2717.0
2025-08-07 04:10:00+08:00,2712.4
2025-08-07 04:20:00+08:00,2690.5
2025-08-07 04:30:00+08:00,2686.8
2025-08-07 04:40:00+08:00,2700.6
2025-08-07 04:50:00+08:00,2687.2
2025-08-07 05:00:00+08:00,2699.8
2025-08-07 05:10:00+08:00,2697.7
2025-08-07 05:20:00+08:00,2688.2
2025-08-07 05:30:00+08:00,2681.7
2025-08-07 05:40:00+08:00,2670.6
2025-08-07 05:50:00+08:00,2675.1
2025-08-07 06:00:00+08:00,2675.5
2025-08-07 06:10:00+08:00,2692.9
2025-08-07 06:20:00+08:00,2697.1
2025-08-07 06:30:00+08:00,2716.0
2025-08-07 06:40:00+08:00,2732.6
2025-08-07 06:50:00+08:00,2760.5
2025-08-07 07:00:00+08:00,2767.4
2025-08-07 07:10:00+08:00,2821.2
2025-08-07 07:20:00+08:00,2881.6
2025-08-07 07:30:00+08:00,2904.5
2025-08-07 07:40:00+08:00,2974.6
2025-08-07 07:50:00+08:00,3039.8
2025-08-07 08:00:00+08:00,3155.7
2025-08-07 08:10:00+08:00,3273.7
2025-08-07 08:20:00+08:00,3354.6
2025-08-07 08:30:00+08:00,3417.1
2025-08-07 08:40:00+08:00,3455.7
2025-08-07 08:50:00+08:00,3502.6
2025-08-07 09:00:00+08:00,3502.1
2025-08-07 09:10:00+08:00,3511.1
2025-08-07 09:20:00+08:00,3533.7
2025-08-07 09:30:00+08:00,3540.9
2025-08-07 09:40:00+08:00,3561.6
2025-08-07 09:50:00+08:00,3566.7
2025-08-07 10:00:00+08:00,3609.2
2025-08-07 10:10:00+08:00,3622.9
2025-08-07 10:20:00+08:00,3647.9
2025-08-07 10:30:00+08:00,3668.4
2025-08-07 10:40:00+08:00,3700.5
2025-08-07 10:50:00+08:00,3715.3
2025-08-07 11:00:00+08:00,3712.8
2025-08-07 11:10:00+08:00,3730.7
2025-08-07 11:20:00+08:00,3757.7
2025-08-07 11:30:00+08:00,3751.6
2025-08-07 11:40:00+08:00,3767.7
2025-08-07 11:50:00+08:00,3760.2
2025-08-07 12:00:00+08:00,3707.2
2025-08-07 12:10:00+08:00,3650.1
2025-08-07 12:20:00+08:00,3625.3
2025-08-07 12:30:00+08:00,3633.3
2025-08-07 12:40:00+08:00,3636.3
2025-08-07 12:50:00+08:00,3661.6
2025-08-07 13:00:00+08:00,3681.9
2025-08-07 13:10:00+08:00,3755.5
2025-08-07 13:20:00+08:00,3775.7
2025-08-07 13:30:00+08:00,3788.9
2025-08-07 13:40:00+08:00,3811.1
2025-08-07 13:50:00+08:00,3828.7
2025-08-07 14:00:00+08:00,3842.7
2025-08-07 14:10:00+08:00,3867.6
2025-08-07 14:20:00+08:00,3865.2
2025-08-07 14:30:00+08:00,3862.5
2025-08-07 14:40:00+08:00,3853.6
2025-08-07 14:50:00+08:00,3857.2
2025-08-07 15:00:00+08:00,3849.1
2025-08-07 15:10:00+08:00,3842.8
2025-08-07 15:20:00+08:00,3845.8
2025-08-07 15:30:00+08:00,3824.2
2025-08-07 15:40:00+08:00,3818.7
2025-08-07 15:50:00+08:00,3814.0
2025-08-07 16:00:00+08:00,3798.5
2025-08-07 16:10:00+08:00,3771.4
2025-08-07 16:20:00+08:00,3775.5
2025-08-07 16:30:00+08:00,3764.3
2025-08-07 16:40:00+08:00,3750.7
2025-08-07 16:50:00+08:00,3727.0
2025-08-07 17:00:00+08:00,3685.4
2025-08-07 17:10:00+08:00,3626.0
2025-08-07 17:20:00+08:00,3612.9
2025-08-07 17:30:00+08:00,3586.1
2025-08-07 17:40:00+08:00,3576.9
2025-08-07 17:50:00+08:00,3566.1
2025-08-07 18:00:00+08:00,3554.4
2025-08-07 18:10:00+08:00,3539.0
2025-08-07 18:20:00+08:00,3531.9
2025-08-07 18:30:00+08:00,3540.0
2025-08-07 18:40:00+08:00,3534.7
2025-08-07 18:50:00+08:00,3544.1
2025-08-07 19:00:00+08:00,3546.4
2025-08-07 19:10:00+08:00,3544.5
2025-08-07 19:20:00+08:00,3530.8
2025-08-07 19:30:00+08:00,3509.3
2025-08-07 19:40:00+08:00,3504.1
2025-08-07 19:50:00+08:00,3502.4
2025-08-07 20:00:00+08:00,3486.3
2025-08-07 20:10:00+08:00,3471.5
2025-08-07 20:20:00+08:00,3468.6
2025-08-07 20:30:00+08:00,3457.3
2025-08-07 20:40:00+08:00,3446.3
2025-08-07 20:50:00+08:00,3434.6
2025-08-07 21:00:00+08:00,3420.1
2025-08-07 21:10:00+08:00,3400.0
2025-08-07 21:20:00+08:00,3389.1
2025-08-07 21:30:00+08:00,3378.9
2025-08-07 21:40:00+08:00,3376.8
2025-08-07 21:50:00+08:00,3365.6
2025-08-07 22:00:00+08:00,3354.9
2025-08-07 22:10:00+08:00,3365.3
2025-08-07 22:20:00+08:00,3338.2
2025-08-07 22:30:00+08:00,3354.4
2025-08-07 22:40:00+08:00,3321.6
2025-08-07 22:50:00+08:00,3294.1
2025-08-07 23:00:00+08:00,3258.4
2025-08-07 23:10:00+08:00,3225.6
2025-08-07 23:20:00+08:00,3217.6
2025-08-07 23:30:00+08:00,3202.4
2025-08-07 23:40:00+08:00,3161.3
2025-08-07 23:50:00+08:00,3115.7
2025-08-08 00:00:00+08:00,3083.5
2025-08-08 00:10:00+08:00,3090.3
2025-08-08 00:20:00+08:00,3088.4
2025-08-08 00:30:00+08:00,3075.1
2025-08-08 00:40:00+08:00,3046.5
2025-08-08 00:50:00+08:00,3028.3
2025-08-08 01:00:00+08:00,3016.1
2025-08-08 01:10:00+08:00,2994.2
2025-08-08 01:20:00+08:00,2978.0
2025-08-08 01:30:00+08:00,2952.8
2025-08-08 01:40:00+08:00,2909.5
2025-08-08 01:50:00+08:00,2920.0
2025-08-08 02:00:00+08:00,2901.9
2025-08-08 02:10:00+08:00,2885.2
2025-08-08 02:20:00+08:00,2862.4
2025-08-08 02:30:00+08:00,2860.3
2025-08-08 02:40:00+08:00,2856.2
2025-08-08 02:50:00+08:00,2821.6
2025-08-08 03:00:00+08:00,2813.7
2025-08-08 03:10:00+08:00,2801.5
2025-08-08 03:20:00+08:00,2765.4
2025-08-08 03:30:00+08:00,2760.1
2025-08-08 03:40:00+08:00,2776.2
2025-08-08 03:50:00+08:00,2744.3
2025-08-08 04:00:00+08:00,2734.7
2025-08-08 04:10:00+08:00,2739.4
2025-08-08 04:20:00+08:00,2733.9
2025-08-08 04:30:00+08:00,2725.6
2025-08-08 04:40:00+08:00,2732.0
2025-08-08 04:50:00+08:00,2727.2
2025-08-08 05:00:00+08:00,2739.8
2025-08-08 05:10:00+08:00,2733.8
2025-08-08 05:20:00+08:00,2715.8
2025-08-08 05:30:00+08:00,2694.1
2025-08-08 05:40:00+08:00,2703.3
2025-08-08 05:50:00+08:00,2701.2
2025-08-08 06:00:00+08:00,2701.0
2025-08-08 06:10:00+08:00,2714.1
2025-08-08 06:20:00+08:00,2737.1
2025-08-08 06:30:00+08:00,2730.4
2025-08-08 06:40:00+08:00,2757.9
2025-08-08 06:50:00+08:00,2768.6
2025-08-08 07:00:00+08:00,2804.1
2025-08-08 07:10:00+08:00,2835.4
2025-08-08 07:20:00+08:00,2883.5
2025-08-08 07:30:00+08:00,2901.4
2025-08-08 07:40:00+08:00,2986.5
2025-08-08 07:50:00+08:00,3058.2
2025-08-08 08:00:00+08:00,3137.9
2025-08-08 08:10:00+08:00,3310.9
2025-08-08 08:20:00+08:00,3351.3
2025-08-08 08:30:00+08:00,3392.2
2025-08-08 08:40:00+08:00,3467.6
2025-08-08 08:50:00+08:00,3486.7
2025-08-08 09:00:00+08:00,3523.3
2025-08-08 09:10:00+08:00,3537.9
2025-08-08 09:20:00+08:00,3548.8
2025-08-08 09:30:00+08:00,3574.1
2025-08-08 09:40:00+08:00,3588.6
2025-08-08 09:50:00+08:00,3606.0
2025-08-08 10:00:00+08:00,3638.7
2025-08-08 10:10:00+08:00,3663.6
2025-08-08 10:20:00+08:00,3702.6
2025-08-08 10:30:00+08:00,3722.6
2025-08-08 10:40:00+08:00,3755.3
2025-08-08 10:50:00+08:00,3757.4
2025-08-08 11:00:00+08:00,3794.2
2025-08-08 11:10:00+08:00,3802.1
2025-08-08 11:20:00+08:00,3820.9
2025-08-08 11:30:00+08:00,3823.9
2025-08-08 11:40:00+08:00,3843.7
2025-08-08 11:50:00+08:00,3830.4
2025-08-08 12:00:00+08:00,3794.9
2025-08-08 12:10:00+08:00,3739.4
2025-08-08 12:20:00+08:00,3724.1
2025-08-08 12:30:00+08:00,3722.6
2025-08-08 12:40:00+08:00,3738.7
2025-08-08 12:50:00+08:00,3737.8
2025-08-08 13:00:00+08:00,3772.7
2025-08-08 13:10:00+08:00,3839.8
2025-08-08 13:20:00+08:00,3872.4
2025-08-08 13:30:00+08:00,3864.9
2025-08-08 13:40:00+08:00,3901.6
2025-08-08 13:50:00+08:00,3887.2
2025-08-08 14:00:00+08:00,3895.5
2025-08-08 14:10:00+08:00,3890.7
2025-08-08 14:20:00+08:00,3873.8
2025-08-08 14:30:00+08:00,3843.3
2025-08-08 14:40:00+08:00,3849.6
2025-08-08 14:50:00+08:00,3849.3
2025-08-08 15:00:00+08:00,3833.3
2025-08-08 15:10:00+08:00,3837.5
2025-08-08 15:20:00+08:00,3853.6
2025-08-08 15:30:00+08:00,3825.3
2025-08-08 15:40:00+08:00,3805.3
2025-08-08 15:50:00+08:00,3794.1
2025-08-08 16:00:00+08:00,3768.3
2025-08-08 16:10:00+08:00,3743.6
2025-08-08 16:20:00+08:00,3750.1
2025-08-08 16:30:00+08:00,3725.1
2025-08-08 16:40:00+08:00,3714.8
2025-08-08 16:50:00+08:00,3687.1
2025-08-08 17:00:00+08:00,3632.1
2025-08-08 17:10:00+08:00,3588.0
2025-08-08 17:20:00+08:00,3560.5
2025-08-08 17:30:00+08:00,3541.6
2025-08-08 17:40:00+08:00,3528.6
2025-08-08 17:50:00+08:00,3521.5
2025-08-08 18:00:00+08:00,3518.3
2025-08-08 18:10:00+08:00,3470.5
2025-08-08 18:20:00+08:00,3493.8
2025-08-08 18:30:00+08:00,3481.6
2025-08-08 18:40:00+08:00,3485.7
2025-08-08 18:50:00+08:00,3489.9
2025-08-08 19:00:00+08:00,3490.0
2025-08-08 19:10:00+08:00,3478.8
2025-08-08 19:20:00+08:00,3466.9
2025-08-08 19:30:00+08:00,3456.3
2025-08-08 19:40:00+08:00,3455.8
2025-08-08 19:50:00+08:00,3449.6
2025-08-08 20:00:00+08:00,3438.2
2025-08-08 20:10:00+08:00,3423.2
2025-08-08 20:20:00+08:00,3419.4
2025-08-08 20:30:00+08:00,3416.2
2025-08-08 20:40:00+08:00,3399.2
2025-08-08 20:50:00+08:00,3390.0
2025-08-08 21:00:00+08:00,3377.4
2025-08-08 21:10:00+08:00,3364.5
2025-08-08 21:20:00+08:00,3353.5
2025-08-08 21:30:00+08:00,3345.8
2025-08-08 21:40:00+08:00,3341.9
2025-08-08 21:50:00+08:00,3339.7
2025-08-08 22:00:00+08:00,3314.5
2025-08-08 22:10:00+08:00,3331.1
2025-08-08 22:20:00+08:00,3343.6
2025-08-08 22:30:00+08:00,3316.6
2025-08-08 22:40:00+08:00,3300.0
2025-08-08 22:50:00+08:00,3273.7
2025-08-08 23:00:00+08:00,3254.5
2025-08-08 23:10:00+08:00,3232.0
2025-08-08 23:20:00+08:00,3216.0
2025-08-08 23:30:00+08:00,3198.7
2025-08-08 23:40:00+08:00,3161.3
2025-08-08 23:50:00+08:00,3162.9
2025-08-09 00:00:00+08:00,3128.0
2025-08-09 00:10:00+08:00,3120.2
2025-08-09 00:20:00+08:00,3122.1
2025-08-09 00:30:00+08:00,3087.2
2025-08-09 00:40:00+08:00,3077.5
2025-08-09 00:50:00+08:00,3043.9
2025-08-09 01:00:00+08:00,3021.0
2025-08-09 01:10:00+08:00,3006.5
2025-08-09 01:20:00+08:00,3003.6
2025-08-09 01:30:00+08:00,2964.6
2025-08-09 01:40:00+08:00,2956.2
2025-08-09 01:50:00+08:00,2908.7
2025-08-09 02:00:00+08:00,2902.4
2025-08-09 02:10:00+08:00,2909.5
2025-08-09 02:20:00+08:00,2884.5
2025-08-09 02:30:00+08:00,2891.8
2025-08-09 02:40:00+08:00,2862.6
2025-08-09 02:50:00+08:00,2837.2
2025-08-09 03:00:00+08:00,2824.8
2025-08-09 03:10:00+08:00,2822.0
2025-08-09 03:20:00+08:00,2793.2
2025-08-09 03:30:00+08:00,2801.0
2025-08-09 03:40:00+08:00,2799.2
2025-08-09 03:50:00+08:00,2762.9
2025-08-09 04:00:00+08:00,2760.2
2025-08-09 04:10:00+08:00,2764.1
2025-08-09 04:20:00+08:00,2746.9
2025-08-09 04:30:00+08:00,2734.7
2025-08-09 04:40:00+08:00,2732.7
2025-08-09 04:50:00+08:00,2730.3
2025-08-09 05:00:00+08:00,2735.0
2025-08-09 05:10:00+08:00,2748.3
2025-08-09 05:20:00+08:00,2726.9
2025-08-09 05:30:00+08:00,2701.6
2025-08-09 05:40:00+08:00,2711.2
2025-08-09 05:50:00+08:00,2686.7
2025-08-09 06:00:00+08:00,2671.1
2025-08-09 06:10:00+08:00,2695.4
2025-08-09 06:20:00+08:00,2688.5
2025-08-09 06:30:00+08:00,2697.3
2025-08-09 06:40:00+08:00,2710.3
2025-08-09 06:50:00+08:00,2711.5
2025-08-09 07:00:00+08:00,2701.6
2025-08-09 07:10:00+08:00,2757.2
2025-08-09 07:20:00+08:00,2763.1
2025-08-09 07:30:00+08:00,2776.5
2025-08-09 07:40:00+08:00,2780.6
2025-08-09 07:50:00+08:00,2813.1
2025-08-09 08:00:00+08:00,2837.7
2025-08-09 08:10:00+08:00,2928.4
2025-08-09 08:20:00+08:00,2951.8
2025-08-09 08:30:00+08:00,2974.3
2025-08-09 08:40:00+08:00,3001.5
2025-08-09 08:50:00+08:00,3035.1
2025-08-09 09:00:00+08:00,3065.7
2025-08-09 09:10:00+08:00,3107.3
2025-08-09 09:20:00+08:00,3102.1
2025-08-09 09:30:00+08:00,3146.6
2025-08-09 09:40:00+08:00,3173.4
2025-08-09 09:50:00+08:00,3198.2
2025-08-09 10:00:00+08:00,3217.0
2025-08-09 10:10:00+08:00,3249.7
2025-08-09 10:20:00+08:00,3275.8
2025-08-09 10:30:00+08:00,3288.7
2025-08-09 10:40:00+08:00,3300.6
2025-08-09 10:50:00+08:00,3330.5
2025-08-09 11:00:00+08:00,3381.3
2025-08-09 11:10:00+08:00,3377.1
2025-08-09 11:20:00+08:00,3385.7
2025-08-09 11:30:00+08:00,3420.5
2025-08-09 11:40:00+08:00,3397.6
2025-08-09 11:50:00+08:00,3446.6
2025-08-09 12:00:00+08:00,3396.6
2025-08-09 12:10:00+08:00,3392.8
2025-08-09 12:20:00+08:00,3407.7
2025-08-09 12:30:00+08:00,3408.3
2025-08-09 12:40:00+08:00,3443.5
2025-08-09 12:50:00+08:00,3458.0
2025-08-09 13:00:00+08:00,3463.7
2025-08-09 13:10:00+08:00,3502.9
2025-08-09 13:20:00+08:00,3494.6
2025-08-09 13:30:00+08:00,3504.7
2025-08-09 13:40:00+08:00,3520.0
2025-08-09 13:50:00+08:00,3515.3
2025-08-09 14:00:00+08:00,3545.6
2025-08-09 14:10:00+08:00,3504.6
2025-08-09 14:20:00+08:00,3497.8
2025-08-09 14:30:00+08:00,3527.8
2025-08-09 14:40:00+08:00,3504.9
2025-08-09 14:50:00+08:00,3512.3
2025-08-09 15:00:00+08:00,3498.1
2025-08-09 15:10:00+08:00,3497.9
2025-08-09 15:20:00+08:00,3500.0
2025-08-09 15:30:00+08:00,3506.8
2025-08-09 15:40:00+08:00,3485.8
2025-08-09 15:50:00+08:00,3464.7
2025-08-09 16:00:00+08:00,3538.9
2025-08-09 16:10:00+08:00,3489.1
2025-08-09 16:20:00+08:00,3467.8
2025-08-09 16:30:00+08:00,3492.9
2025-08-09 16:40:00+08:00,3476.7
2025-08-09 16:50:00+08:00,3428.4
2025-08-09 17:00:00+08:00,3428.4
2025-08-09 17:10:00+08:00,3416.4
2025-08-09 17:20:00+08:00,3378.9
2025-08-09 17:30:00+08:00,3395.0
2025-08-09 17:40:00+08:00,3395.5
2025-08-09 17:50:00+08:00,3403.8
2025-08-09 18:00:00+08:00,3377.8
2025-08-09 18:10:00+08:00,3385.9
2025-08-09 18:20:00+08:00,3373.5
2025-08-09 18:30:00+08:00,3367.0
2025-08-09 18:40:00+08:00,3391.3
2025-08-09 18:50:00+08:00,3419.7
2025-08-09 19:00:00+08:00,3431.1
2025-08-09 19:10:00+08:00,3409.7
2025-08-09 19:20:00+08:00,3413.1
2025-08-09 19:30:00+08:00,3408.8
2025-08-09 19:40:00+08:00,3412.9
2025-08-09 19:50:00+08:00,3403.2
2025-08-09 20:00:00+08:00,3396.3
2025-08-09 20:10:00+08:00,3408.0
2025-08-09 20:20:00+08:00,3398.0
2025-08-09 20:30:00+08:00,3399.4
2025-08-09 20:40:00+08:00,3399.6
2025-08-09 20:50:00+08:00,3386.8
2025-08-09 21:00:00+08:00,3373.8
2025-08-09 21:10:00+08:00,3385.0
2025-08-09 21:20:00+08:00,3344.7
2025-08-09 21:30:00+08:00,3360.1
2025-08-09 21:40:00+08:00,3346.3
2025-08-09 21:50:00+08:00,3350.4
2025-08-09 22:00:00+08:00,3296.0
2025-08-09 22:10:00+08:00,3314.6
2025-08-09 22:20:00+08:00,3275.1
2025-08-09 22:30:00+08:00,3264.9
2025-08-09 22:40:00+08:00,3235.3
2025-08-09 22:50:00+08:00,3248.3
2025-08-09 23:00:00+08:00,3223.3
2025-08-09 23:10:00+08:00,3201.6
2025-08-09 23:20:00+08:00,3170.4
2025-08-09 23:30:00+08:00,3137.3
2025-08-09 23:40:00+08:00,3133.3
2025-08-09 23:50:00+08:00,3109.0
2025-08-10 00:00:00+08:00,3090.1
2025-08-10 00:10:00+08:00,3081.1
2025-08-10 00:20:00+08:00,3055.4
2025-08-10 00:30:00+08:00,3041.0
2025-08-10 00:40:00+08:00,3009.4
2025-08-10 00:50:00+08:00,2998.4
2025-08-10 01:00:00+08:00,2954.7
2025-08-10 01:10:00+08:00,2951.5
2025-08-10 01:20:00+08:00,2927.1
2025-08-10 01:30:00+08:00,2941.4
2025-08-10 01:40:00+08:00,2919.1
2025-08-10 01:50:00+08:00,2861.6
2025-08-10 02:00:00+08:00,2880.7
2025-08-10 02:10:00+08:00,2865.5
2025-08-10 02:20:00+08:00,2828.4
2025-08-10 02:30:00+08:00,2825.6
2025-08-10 02:40:00+08:00,2804.5
2025-08-10 02:50:00+08:00,2788.5
2025-08-10 03:00:00+08:00,2773.5
2025-08-10 03:10:00+08:00,2770.2
2025-08-10 03:20:00+08:00,2758.0
2025-08-10 03:30:00+08:00,2747.3
2025-08-10 03:40:00+08:00,2728.5
2025-08-10 03:50:00+08:00,2745.9
2025-08-10 04:00:00+08:00,2724.9
2025-08-10 04:10:00+08:00,2715.6
2025-08-10 04:20:00+08:00,2706.1
2025-08-10 04:30:00+08:00,2701.8
2025-08-10 04:40:00+08:00,2681.3
2025-08-10 04:50:00+08:00,2687.8
2025-08-10 05:00:00+08:00,2688.8
2025-08-10 05:10:00+08:00,2690.0
2025-08-10 05:20:00+08:00,2678.7
2025-08-10 05:30:00+08:00,2647.8
2025-08-10 05:40:00+08:00,2624.9
2025-08-10 05:50:00+08:00,2630.0
2025-08-10 06:00:00+08:00,2627.3
2025-08-10 06:10:00+08:00,2635.1
2025-08-10 06:20:00+08:00,2646.4
2025-08-10 06:30:00+08:00,2636.2
2025-08-10 06:40:00+08:00,2641.4
2025-08-10 06:50:00+08:00,2664.0
2025-08-10 07:00:00+08:00,2665.5
2025-08-10 07:10:00+08:00,2687.7
2025-08-10 07:20:00+08:00,2698.3
2025-08-10 07:30:00+08:00,2716.2
2025-08-10 07:40:00+08:00,2727.4
2025-08-10 07:50:00+08:00,2727.3
2025-08-10 08:00:00+08:00,2778.3
2025-08-10 08:10:00+08:00,2819.1
2025-08-10 08:20:00+08:00,2827.9
2025-08-10 08:30:00+08:00,2843.9
2025-08-10 08:40:00+08:00,2847.1
2025-08-10 08:50:00+08:00,2865.9
2025-08-10 09:00:00+08:00,2885.5
2025-08-10 09:10:00+08:00,2913.0
2025-08-10 09:20:00+08:00,2951.7
2025-08-10 09:30:00+08:00,2912.5
2025-08-10 09:40:00+08:00,2926.1
2025-08-10 09:50:00+08:00,3005.8
2025-08-10 10:00:00+08:00,3014.7
2025-08-10 10:10:00+08:00,3006.1
2025-08-10 10:20:00+08:00,3053.2
2025-08-10 10:30:00+08:00,3055.5
2025-08-10 10:40:00+08:00,3114.2
2025-08-10 10:50:00+08:00,3122.2
2025-08-10 11:00:00+08:00,3114.3
2025-08-10 11:10:00+08:00,3125.2
2025-08-10 11:20:00+08:00,3121.4
2025-08-10 11:30:00+08:00,3147.3
2025-08-10 11:40:00+08:00,3148.3
2025-08-10 11:50:00+08:00,3195.1
2025-08-10 12:00:00+08:00,3207.6
2025-08-10 12:10:00+08:00,3186.8
2025-08-10 12:20:00+08:00,3215.8
2025-08-10 12:30:00+08:00,3190.9
2025-08-10 12:40:00+08:00,3199.1
2025-08-10 12:50:00+08:00,3213.1
2025-08-10 13:00:00+08:00,3255.7
2025-08-10 13:10:00+08:00,3227.3
2025-08-10 13:20:00+08:00,3240.3
2025-08-10 13:30:00+08:00,3223.9
2025-08-10 13:40:00+08:00,3213.5
2025-08-10 13:50:00+08:00,3216.3
2025-08-10 14:00:00+08:00,3232.8
2025-08-10 14:10:00+08:00,3219.7
2025-08-10 14:20:00+08:00,3237.8
2025-08-10 14:30:00+08:00,3253.5
2025-08-10 14:40:00+08:00,3191.5
2025-08-10 14:50:00+08:00,3234.0
2025-08-10 15:00:00+08:00,3235.0
2025-08-10 15:10:00+08:00,3201.1
2025-08-10 15:20:00+08:00,3187.4
2025-08-10 15:30:00+08:00,3185.1
2025-08-10 15:40:00+08:00,3192.4
2025-08-10 15:50:00+08:00,3179.8
2025-08-10 16:00:00+08:00,3214.6
2025-08-10 16:10:00+08:00,3231.6
2025-08-10 16:20:00+08:00,3196.6
2025-08-10 16:30:00+08:00,3211.4
2025-08-10 16:40:00+08:00,3226.7
2025-08-10 16:50:00+08:00,3245.5
2025-08-10 17:00:00+08:00,3218.4
2025-08-10 17:10:00+08:00,3213.8
2025-08-10 17:20:00+08:00,3259.9
2025-08-10 17:30:00+08:00,3241.2
2025-08-10 17:40:00+08:00,3217.1
2025-08-10 17:50:00+08:00,3220.3
2025-08-10 18:00:00+08:00,3243.2
2025-08-10 18:10:00+08:00,3242.8
2025-08-10 18:20:00+08:00,3246.4
2025-08-10 18:30:00+08:00,3264.7
2025-08-10 18:40:00+08:00,3242.2
2025-08-10 18:50:00+08:00,3290.9
2025-08-10 19:00:00+08:00,3293.6
2025-08-10 19:10:00+08:00,3280.8
2025-08-10 19:20:00+08:00,3296.0
2025-08-10 19:30:00+08:00,3311.5
2025-08-10 19:40:00+08:00,3277.6
2025-08-10 19:50:00+08:00,3307.9
2025-08-10 20:00:00+08:00,3318.8
2025-08-10 20:10:00+08:00,3278.8
2025-08-10 20:20:00+08:00,3299.8
2025-08-10 20:30:00+08:00,3280.1
2025-08-10 20:40:00+08:00,3300.9
2025-08-10 20:50:00+08:00,3312.6
2025-08-10 21:00:00+08:00,3284.0
2025-08-10 21:10:00+08:00,3268.8
2025-08-10 21:20:00+08:00,3280.0
2025-08-10 21:30:00+08:00,3255.3
2025-08-10 21:40:00+08:00,3262.2
2025-08-10 21:50:00+08:00,3236.0
2025-08-10 22:00:00+08:00,3211.4
2025-08-10 22:10:00+08:00,3224.8
2025-08-10 22:20:00+08:00,3189.1
2025-08-10 22:30:00+08:00,3175.3
2025-08-10 22:40:00+08:00,3140.5
2025-08-10 22:50:00+08:00,3131.4
2025-08-10 23:00:00+08:00,3124.9
2025-08-10 23:10:00+08:00,3076.8
2025-08-10 23:20:00+08:00,3070.3
2025-08-10 23:30:00+08:00,3034.7
2025-08-10 23:40:00+08:00,3010.1
2025-08-10 23:50:00+08:00,2997.2
2025-08-11 00:00:00+08:00,2965.4
2025-08-11 00:10:00+08:00,2931.8
2025-08-11 00:20:00+08:00,2934.7
2025-08-11 00:30:00+08:00,2906.6
2025-08-11 00:40:00+08:00,2866.9
2025-08-11 00:50:00+08:00,2861.9
2025-08-11 01:00:00+08:00,2839.4
2025-08-11 01:10:00+08:00,2809.7
2025-08-11 01:20:00+08:00,2833.1
2025-08-11 01:30:00+08:00,2783.9
2025-08-11 01:40:00+08:00,2756.0
2025-08-11 01:50:00+08:00,2764.0
2025-08-11 02:00:00+08:00,2742.4
2025-08-11 02:10:00+08:00,2748.4
2025-08-11 02:20:00+08:00,2718.8
2025-08-11 02:30:00+08:00,2697.2
2025-08-11 02:40:00+08:00,2694.0
2025-08-11 02:50:00+08:00,2678.7
2025-08-11 03:00:00+08:00,2668.2
2025-08-11 03:10:00+08:00,2667.8
2025-08-11 03:20:00+08:00,2646.4
2025-08-11 03:30:00+08:00,2640.3
2025-08-11 03:40:00+08:00,2644.5
2025-08-11 03:50:00+08:00,2625.1
2025-08-11 04:00:00+08:00,2623.8
2025-08-11 04:10:00+08:00,2621.3
2025-08-11 04:20:00+08:00,2632.3
2025-08-11 04:30:00+08:00,2595.2
2025-08-11 04:40:00+08:00,2598.6
2025-08-11 04:50:00+08:00,2607.4
2025-08-11 05:00:00+08:00,2611.2
2025-08-11 05:10:00+08:00,2599.0
2025-08-11 05:20:00+08:00,2596.8
2025-08-11 05:30:00+08:00,2585.5
2025-08-11 05:40:00+08:00,2585.5
2025-08-11 05:50:00+08:00,2572.2
2025-08-11 06:00:00+08:00,2577.8
2025-08-11 06:10:00+08:00,2615.6
2025-08-11 06:20:00+08:00,2616.0
2025-08-11 06:30:00+08:00,2647.4
2025-08-11 06:40:00+08:00,2674.5
2025-08-11 06:50:00+08:00,2696.0
2025-08-11 07:00:00+08:00,2714.8
2025-08-11 07:10:00+08:00,2792.3
2025-08-11 07:20:00+08:00,2845.2
2025-08-11 07:30:00+08:00,2871.4
2025-08-11 07:40:00+08:00,2919.6
2025-08-11 07:50:00+08:00,3020.7
2025-08-11 08:00:00+08:00,3129.2
2025-08-11 08:10:00+08:00,3269.7
2025-08-11 08:20:00+08:00,3342.9
2025-08-11 08:30:00+08:00,3418.6
2025-08-11 08:40:00+08:00,3469.1
2025-08-11 08:50:00+08:00,3501.8
2025-08-11 09:00:00+08:00,3553.6
2025-08-11 09:10:00+08:00,3582.2
2025-08-11 09:20:00+08:00,3600.5
2025-08-11 09:30:00+08:00,3634.0
2025-08-11 09:40:00+08:00,3615.4
2025-08-11 09:50:00+08:00,3623.7
2025-08-11 10:00:00+08:00,3660.8
2025-08-11 10:10:00+08:00,3674.7
2025-08-11 10:20:00+08:00,3711.0
2025-08-11 10:30:00+08:00,3700.0
2025-08-11 10:40:00+08:00,3731.6
2025-08-11 10:50:00+08:00,3750.0
2025-08-11 11:00:00+08:00,3753.4
2025-08-11 11:10:00+08:00,3776.2
2025-08-11 11:20:00+08:00,3789.3
2025-08-11 11:30:00+08:00,3783.7
2025-08-11 11:40:00+08:00,3828.5
2025-08-11 11:50:00+08:00,3834.2
2025-08-11 12:00:00+08:00,3774.2
2025-08-11 12:10:00+08:00,3719.6
2025-08-11 12:20:00+08:00,3733.0
2025-08-11 12:30:00+08:00,3704.1
2025-08-11 12:40:00+08:00,3701.7
2025-08-11 12:50:00+08:00,3720.4
2025-08-11 13:00:00+08:00,3764.4
2025-08-11 13:10:00+08:00,3854.1
2025-08-11 13:20:00+08:00,3859.0
2025-08-11 13:30:00+08:00,3846.6
2025-08-11 13:40:00+08:00,3897.5
2025-08-11 13:50:00+08:00,3898.0
2025-08-11 14:00:00+08:00,3888.1
2025-08-11 14:10:00+08:00,3879.1
2025-08-11 14:20:00+08:00,3860.4
2025-08-11 14:30:00+08:00,3865.9
2025-08-11 14:40:00+08:00,3887.0
2025-08-11 14:50:00+08:00,3871.9
2025-08-11 15:00:00+08:00,3852.4
2025-08-11 15:10:00+08:00,3862.8
2025-08-11 15:20:00+08:00,3855.0
2025-08-11 15:30:00+08:00,3827.3
2025-08-11 15:40:00+08:00,3828.1
2025-08-11 15:50:00+08:00,3814.7
2025-08-11 16:00:00+08:00,3805.7
2025-08-11 16:10:00+08:00,3793.7
2025-08-11 16:20:00+08:00,3806.6
2025-08-11 16:30:00+08:00,3784.4
2025-08-11 16:40:00+08:00,3753.0
2025-08-11 16:50:00+08:00,3740.8
2025-08-11 17:00:00+08:00,3688.0
2025-08-11 17:10:00+08:00,3614.1
2025-08-11 17:20:00+08:00,3584.5
2025-08-11 17:30:00+08:00,3578.4
2025-08-11 17:40:00+08:00,3565.9
2025-08-11 17:50:00+08:00,3569.0
2025-08-11 18:00:00+08:00,3565.4
2025-08-11 18:10:00+08:00,3556.0
2025-08-11 18:20:00+08:00,3555.6
2025-08-11 18:30:00+08:00,3547.8
2025-08-11 18:40:00+08:00,3560.1
2025-08-11 18:50:00+08:00,3571.8
2025-08-11 19:00:00+08:00,3567.7
2025-08-11 19:10:00+08:00,3552.9
2025-08-11 19:20:00+08:00,3545.6
2025-08-11 19:30:00+08:00,3538.4
2025-08-11 19:40:00+08:00,3529.2
2025-08-11 19:50:00+08:00,3524.1
2025-08-11 20:00:00+08:00,3514.1
2025-08-11 20:10:00+08:00,3494.8
2025-08-11 20:20:00+08:00,3489.8
2025-08-11 20:30:00+08:00,3482.8
2025-08-11 20:40:00+08:00,3473.2
2025-08-11 20:50:00+08:00,3455.2
2025-08-11 21:00:00+08:00,3445.2
2025-08-11 21:10:00+08:00,3416.2
2025-08-11 21:20:00+08:00,3419.4
2025-08-11 21:30:00+08:00,3411.3
2025-08-11 21:40:00+08:00,3390.7
2025-08-11 21:50:00+08:00,3379.0
2025-08-11 22:00:00+08:00,3360.4
2025-08-11 22:10:00+08:00,3382.1
2025-08-11 22:20:00+08:00,3369.9
2025-08-11 22:30:00+08:00,3338.8
2025-08-11 22:40:00+08:00,3322.8
2025-08-11 22:50:00+08:00,3287.8
2025-08-11 23:00:00+08:00,3280.1
2025-08-11 23:10:00+08:00,3243.7
2025-08-11 23:20:00+08:00,3226.2
2025-08-11 23:30:00+08:00,3183.3
2025-08-11 23:40:00+08:00,3155.3
2025-08-11 23:50:00+08:00,3138.1
2025-08-12 00:00:00+08:00,3096.9
2025-08-12 00:10:00+08:00,3108.8
2025-08-12 00:20:00+08:00,3097.5
2025-08-12 00:30:00+08:00,3061.9
2025-08-12 00:40:00+08:00,3062.8
2025-08-12 00:50:00+08:00,3041.7
2025-08-12 01:00:00+08:00,3002.4
2025-08-12 01:10:00+08:00,2998.9
2025-08-12 01:20:00+08:00,2978.9
2025-08-12 01:30:00+08:00,2970.4
2025-08-12 01:40:00+08:00,2948.8
2025-08-12 01:50:00+08:00,2931.7
2025-08-12 02:00:00+08:00,2912.8
2025-08-12 02:10:00+08:00,2908.1
2025-08-12 02:20:00+08:00,2884.2
2025-08-12 02:30:00+08:00,2848.8
2025-08-12 02:40:00+08:00,2862.5
2025-08-12 02:50:00+08:00,2844.7
2025-08-12 03:00:00+08:00,2820.3
2025-08-12 03:10:00+08:00,2825.7
2025-08-12 03:20:00+08:00,2823.1
2025-08-12 03:30:00+08:00,2819.1
2025-08-12 03:40:00+08:00,2773.0
2025-08-12 03:50:00+08:00,2791.8
2025-08-12 04:00:00+08:00,2789.9
2025-08-12 04:10:00+08:00,2778.0
2025-08-12 04:20:00+08:00,2768.3
2025-08-12 04:30:00+08:00,2746.0
2025-08-12 04:40:00+08:00,2763.3
2025-08-12 04:50:00+08:00,2752.7
2025-08-12 05:00:00+08:00,2769.0
2025-08-12 05:10:00+08:00,2775.3
2025-08-12 05:20:00+08:00,2743.7
2025-08-12 05:30:00+08:00,2741.9
2025-08-12 05:40:00+08:00,2741.2
2025-08-12 05:50:00+08:00,2733.9
2025-08-12 06:00:00+08:00,2759.8
2025-08-12 06:10:00+08:00,2781.7
2025-08-12 06:20:00+08:00,2777.4
2025-08-12 06:30:00+08:00,2790.5
2025-08-12 06:40:00+08:00,2809.0
2025-08-12 06:50:00+08:00,2837.3
2025-08-12 07:00:00+08:00,2857.4
2025-08-12 07:10:00+08:00,2911.6
2025-08-12 07:20:00+08:00,2948.8
2025-08-12 07:30:00+08:00,2992.0
2025-08-12 07:40:00+08:00,3043.8
2025-08-12 07:50:00+08:00,3124.2
2025-08-12 08:00:00+08:00,3239.1
2025-08-12 08:10:00+08:00,3383.2
2025-08-12 08:20:00+08:00,3435.0
2025-08-12 08:30:00+08:00,3506.5
2025-08-12 08:40:00+08:00,3575.3
2025-08-12 08:50:00+08:00,3593.1
2025-08-12 09:00:00+08:00,3636.9
2025-08-12 09:10:00+08:00,3637.8
2025-08-12 09:20:00+08:00,3653.0
2025-08-12 09:30:00+08:00,3686.3
2025-08-12 09:40:00+08:00,3694.8
2025-08-12 09:50:00+08:00,3736.7
2025-08-12 10:00:00+08:00,3761.2
2025-08-12 10:10:00+08:00,3779.2
2025-08-12 10:20:00+08:00,3791.7
2025-08-12 10:30:00+08:00,3830.1
2025-08-12 10:40:00+08:00,3800.4
2025-08-12 10:50:00+08:00,3821.6
2025-08-12 11:00:00+08:00,3839.4
2025-08-12 11:10:00+08:00,3842.4
2025-08-12 11:20:00+08:00,3874.3
2025-08-12 11:30:00+08:00,3882.8
2025-08-12 11:40:00+08:00,3880.2
2025-08-12 11:50:00+08:00,3864.2
2025-08-12 12:00:00+08:00,3821.4
2025-08-12 12:10:00+08:00,3790.4
2025-08-12 12:20:00+08:00,3762.8
2025-08-12 12:30:00+08:00,3770.1
2025-08-12 12:40:00+08:00,3786.3
2025-08-12 12:50:00+08:00,3793.0
2025-08-12 13:00:00+08:00,3797.9
2025-08-12 13:10:00+08:00,3899.0
2025-08-12 13:20:00+08:00,3919.6
2025-08-12 13:30:00+08:00,3934.5
2025-08-12 13:40:00+08:00,3937.3
2025-08-12 13:50:00+08:00,3951.5
2025-08-12 14:00:00+08:00,3923.8
2025-08-12 14:10:00+08:00,3922.5
2025-08-12 14:20:00+08:00,3929.7
2025-08-12 14:30:00+08:00,3921.6
2025-08-12 14:40:00+08:00,3925.8
2025-08-12 14:50:00+08:00,3924.2
2025-08-12 15:00:00+08:00,3919.0
2025-08-12 15:10:00+08:00,3910.8
2025-08-12 15:20:00+08:00,3918.8
2025-08-12 15:30:00+08:00,3885.2
2025-08-12 15:40:00+08:00,3885.3
2025-08-12 15:50:00+08:00,3892.3
2025-08-12 16:00:00+08:00,3878.4
2025-08-12 16:10:00+08:00,3843.7
2025-08-12 16:20:00+08:00,3822.9
2025-08-12 16:30:00+08:00,3804.1
2025-08-12 16:40:00+08:00,3779.5
2025-08-12 16:50:00+08:00,3768.6
2025-08-12 17:00:00+08:00,3711.0
2025-08-12 17:10:00+08:00,3664.1
2025-08-12 17:20:00+08:00,3652.7
2025-08-12 17:30:00+08:00,3641.3
2025-08-12 17:40:00+08:00,3631.6
2025-08-12 17:50:00+08:00,3619.8
2025-08-12 18:00:00+08:00,3611.9
2025-08-12 18:10:00+08:00,3609.0
2025-08-12 18:20:00+08:00,3599.6
2025-08-12 18:30:00+08:00,3603.8
2025-08-12 18:40:00+08:00,3614.8
2025-08-12 18:50:00+08:00,3616.9
2025-08-12 19:00:00+08:00,3608.6
2025-08-12 19:10:00+08:00,3599.0
2025-08-12 19:20:00+08:00,3587.6
2025-08-12 19:30:00+08:00,3577.7
2025-08-12 19:40:00+08:00,3562.8
2025-08-12 19:50:00+08:00,3554.6
2025-08-12 20:00:00+08:00,3536.9
2025-08-12 20:10:00+08:00,3524.0
2025-08-12 20:20:00+08:00,3519.1
2025-08-12 20:30:00+08:00,3501.8
2025-08-12 20:40:00+08:00,3484.5
2025-08-12 20:50:00+08:00,3471.1
2025-08-12 21:00:00+08:00,3463.1
2025-08-12 21:10:00+08:00,3438.6
2025-08-12 21:20:00+08:00,3417.1
2025-08-12 21:30:00+08:00,3415.7
2025-08-12 21:40:00+08:00,3395.2
2025-08-12 21:50:00+08:00,3402.3
2025-08-12 22:00:00+08:00,3361.6
2025-08-12 22:10:00+08:00,3402.5
2025-08-12 22:20:00+08:00,3370.9
2025-08-12 22:30:00+08:00,3358.8
2025-08-12 22:40:00+08:00,3341.9
2025-08-12 22:50:00+08:00,3329.6
2025-08-12 23:00:00+08:00,3295.9
2025-08-12 23:10:00+08:00,3263.8
2025-08-12 23:20:00+08:00,3267.6
2025-08-12 23:30:00+08:00,3215.6
2025-08-12 23:40:00+08:00,3198.6
2025-08-12 23:50:00+08:00,3183.0
2025-08-13 00:00:00+08:00,3153.4
2025-08-13 00:10:00+08:00,3135.9
2025-08-13 00:20:00+08:00,3138.4
2025-08-13 00:30:00+08:00,3108.1
2025-08-13 00:40:00+08:00,3085.4
2025-08-13 00:50:00+08:00,3063.7
2025-08-13 01:00:00+08:00,3062.0
2025-08-13 01:10:00+08:00,3011.3
2025-08-13 01:20:00+08:00,3012.9
2025-08-13 01:30:00+08:00,2987.5
2025-08-13 01:40:00+08:00,2959.1
2025-08-13 01:50:00+08:00,2959.7
2025-08-13 02:00:00+08:00,2932.7
2025-08-13 02:10:00+08:00,2914.0
2025-08-13 02:20:00+08:00,2895.5
2025-08-13 02:30:00+08:00,2897.7
2025-08-13 02:40:00+08:00,2899.3
2025-08-13 02:50:00+08:00,2883.2
2025-08-13 03:00:00+08:00,2868.2
2025-08-13 03:10:00+08:00,2851.6
2025-08-13 03:20:00+08:00,2852.1
2025-08-13 03:30:00+08:00,2835.4
2025-08-13 03:40:00+08:00,2822.4
2025-08-13 03:50:00+08:00,2821.3
2025-08-13 04:00:00+08:00,2795.2
2025-08-13 04:10:00+08:00,2795.0
2025-08-13 04:20:00+08:00,2790.4
2025-08-13 04:30:00+08:00,2791.5
2025-08-13 04:40:00+08:00,2767.7
2025-08-13 04:50:00+08:00,2757.2
2025-08-13 05:00:00+08:00,2750.8
2025-08-13 05:10:00+08:00,2769.8
2025-08-13 05:20:00+08:00,2754.3
2025-08-13 05:30:00+08:00,2756.7
2025-08-13 05:40:00+08:00,2754.3
2025-08-13 05:50:00+08:00,2745.7
2025-08-13 06:00:00+08:00,2749.2
2025-08-13 06:10:00+08:00,2758.6
2025-08-13 06:20:00+08:00,2777.4
2025-08-13 06:30:00+08:00,2756.1
2025-08-13 06:40:00+08:00,2786.1
2025-08-13 06:50:00+08:00,2824.4
2025-08-13 07:00:00+08:00,2829.8
2025-08-13 07:10:00+08:00,2873.7
2025-08-13 07:20:00+08:00,2912.5
2025-08-13 07:30:00+08:00,2923.9
2025-08-13 07:40:00+08:00,2963.9
2025-08-13 07:50:00+08:00,3005.6
2025-08-13 08:00:00+08:00,3043.7
2025-08-13 08:10:00+08:00,3180.9
2025-08-13 08:20:00+08:00,3239.3
2025-08-13 08:30:00+08:00,3294.1
2025-08-13 08:40:00+08:00,3306.5
2025-08-13 08:50:00+08:00,3338.4
2025-08-13 09:00:00+08:00,3366.9
2025-08-13 09:10:00+08:00,3399.1
2025-08-13 09:20:00+08:00,3409.6
2025-08-13 09:30:00+08:00,3429.0
2025-08-13 09:40:00+08:00,3437.7
2025-08-13 09:50:00+08:00,3456.9
2025-08-13 10:00:00+08:00,3446.5
2025-08-13 10:10:00+08:00,3459.6
2025-08-13 10:20:00+08:00,3462.1
2025-08-13 10:30:00+08:00,3487.3
2025-08-13 10:40:00+08:00,3519.9
2025-08-13 10:50:00+08:00,3523.0
2025-08-13 11:00:00+08:00,3557.2
2025-08-13 11:10:00+08:00,3585.8
2025-08-13 11:20:00+08:00,3590.4
2025-08-13 11:30:00+08:00,3595.8
2025-08-13 11:40:00+08:00,3584.1
2025-08-13 11:50:00+08:00,3578.2
2025-08-13 12:00:00+08:00,3521.5
2025-08-13 12:10:00+08:00,3482.1
2025-08-13 12:20:00+08:00,3452.6
2025-08-13 12:30:00+08:00,3464.1
2025-08-13 12:40:00+08:00,3450.6
2025-08-13 12:50:00+08:00,3447.7
2025-08-13 13:00:00+08:00,3490.5
2025-08-13 13:10:00+08:00,3533.8
2025-08-13 13:20:00+08:00,3533.8
2025-08-13 13:30:00+08:00,3530.4
2025-08-13 13:40:00+08:00,3552.7
2025-08-13 13:50:00+08:00,3545.3
2025-08-13 14:00:00+08:00,3533.9
2025-08-13 14:10:00+08:00,3546.0
2025-08-13 14:20:00+08:00,3521.9
2025-08-13 14:30:00+08:00,3539.6
2025-08-13 14:40:00+08:00,3503.2
2025-08-13 14:50:00+08:00,3477.9
2025-08-13 15:00:00+08:00,3456.5
2025-08-13 15:10:00+08:00,3458.3
2025-08-13 15:20:00+08:00,3439.0
2025-08-13 15:30:00+08:00,3432.2
2025-08-13 15:40:00+08:00,3415.3
2025-08-13 15:50:00+08:00,3413.5
2025-08-13 16:00:00+08:00,3420.1
2025-08-13 16:10:00+08:00,3410.7
2025-08-13 16:20:00+08:00,3414.3
2025-08-13 16:30:00+08:00,3404.1
2025-08-13 16:40:00+08:00,3390.7
2025-08-13 16:50:00+08:00,3364.8
2025-08-13 17:00:00+08:00,3317.0
2025-08-13 17:10:00+08:00,3286.7
2025-08-13 17:20:00+08:00,3289.6
2025-08-13 17:30:00+08:00,3281.0
2025-08-13 17:40:00+08:00,3293.7
2025-08-13 17:50:00+08:00,3269.7
2025-08-13 18:00:00+08:00,3265.8
2025-08-13 18:10:00+08:00,3270.0
2025-08-13 18:20:00+08:00,3272.9
2025-08-13 18:30:00+08:00,3282.3
2025-08-13 18:40:00+08:00,3284.8
2025-08-13 18:50:00+08:00,3290.0
2025-08-13 19:00:00+08:00,3291.9
2025-08-13 19:10:00+08:00,3270.4
2025-08-13 19:20:00+08:00,3273.4
2025-08-13 19:30:00+08:00,3259.6
2025-08-13 19:40:00+08:00,3256.7
2025-08-13 19:50:00+08:00,3249.2
2025-08-13 20:00:00+08:00,3240.4
2025-08-13 20:10:00+08:00,3222.5
2025-08-13 20:20:00+08:00,3224.3
2025-08-13 20:30:00+08:00,3213.1
2025-08-13 20:40:00+08:00,3200.8
2025-08-13 20:50:00+08:00,3195.3
2025-08-13 21:00:00+08:00,3183.0
2025-08-13 21:10:00+08:00,3172.6
2025-08-13 21:20:00+08:00,3161.1
2025-08-13 21:30:00+08:00,3149.1
2025-08-13 21:40:00+08:00,3137.7
2025-08-13 21:50:00+08:00,3129.4
2025-08-13 22:00:00+08:00,3111.6
2025-08-13 22:10:00+08:00,3134.7
2025-08-13 22:20:00+08:00,3119.1
2025-08-13 22:30:00+08:00,3092.7
2025-08-13 22:40:00+08:00,3080.8
2025-08-13 22:50:00+08:00,3058.4
2025-08-13 23:00:00+08:00,3038.6
2025-08-13 23:10:00+08:00,3005.8
2025-08-13 23:20:00+08:00,2983.3
2025-08-13 23:30:00+08:00,2963.0
2025-08-13 23:40:00+08:00,2952.1
2025-08-13 23:50:00+08:00,2924.7
2025-08-14 00:00:00+08:00,2895.4
2025-08-14 00:10:00+08:00,2918.0
2025-08-14 00:20:00+08:00,2904.1
2025-08-14 00:30:00+08:00,2868.3
2025-08-14 00:40:00+08:00,2874.2
2025-08-14 00:50:00+08:00,2834.5
2025-08-14 01:00:00+08:00,2826.0
2025-08-14 01:10:00+08:00,2817.9
2025-08-14 01:20:00+08:00,2796.5
2025-08-14 01:30:00+08:00,2772.1
2025-08-14 01:40:00+08:00,2759.2
2025-08-14 01:50:00+08:00,2756.4
2025-08-14 02:00:00+08:00,2733.7
2025-08-14 02:10:00+08:00,2731.5
2025-08-14 02:20:00+08:00,2711.4
2025-08-14 02:30:00+08:00,2717.9
2025-08-14 02:40:00+08:00,2678.2
2025-08-14 02:50:00+08:00,2665.8
2025-08-14 03:00:00+08:00,2678.1
2025-08-14 03:10:00+08:00,2658.6
2025-08-14 03:20:00+08:00,2653.5
2025-08-14 03:30:00+08:00,2650.0
2025-08-14 03:40:00+08:00,2634.2
2025-08-14 03:50:00+08:00,2642.8
2025-08-14 04:00:00+08:00,2632.9
2025-08-14 04:10:00+08:00,2625.6
2025-08-14 04:20:00+08:00,2629.6
2025-08-14 04:30:00+08:00,2608.7
2025-08-14 04:40:00+08:00,2609.6
2025-08-14 04:50:00+08:00,2624.1
2025-08-14 05:00:00+08:00,2623.0
2025-08-14 05:10:00+08:00,2617.8
2025-08-14 05:20:00+08:00,2611.7
2025-08-14 05:30:00+08:00,2586.2
2025-08-14 05:40:00+08:00,2613.8
2025-08-14 05:50:00+08:00,2592.8
2025-08-14 06:00:00+08:00,2605.8
2025-08-14 06:10:00+08:00,2617.2
2025-08-14 06:20:00+08:00,2643.0
2025-08-14 06:30:00+08:00,2649.1
2025-08-14 06:40:00+08:00,2686.5
2025-08-14 06:50:00+08:00,2720.2
2025-08-14 07:00:00+08:00,2752.1
2025-08-14 07:10:00+08:00,2797.3
2025-08-14 07:20:00+08:00,2822.8
2025-08-14 07:30:00+08:00,2870.6
2025-08-14 07:40:00+08:00,2962.6
2025-08-14 07:50:00+08:00,3027.2
2025-08-14 08:00:00+08:00,3128.7
2025-08-14 08:10:00+08:00,3248.4
2025-08-14 08:20:00+08:00,3302.3
2025-08-14 08:30:00+08:00,3391.7
2025-08-14 08:40:00+08:00,3428.6
2025-08-14 08:50:00+08:00,3488.1
2025-08-14 09:00:00+08:00,3513.4
2025-08-14 09:10:00+08:00,3499.8
2025-08-14 09:20:00+08:00,3525.5
2025-08-14 09:30:00+08:00,3562.8
2025-08-14 09:40:00+08:00,3586.8
2025-08-14 09:50:00+08:00,3618.6
2025-08-14 10:00:00+08:00,3618.4
2025-08-14 10:10:00+08:00,3657.1
2025-08-14 10:20:00+08:00,3660.4
2025-08-14 10:30:00+08:00,3725.1
2025-08-14 10:40:00+08:00,3724.5
2025-08-14 10:50:00+08:00,3746.4
2025-08-14 11:00:00+08:00,3761.6
2025-08-14 11:10:00+08:00,3769.3
2025-08-14 11:20:00+08:00,3771.0
2025-08-14 11:30:00+08:00,3788.8
2025-08-14 11:40:00+08:00,3813.4
2025-08-14 11:50:00+08:00,3807.1
2025-08-14 12:00:00+08:00,3763.7
2025-08-14 12:10:00+08:00,3699.5
2025-08-14 12:20:00+08:00,3691.1
2025-08-14 12:30:00+08:00,3699.2
2025-08-14 12:40:00+08:00,3708.4
2025-08-14 12:50:00+08:00,3715.6
2025-08-14 13:00:00+08:00,3766.9
2025-08-14 13:10:00+08:00,3842.3
2025-08-14 13:20:00+08:00,3865.1
2025-08-14 13:30:00+08:00,3866.6
2025-08-14 13:40:00+08:00,3890.7
2025-08-14 13:50:00+08:00,3881.8
2025-08-14 14:00:00+08:00,3889.2
2025-08-14 14:10:00+08:00,3878.2
2025-08-14 14:20:00+08:00,3878.8
2025-08-14 14:30:00+08:00,3861.1
2025-08-14 14:40:00+08:00,3873.7
2025-08-14 14:50:00+08:00,3895.7
2025-08-14 15:00:00+08:00,3887.1
2025-08-14 15:10:00+08:00,3885.8
2025-08-14 15:20:00+08:00,3873.9
2025-08-14 15:30:00+08:00,3869.0
2025-08-14 15:40:00+08:00,3848.0
2025-08-14 15:50:00+08:00,3847.8
2025-08-14 16:00:00+08:00,3826.1
2025-08-14 16:10:00+08:00,3800.7
2025-08-14 16:20:00+08:00,3812.8
2025-08-14 16:30:00+08:00,3787.7
2025-08-14 16:40:00+08:00,3769.7
2025-08-14 16:50:00+08:00,3745.9
2025-08-14 17:00:00+08:00,3675.1
2025-08-14 17:10:00+08:00,3617.5
2025-08-14 17:20:00+08:00,3599.0
2025-08-14 17:30:00+08:00,3578.3
2025-08-14 17:40:00+08:00,3568.2
2025-08-14 17:50:00+08:00,3574.4
2025-08-14 18:00:00+08:00,3561.5
2025-08-14 18:10:00+08:00,3562.8
2025-08-14 18:20:00+08:00,3552.5
2025-08-14 18:30:00+08:00,3555.1
2025-08-14 18:40:00+08:00,3546.7
2025-08-14 18:50:00+08:00,3562.7
2025-08-14 19:00:00+08:00,3559.2
2025-08-14 19:10:00+08:00,3533.8
2025-08-14 19:20:00+08:00,3533.9
2025-08-14 19:30:00+08:00,3520.1
2025-08-14 19:40:00+08:00,3508.9
2025-08-14 19:50:00+08:00,3504.1
2025-08-14 20:00:00+08:00,3496.0
2025-08-14 20:10:00+08:00,3482.2
2025-08-14 20:20:00+08:00,3469.6
2025-08-14 20:30:00+08:00,3459.4
2025-08-14 20:40:00+08:00,3439.1
2025-08-14 20:50:00+08:00,3436.4
2025-08-14 21:00:00+08:00,3422.4
2025-08-14 21:10:00+08:00,3381.4
2025-08-14 21:20:00+08:00,3376.6
2025-08-14 21:30:00+08:00,3364.3
2025-08-14 21:40:00+08:00,3369.0
2025-08-14 21:50:00+08:00,3349.2
2025-08-14 22:00:00+08:00,3325.0
2025-08-14 22:10:00+08:00,3341.3
2025-08-14 22:20:00+08:00,3326.0
2025-08-14 22:30:00+08:00,3316.5
2025-08-14 22:40:00+08:00,3286.4
2025-08-14 22:50:00+08:00,3260.1
2025-08-14 23:00:00+08:00,3249.0
2025-08-14 23:10:00+08:00,3222.1
2025-08-14 23:20:00+08:00,3202.0
2025-08-14 23:30:00+08:00,3141.9
2025-08-14 23:40:00+08:00,3135.4
2025-08-14 23:50:00+08:00,3110.8
2025-08-15 00:00:00+08:00,3075.2
2025-08-15 00:10:00+08:00,3096.8
2025-08-15 00:20:00+08:00,3066.1
2025-08-15 00:30:00+08:00,3054.6
2025-08-15 00:40:00+08:00,3037.2
2025-08-15 00:50:00+08:00,2996.4
2025-08-15 01:00:00+08:00,2991.8
2025-08-15 01:10:00+08:00,2977.0
2025-08-15 01:20:00+08:00,2949.1
2025-08-15 01:30:00+08:00,2922.6
2025-08-15 01:40:00+08:00,2925.4
2025-08-15 01:50:00+08:00,2896.7
2025-08-15 02:00:00+08:00,2883.9
2025-08-15 02:10:00+08:00,2871.2
2025-08-15 02:20:00+08:00,2859.3
2025-08-15 02:30:00+08:00,2820.3
2025-08-15 02:40:00+08:00,2824.3
2025-08-15 02:50:00+08:00,2819.8
2025-08-15 03:00:00+08:00,2814.8
2025-08-15 03:10:00+08:00,2809.2
2025-08-15 03:20:00+08:00,2769.0
2025-08-15 03:30:00+08:00,2763.0
2025-08-15 03:40:00+08:00,2730.7
2025-08-15 03:50:00+08:00,2761.9
2025-08-15 04:00:00+08:00,2738.9
2025-08-15 04:10:00+08:00,2733.7
2025-08-15 04:20:00+08:00,2739.8
2025-08-15 04:30:00+08:00,2729.1
2025-08-15 04:40:00+08:00,2718.0
2025-08-15 04:50:00+08:00,2726.0
2025-08-15 05:00:00+08:00,2724.3
2025-08-15 05:10:00+08:00,2734.3
2025-08-15 05:20:00+08:00,2738.0
2025-08-15 05:30:00+08:00,2717.6
2025-08-15 05:40:00+08:00,2702.7
2025-08-15 05:50:00+08:00,2700.7
2025-08-15 06:00:00+08:00,2707.3
2025-08-15 06:10:00+08:00,2739.5
2025-08-15 06:20:00+08:00,2745.9
2025-08-15 06:30:00+08:00,2753.0
2025-08-15 06:40:00+08:00,2756.6
2025-08-15 06:50:00+08:00,2800.8
2025-08-15 07:00:00+08:00,2813.1
2025-08-15 07:10:00+08:00,2880.0
2025-08-15 07:20:00+08:00,2897.5
2025-08-15 07:30:00+08:00,2943.1
2025-08-15 07:40:00+08:00,2996.7
2025-08-15 07:50:00+08:00,3079.3
2025-08-15 08:00:00+08:00,3162.1
2025-08-15 08:10:00+08:00,3310.3
2025-08-15 08:20:00+08:00,3367.5
2025-08-15 08:30:00+08:00,3422.5
2025-08-15 08:40:00+08:00,3477.0
2025-08-15 08:50:00+08:00,3508.3
2025-08-15 09:00:00+08:00,3505.2
2025-08-15 09:10:00+08:00,3531.6
2025-08-15 09:20:00+08:00,3565.1
2025-08-15 09:30:00+08:00,3579.3
2025-08-15 09:40:00+08:00,3600.7
2025-08-15 09:50:00+08:00,3610.2
2025-08-15 10:00:00+08:00,3641.4
2025-08-15 10:10:00+08:00,3647.6
2025-08-15 10:20:00+08:00,3671.8
2025-08-15 10:30:00+08:00,3696.9
2025-08-15 10:40:00+08:00,3724.6
2025-08-15 10:50:00+08:00,3739.7
2025-08-15 11:00:00+08:00,3766.7
2025-08-15 11:10:00+08:00,3798.5
2025-08-15 11:20:00+08:00,3805.2
2025-08-15 11:30:00+08:00,3834.2
2025-08-15 11:40:00+08:00,3830.7
2025-08-15 11:50:00+08:00,3819.1
2025-08-15 12:00:00+08:00,3770.3
2025-08-15 12:10:00+08:00,3727.8
2025-08-15 12:20:00+08:00,3725.2
2025-08-15 12:30:00+08:00,3719.9
2025-08-15 12:40:00+08:00,3751.7
2025-08-15 12:50:00+08:00,3725.8
2025-08-15 13:00:00+08:00,3768.5
2025-08-15 13:10:00+08:00,3855.1
2025-08-15 13:20:00+08:00,3886.8
2025-08-15 13:30:00+08:00,3883.5
2025-08-15 13:40:00+08:00,3882.4
2025-08-15 13:50:00+08:00,3911.1
2025-08-15 14:00:00+08:00,3919.1
2025-08-15 14:10:00+08:00,3925.5
2025-08-15 14:20:00+08:00,3904.3
2025-08-15 14:30:00+08:00,3910.8
2025-08-15 14:40:00+08:00,3904.1
2025-08-15 14:50:00+08:00,3892.0
2025-08-15 15:00:00+08:00,3878.7
2025-08-15 15:10:00+08:00,3857.6
2025-08-15 15:20:00+08:00,3873.8
2025-08-15 15:30:00+08:00,3859.6
2025-08-15 15:40:00+08:00,3878.0
2025-08-15 15:50:00+08:00,3810.2
2025-08-15 16:00:00+08:00,3806.3
2025-08-15 16:10:00+08:00,3804.2
2025-08-15 16:20:00+08:00,3789.7
2025-08-15 16:30:00+08:00,3793.3
2025-08-15 16:40:00+08:00,3762.4
2025-08-15 16:50:00+08:00,3733.2
2025-08-15 17:00:00+08:00,3682.5
2025-08-15 17:10:00+08:00,3630.3
2025-08-15 17:20:00+08:00,3618.3
2025-08-15 17:30:00+08:00,3595.1
2025-08-15 17:40:00+08:00,3574.7
2025-08-15 17:50:00+08:00,3564.7
2025-08-15 18:00:00+08:00,3553.5
2025-08-15 18:10:00+08:00,3535.3
2025-08-15 18:20:00+08:00,3517.0
2025-08-15 18:30:00+08:00,3533.0
2025-08-15 18:40:00+08:00,3534.3
2025-08-15 18:50:00+08:00,3538.9
2025-08-15 19:00:00+08:00,3535.7
2025-08-15 19:10:00+08:00,3518.7
2025-08-15 19:20:00+08:00,3511.9
2025-08-15 19:30:00+08:00,3512.9
2025-08-15 19:40:00+08:00,3493.6
2025-08-15 19:50:00+08:00,3483.4
2025-08-15 20:00:00+08:00,3476.2
2025-08-15 20:10:00+08:00,3461.3
2025-08-15 20:20:00+08:00,3454.2
2025-08-15 20:30:00+08:00,3446.9
2025-08-15 20:40:00+08:00,3440.3
2025-08-15 20:50:00+08:00,3426.9
2025-08-15 21:00:00+08:00,3409.6
2025-08-15 21:10:00+08:00,3396.3
2025-08-15 21:20:00+08:00,3378.8
2025-08-15 21:30:00+08:00,3376.0
2025-08-15 21:40:00+08:00,3376.6
2025-08-15 21:50:00+08:00,3365.7
2025-08-15 22:00:00+08:00,3341.7
2025-08-15 22:10:00+08:00,3349.4
2025-08-15 22:20:00+08:00,3349.1
2025-08-15 22:30:00+08:00,3351.0
2025-08-15 22:40:00+08:00,3316.4
2025-08-15 22:50:00+08:00,3292.0
2025-08-15 23:00:00+08:00,3268.9
2025-08-15 23:10:00+08:00,3253.8
2025-08-15 23:20:00+08:00,3224.9
2025-08-15 23:30:00+08:00,3208.8
2025-08-15 23:40:00+08:00,3195.5
2025-08-15 23:50:00+08:00,3142.4
2025-08-16 00:00:00+08:00,3132.5
2025-08-16 00:10:00+08:00,3121.2
2025-08-16 00:20:00+08:00,3138.5
2025-08-16 00:30:00+08:00,3099.4
2025-08-16 00:40:00+08:00,3095.2
2025-08-16 00:50:00+08:00,3054.0
2025-08-16 01:00:00+08:00,3044.6
2025-08-16 01:10:00+08:00,3039.1
2025-08-16 01:20:00+08:00,3021.4
2025-08-16 01:30:00+08:00,2992.1
2025-08-16 01:40:00+08:00,2951.3
2025-08-16 01:50:00+08:00,2956.8
2025-08-16 02:00:00+08:00,2955.1
2025-08-16 02:10:00+08:00,2947.7
2025-08-16 02:20:00+08:00,2901.1
2025-08-16 02:30:00+08:00,2916.7
2025-08-16 02:40:00+08:00,2897.2
2025-08-16 02:50:00+08:00,2863.8
2025-08-16 03:00:00+08:00,2860.2
2025-08-16 03:10:00+08:00,2827.1
2025-08-16 03:20:00+08:00,2837.8
2025-08-16 03:30:00+08:00,2827.8
2025-08-16 03:40:00+08:00,2818.6
2025-08-16 03:50:00+08:00,2789.7
2025-08-16 04:00:00+08:00,2778.8
2025-08-16 04:10:00+08:00,2767.4
2025-08-16 04:20:00+08:00,2762.9
2025-08-16 04:30:00+08:00,2778.3
2025-08-16 04:40:00+08:00,2758.0
2025-08-16 04:50:00+08:00,2752.6
2025-08-16 05:00:00+08:00,2752.6
2025-08-16 05:10:00+08:00,2761.3
2025-08-16 05:20:00+08:00,2731.0
2025-08-16 05:30:00+08:00,2725.8
2025-08-16 05:40:00+08:00,2707.3
2025-08-16 05:50:00+08:00,2696.6
2025-08-16 06:00:00+08:00,2712.1
2025-08-16 06:10:00+08:00,2699.2
2025-08-16 06:20:00+08:00,2710.8
2025-08-16 06:30:00+08:00,2687.2
2025-08-16 06:40:00+08:00,2682.6
2025-08-16 06:50:00+08:00,2698.0
2025-08-16 07:00:00+08:00,2722.6
2025-08-16 07:10:00+08:00,2752.6
2025-08-16 07:20:00+08:00,2780.4
2025-08-16 07:30:00+08:00,2787.4
2025-08-16 07:40:00+08:00,2792.0
2025-08-16 07:50:00+08:00,2809.4
2025-08-16 08:00:00+08:00,2864.7
2025-08-16 08:10:00+08:00,2911.1
2025-08-16 08:20:00+08:00,2937.3
2025-08-16 08:30:00+08:00,2994.0
2025-08-16 08:40:00+08:00,3006.0
2025-08-16 08:50:00+08:00,3029.0
2025-08-16 09:00:00+08:00,3059.6
2025-08-16 09:10:00+08:00,3076.2
2025-08-16 09:30:00+08:00,3135.5
2025-08-16 09:40:00+08:00,3158.9
2025-08-16 09:50:00+08:00,3184.9
2025-08-16 10:00:00+08:00,3226.8
2025-08-16 10:10:00+08:00,3226.8
2025-08-16 10:20:00+08:00,3240.6
2025-08-16 10:30:00+08:00,3292.6
2025-08-16 10:50:00+08:00,3332.8
2025-08-16 11:00:00+08:00,3326.1
2025-08-16 11:10:00+08:00,3346.7
2025-08-16 11:20:00+08:00,3374.6
2025-08-16 11:30:00+08:00,3367.0
2025-08-16 11:40:00+08:00,3377.3
2025-08-16 11:50:00+08:00,3378.2
2025-08-16 12:00:00+08:00,3411.4
2025-08-16 12:10:00+08:00,3411.6
2025-08-16 12:20:00+08:00,3382.6
2025-08-16 12:30:00+08:00,3402.7
2025-08-16 12:40:00+08:00,3402.6
2025-08-16 12:50:00+08:00,3436.3
2025-08-16 13:00:00+08:00,3460.1
2025-08-16 13:10:00+08:00,3435.2
2025-08-16 13:20:00+08:00,3454.6
2025-08-16 13:30:00+08:00,3474.2
2025-08-16 13:40:00+08:00,3490.0
2025-08-16 13:50:00+08:00,3480.6
2025-08-16 14:00:00+08:00,3481.1
2025-08-16 14:10:00+08:00,3470.1
2025-08-16 14:20:00+08:00,3475.1
2025-08-16 14:30:00+08:00,3484.1
2025-08-16 14:40:00+08:00,3481.4
2025-08-16 14:50:00+08:00,3463.1
2025-08-16 15:00:00+08:00,3504.7
2025-08-16 15:10:00+08:00,3457.2
2025-08-16 15:20:00+08:00,3481.6
2025-08-16 15:30:00+08:00,3487.4
2025-08-16 15:40:00+08:00,3477.8
2025-08-16 15:50:00+08:00,3480.0
2025-08-16 16:00:00+08:00,3487.6
2025-08-16 16:10:00+08:00,3477.7
2025-08-16 16:20:00+08:00,3466.8
2025-08-16 16:30:00+08:00,3457.5
2025-08-16 16:40:00+08:00,3464.8
2025-08-16 16:50:00+08:00,3436.4
2025-08-16 17:00:00+08:00,3399.3
2025-08-16 17:10:00+08:00,3386.8
2025-08-16 17:20:00+08:00,3392.7
2025-08-16 17:30:00+08:00,3390.8
2025-08-16 17:40:00+08:00,3407.4
2025-08-16 17:50:00+08:00,3366.0
2025-08-16 18:00:00+08:00,3392.4
2025-08-16 18:10:00+08:00,3382.8
2025-08-16 18:20:00+08:00,3352.5
2025-08-16 18:30:00+08:00,3368.9
2025-08-16 18:40:00+08:00,3384.3
2025-08-16 18:50:00+08:00,3395.2
2025-08-16 19:00:00+08:00,3401.5
2025-08-16 19:10:00+08:00,3373.6
2025-08-16 19:20:00+08:00,3363.3
2025-08-16 19:30:00+08:00,3368.0
2025-08-16 19:40:00+08:00,3369.9
2025-08-16 19:50:00+08:00,3370.9
2025-08-16 20:00:00+08:00,3384.2
2025-08-16 20:10:00+08:00,3349.7
2025-08-16 20:20:00+08:00,3367.2
2025-08-16 20:30:00+08:00,3356.9
2025-08-16 20:40:00+08:00,3356.9
2025-08-16 20:50:00+08:00,3343.0
2025-08-16 21:00:00+08:00,3334.7
2025-08-16 21:10:00+08:00,3332.1
2025-08-16 21:20:00+08:00,3318.6
2025-08-16 21:30:00+08:00,3322.1
2025-08-16 21:40:00+08:00,3306.3
2025-08-16 21:50:00+08:00,3285.0
2025-08-16 22:00:00+08:00,3268.8
2025-08-16 22:10:00+08:00,3240.3
2025-08-16 22:20:00+08:00,3234.4
2025-08-16 22:30:00+08:00,3214.4
2025-08-16 22:40:00+08:00,3211.3
2025-08-16 22:50:00+08:00,3189.4
2025-08-16 23:00:00+08:00,3166.4
2025-08-16 23:10:00+08:00,3144.4
2025-08-16 23:20:00+08:00,3119.1
2025-08-16 23:30:00+08:00,3097.1
2025-08-16 23:40:00+08:00,3077.3
2025-08-16 23:50:00+08:00,3051.3
2025-08-17 00:00:00+08:00,3033.3
2025-08-17 00:10:00+08:00,3014.0
2025-08-17 00:20:00+08:00,2994.3
2025-08-17 00:30:00+08:00,2991.9
2025-08-17 00:40:00+08:00,2980.1
2025-08-17 00:50:00+08:00,2953.8
2025-08-17 01:00:00+08:00,2918.8
2025-08-17 01:10:00+08:00,2905.4
2025-08-17 01:20:00+08:00,2868.6
2025-08-17 01:30:00+08:00,2856.7
2025-08-17 01:40:00+08:00,2852.5
2025-08-17 01:50:00+08:00,2815.4
2025-08-17 02:00:00+08:00,2814.6
2025-08-17 02:10:00+08:00,2791.7
2025-08-17 02:20:00+08:00,2781.9
2025-08-17 02:30:00+08:00,2788.8
2025-08-17 02:40:00+08:00,2762.5
2025-08-17 02:50:00+08:00,2741.2
2025-08-17 03:00:00+08:00,2746.5
2025-08-17 03:10:00+08:00,2731.9
2025-08-17 03:20:00+08:00,2722.3
2025-08-17 03:30:00+08:00,2695.7
2025-08-17 03:40:00+08:00,2701.8
2025-08-17 03:50:00+08:00,2679.8
2025-08-17 04:00:00+08:00,2660.4
2025-08-17 04:10:00+08:00,2666.4
2025-08-17 04:20:00+08:00,2662.2
2025-08-17 04:30:00+08:00,2659.7
2025-08-17 04:40:00+08:00,2647.3
2025-08-17 04:50:00+08:00,2642.2
2025-08-17 05:00:00+08:00,2629.7
2025-08-17 05:10:00+08:00,2630.6
2025-08-17 05:20:00+08:00,2625.8
2025-08-17 05:30:00+08:00,2600.3
2025-08-17 05:40:00+08:00,2612.8
2025-08-17 05:50:00+08:00,2578.4
2025-08-17 06:00:00+08:00,2594.0
2025-08-17 06:10:00+08:00,2600.6
2025-08-17 06:20:00+08:00,2598.4
2025-08-17 06:30:00+08:00,2596.3
2025-08-17 06:40:00+08:00,2626.0
2025-08-17 06:50:00+08:00,2604.0
2025-08-17 07:00:00+08:00,2610.6
2025-08-17 07:10:00+08:00,2648.7
2025-08-17 07:20:00+08:00,2669.5
2025-08-17 07:30:00+08:00,2677.3
2025-08-17 07:40:00+08:00,2687.3
2025-08-17 07:50:00+08:00,2714.1
2025-08-17 08:00:00+08:00,2730.7
2025-08-17 08:10:00+08:00,2751.6
2025-08-17 08:20:00+08:00,2793.6
2025-08-17 08:30:00+08:00,2802.6
2025-08-17 08:40:00+08:00,2818.9
2025-08-17 08:50:00+08:00,2833.2
2025-08-17 09:00:00+08:00,2873.4
2025-08-17 09:10:00+08:00,2894.8
2025-08-17 09:20:00+08:00,2915.4
2025-08-17 09:30:00+08:00,2932.3
2025-08-17 09:40:00+08:00,2971.6
2025-08-17 09:50:00+08:00,3002.7
2025-08-17 10:00:00+08:00,3030.9
2025-08-17 10:10:00+08:00,3028.9
2025-08-17 10:20:00+08:00,3045.5
2025-08-17 10:30:00+08:00,3091.9
2025-08-17 10:40:00+08:00,3088.2
2025-08-17 10:50:00+08:00,3097.1
2025-08-17 11:00:00+08:00,3148.6
2025-08-17 11:10:00+08:00,3150.5
2025-08-17 11:20:00+08:00,3168.2
2025-08-17 11:30:00+08:00,3168.9
2025-08-17 11:40:00+08:00,3190.8
2025-08-17 11:50:00+08:00,3208.6
2025-08-17 12:00:00+08:00,3226.7
2025-08-17 12:10:00+08:00,3205.1
2025-08-17 12:20:00+08:00,3188.1
2025-08-17 12:30:00+08:00,3205.7
2025-08-17 12:40:00+08:00,3241.0
2025-08-17 12:50:00+08:00,3244.1
2025-08-17 13:00:00+08:00,3240.1
2025-08-17 13:10:00+08:00,3234.4
2025-08-17 13:20:00+08:00,3241.5
2025-08-17 13:30:00+08:00,3282.2
2025-08-17 13:40:00+08:00,3291.2
2025-08-17 13:50:00+08:00,3276.6
2025-08-17 14:00:00+08:00,3265.7
2025-08-17 14:10:00+08:00,3274.2
2025-08-17 14:20:00+08:00,3269.2
2025-08-17 14:30:00+08:00,3278.7
2025-08-17 14:40:00+08:00,3260.8
2025-08-17 14:50:00+08:00,3267.5
2025-08-17 15:00:00+08:00,3270.1
2025-08-17 15:10:00+08:00,3284.9
2025-08-17 15:20:00+08:00,3268.9
2025-08-17 15:30:00+08:00,3269.1
2025-08-17 15:40:00+08:00,3267.3
2025-08-17 15:50:00+08:00,3274.0
2025-08-17 16:00:00+08:00,3251.8
2025-08-17 16:10:00+08:00,3267.6
2025-08-17 16:20:00+08:00,3252.8
2025-08-17 16:30:00+08:00,3310.0
2025-08-17 16:40:00+08:00,3289.2
2025-08-17 16:50:00+08:00,3285.8
2025-08-17 17:00:00+08:00,3281.0
2025-08-17 17:10:00+08:00,3293.3
2025-08-17 17:20:00+08:00,3284.8
2025-08-17 17:30:00+08:00,3266.2
2025-08-17 17:40:00+08:00,3294.1
2025-08-17 17:50:00+08:00,3273.8
2025-08-17 18:00:00+08:00,3262.8
2025-08-17 18:10:00+08:00,3279.8
2025-08-17 18:20:00+08:00,3262.2
2025-08-17 18:30:00+08:00,3279.3
2025-08-17 18:40:00+08:00,3291.8
2025-08-17 18:50:00+08:00,3296.9
2025-08-17 19:00:00+08:00,3315.1
2025-08-17 19:10:00+08:00,3313.4
2025-08-17 19:20:00+08:00,3311.8
2025-08-17 19:30:00+08:00,3321.4
2025-08-17 19:40:00+08:00,3319.7
2025-08-17 19:50:00+08:00,3311.0
2025-08-17 20:00:00+08:00,3282.3
2025-08-17 20:10:00+08:00,3285.5
2025-08-17 20:20:00+08:00,3279.4
2025-08-17 20:30:00+08:00,3270.3
2025-08-17 20:40:00+08:00,3282.3
2025-08-17 20:50:00+08:00,3250.4
2025-08-17 21:00:00+08:00,3261.5
2025-08-17 21:10:00+08:00,3275.8
2025-08-17 21:20:00+08:00,3260.7
2025-08-17 21:30:00+08:00,3264.3
2025-08-17 21:40:00+08:00,3235.7
2025-08-17 21:50:00+08:00,3222.7
2025-08-17 22:00:00+08:00,3219.0
2025-08-17 22:10:00+08:00,3194.6
2025-08-17 22:20:00+08:00,3180.2
2025-08-17 22:30:00+08:00,3184.6
2025-08-17 22:40:00+08:00,3154.2
2025-08-17 22:50:00+08:00,3141.7
2025-08-17 23:00:00+08:00,3126.7
2025-08-17 23:10:00+08:00,3088.2
2025-08-17 23:20:00+08:00,3057.4
2025-08-17 23:30:00+08:00,3026.3
2025-08-17 23:40:00+08:00,3020.6
2025-08-17 23:50:00+08:00,2995.2
2025-08-18 00:00:00+08:00,2963.2
2025-08-18 00:10:00+08:00,2940.4
2025-08-18 00:20:00+08:00,2908.9
2025-08-18 00:30:00+08:00,2925.4
2025-08-18 00:40:00+08:00,2883.7
2025-08-18 00:50:00+08:00,2869.6
2025-08-18 01:00:00+08:00,2846.2
2025-08-18 01:10:00+08:00,2835.9
2025-08-18 01:20:00+08:00,2811.3
2025-08-18 01:30:00+08:00,2779.4
2025-08-18 01:40:00+08:00,2780.7
2025-08-18 01:50:00+08:00,2763.7
2025-08-18 02:00:00+08:00,2742.7
2025-08-18 02:10:00+08:00,2698.3
2025-08-18 02:20:00+08:00,2723.4
2025-08-18 02:30:00+08:00,2717.2
2025-08-18 02:40:00+08:00,2714.0
2025-08-18 02:50:00+08:00,2690.7
2025-08-18 03:00:00+08:00,2655.4
2025-08-18 03:10:00+08:00,2670.1
2025-08-18 03:20:00+08:00,2629.8
2025-08-18 03:30:00+08:00,2631.3
2025-08-18 03:40:00+08:00,2639.1
2025-08-18 03:50:00+08:00,2621.9
2025-08-18 04:00:00+08:00,2619.8
2025-08-18 04:10:00+08:00,2610.9
2025-08-18 04:20:00+08:00,2606.4
2025-08-18 04:30:00+08:00,2600.9
2025-08-18 04:40:00+08:00,2594.7
2025-08-18 04:50:00+08:00,2604.8
2025-08-18 05:00:00+08:00,2603.5
2025-08-18 05:10:00+08:00,2608.3
2025-08-18 05:20:00+08:00,2595.6
2025-08-18 05:30:00+08:00,2567.2
2025-08-18 05:40:00+08:00,2594.7
2025-08-18 05:50:00+08:00,2583.3
2025-08-18 06:00:00+08:00,2595.5
2025-08-18 06:10:00+08:00,2627.2
2025-08-18 06:20:00+08:00,2653.9
2025-08-18 06:30:00+08:00,2633.5
2025-08-18 06:40:00+08:00,2666.4
2025-08-18 06:50:00+08:00,2699.9
2025-08-18 07:00:00+08:00,2729.1
2025-08-18 07:10:00+08:00,2783.4
2025-08-18 07:20:00+08:00,2817.1
2025-08-18 07:30:00+08:00,2870.9
2025-08-18 07:40:00+08:00,2930.5
2025-08-18 07:50:00+08:00,3013.5
2025-08-18 08:00:00+08:00,3131.7
2025-08-18 08:10:00+08:00,3268.1
2025-08-18 08:20:00+08:00,3365.2
2025-08-18 08:30:00+08:00,3427.7
2025-08-18 08:40:00+08:00,3488.1
2025-08-18 08:50:00+08:00,3488.6
2025-08-18 09:00:00+08:00,3544.8
2025-08-18 09:10:00+08:00,3570.2
2025-08-18 09:20:00+08:00,3596.0
2025-08-18 09:30:00+08:00,3612.5
2025-08-18 09:40:00+08:00,3626.7
2025-08-18 09:50:00+08:00,3658.6
2025-08-18 10:00:00+08:00,3656.3
2025-08-18 10:10:00+08:00,3703.7
2025-08-18 10:20:00+08:00,3726.5
2025-08-18 10:30:00+08:00,3755.8
2025-08-18 10:40:00+08:00,3775.0
2025-08-18 10:50:00+08:00,3808.7
2025-08-18 11:00:00+08:00,3850.7
2025-08-18 11:10:00+08:00,3853.9
2025-08-18 11:20:00+08:00,3836.7
2025-08-18 11:30:00+08:00,3854.1
2025-08-18 11:40:00+08:00,3850.8
2025-08-18 11:50:00+08:00,3848.5
2025-08-18 12:00:00+08:00,3829.3
2025-08-18 12:10:00+08:00,3767.5
2025-08-18 12:20:00+08:00,3758.2
2025-08-18 12:30:00+08:00,3750.4
2025-08-18 12:40:00+08:00,3762.2
2025-08-18 12:50:00+08:00,3775.9
2025-08-18 13:00:00+08:00,3826.9
2025-08-18 13:10:00+08:00,3903.6
2025-08-18 13:20:00+08:00,3891.7
2025-08-18 13:30:00+08:00,3889.1
2025-08-18 13:40:00+08:00,3919.3
2025-08-18 13:50:00+08:00,3938.7
2025-08-18 14:00:00+08:00,3949.7
2025-08-18 14:10:00+08:00,3961.4
2025-08-18 14:20:00+08:00,3908.6
2025-08-18 14:30:00+08:00,3889.3
2025-08-18 14:40:00+08:00,3911.3
2025-08-18 14:50:00+08:00,3897.7
2025-08-18 15:00:00+08:00,3910.0
2025-08-18 15:10:00+08:00,3866.0
2025-08-18 15:20:00+08:00,3869.8
2025-08-18 15:30:00+08:00,3862.4
2025-08-18 15:40:00+08:00,3847.0
2025-08-18 15:50:00+08:00,3837.9
2025-08-18 16:00:00+08:00,3804.2
2025-08-18 16:10:00+08:00,3797.7
2025-08-18 16:20:00+08:00,3802.6
2025-08-18 16:30:00+08:00,3779.6
2025-08-18 16:40:00+08:00,3758.2
2025-08-18 16:50:00+08:00,3741.3
2025-08-18 17:00:00+08:00,3695.2
2025-08-18 17:10:00+08:00,3644.1
2025-08-18 17:20:00+08:00,3622.0
2025-08-18 17:30:00+08:00,3601.3
2025-08-18 17:40:00+08:00,3591.2
2025-08-18 17:50:00+08:00,3587.2
2025-08-18 18:00:00+08:00,3586.9
2025-08-18 18:10:00+08:00,3574.4
2025-08-18 18:20:00+08:00,3557.8
2025-08-18 18:30:00+08:00,3560.8
2025-08-18 18:40:00+08:00,3566.6
2025-08-18 18:50:00+08:00,3565.3
2025-08-18 19:00:00+08:00,3563.6
2025-08-18 19:10:00+08:00,3556.6
2025-08-18 19:20:00+08:00,3550.6
2025-08-18 19:30:00+08:00,3531.9
2025-08-18 19:40:00+08:00,3521.4
2025-08-18 19:50:00+08:00,3517.9
2025-08-18 20:00:00+08:00,3507.3
2025-08-18 20:10:00+08:00,3497.9
2025-08-18 20:20:00+08:00,3480.6
2025-08-18 20:30:00+08:00,3471.9
2025-08-18 20:40:00+08:00,3450.7
2025-08-18 20:50:00+08:00,3443.5
2025-08-18 21:00:00+08:00,3427.5
2025-08-18 21:10:00+08:00,3405.2
2025-08-18 21:20:00+08:00,3402.6
2025-08-18 21:30:00+08:00,3385.1
2025-08-18 21:40:00+08:00,3368.3
2025-08-18 21:50:00+08:00,3354.5
2025-08-18 22:00:00+08:00,3335.4
2025-08-18 22:10:00+08:00,3354.6
2025-08-18 22:20:00+08:00,3336.5
2025-08-18 22:30:00+08:00,3309.8
2025-08-18 22:40:00+08:00,3287.2
2025-08-18 22:50:00+08:00,3284.4
2025-08-18 23:00:00+08:00,3230.4
2025-08-18 23:10:00+08:00,3221.8
2025-08-18 23:20:00+08:00,3184.3
2025-08-18 23:30:00+08:00,3160.3
2025-08-18 23:40:00+08:00,3143.9
2025-08-18 23:50:00+08:00,3097.5
2025-08-19 00:00:00+08:00,3081.8
2025-08-19 00:10:00+08:00,3067.6
2025-08-19 00:20:00+08:00,3079.0
2025-08-19 00:30:00+08:00,3039.5
2025-08-19 00:40:00+08:00,3018.9
2025-08-19 00:50:00+08:00,3007.3
2025-08-19 01:00:00+08:00,2998.0
2025-08-19 01:10:00+08:00,2992.2
2025-08-19 01:20:00+08:00,2966.9
2025-08-19 01:30:00+08:00,2954.8
2025-08-19 01:40:00+08:00,2911.7
2025-08-19 01:50:00+08:00,2910.8
2025-08-19 02:00:00+08:00,2884.5
2025-08-19 02:10:00+08:00,2886.3
2025-08-19 02:20:00+08:00,2872.5
2025-08-19 02:30:00+08:00,2846.1
2025-08-19 02:40:00+08:00,2846.3
2025-08-19 02:50:00+08:00,2809.8
2025-08-19 03:00:00+08:00,2820.8
2025-08-19 03:10:00+08:00,2811.8
2025-08-19 03:20:00+08:00,2793.4
2025-08-19 03:30:00+08:00,2781.8
2025-08-19 03:40:00+08:00,2760.2
2025-08-19 03:50:00+08:00,2769.3
2025-08-19 04:00:00+08:00,2739.1
2025-08-19 04:10:00+08:00,2753.6
2025-08-19 04:20:00+08:00,2755.1
2025-08-19 04:30:00+08:00,2741.8
2025-08-19 04:40:00+08:00,2733.9
2025-08-19 04:50:00+08:00,2732.2
2025-08-19 05:00:00+08:00,2735.1
2025-08-19 05:10:00+08:00,2740.0
2025-08-19 05:20:00+08:00,2728.0
2025-08-19 05:30:00+08:00,2723.9
2025-08-19 05:40:00+08:00,2704.5
2025-08-19 05:50:00+08:00,2738.7
2025-08-19 06:00:00+08:00,2732.5
2025-08-19 06:10:00+08:00,2736.8
2025-08-19 06:20:00+08:00,2751.4
2025-08-19 06:30:00+08:00,2739.6
2025-08-19 06:40:00+08:00,2764.9
2025-08-19 06:50:00+08:00,2787.8
2025-08-19 07:00:00+08:00,2815.5
2025-08-19 07:10:00+08:00,2858.5
2025-08-19 07:20:00+08:00,2909.0
2025-08-19 07:30:00+08:00,2959.9
2025-08-19 07:40:00+08:00,3026.3
2025-08-19 07:50:00+08:00,3085.4
2025-08-19 08:00:00+08:00,3201.7
2025-08-19 08:10:00+08:00,3335.5
2025-08-19 08:20:00+08:00,3404.5
2025-08-19 08:30:00+08:00,3472.3
2025-08-19 08:40:00+08:00,3534.3
2025-08-19 08:50:00+08:00,3555.3
2025-08-19 09:00:00+08:00,3575.3
2025-08-19 09:10:00+08:00,3609.2
2025-08-19 09:20:00+08:00,3618.8
2025-08-19 09:30:00+08:00,3629.1
2025-08-19 09:40:00+08:00,3689.3
2025-08-19 09:50:00+08:00,3695.5
2025-08-19 10:00:00+08:00,3699.5
2025-08-19 10:10:00+08:00,3733.7
2025-08-19 10:20:00+08:00,3746.2
2025-08-19 10:30:00+08:00,3778.8
2025-08-19 10:40:00+08:00,3798.8
2025-08-19 10:50:00+08:00,3826.7
2025-08-19 11:00:00+08:00,3857.9
2025-08-19 11:10:00+08:00,3867.6
2025-08-19 11:20:00+08:00,3848.5
2025-08-19 11:30:00+08:00,3880.8
2025-08-19 11:40:00+08:00,3901.2
2025-08-19 11:50:00+08:00,3906.7
2025-08-19 12:00:00+08:00,3849.1
2025-08-19 12:10:00+08:00,3811.2
2025-08-19 12:20:00+08:00,3790.6
2025-08-19 12:30:00+08:00,3802.2
2025-08-19 12:40:00+08:00,3817.3
2025-08-19 12:50:00+08:00,3817.4
2025-08-19 13:00:00+08:00,3847.0
2025-08-19 13:10:00+08:00,3887.8
2025-08-19 13:20:00+08:00,3911.8
2025-08-19 13:30:00+08:00,3919.6
2025-08-19 13:40:00+08:00,3942.6
2025-08-19 13:50:00+08:00,3913.1
2025-08-19 14:00:00+08:00,3953.2
2025-08-19 14:10:00+08:00,3971.6
2025-08-19 14:20:00+08:00,3973.3
2025-08-19 14:30:00+08:00,3953.6
2025-08-19 14:40:00+08:00,3940.8
2025-08-19 14:50:00+08:00,3975.9
2025-08-19 15:00:00+08:00,3976.0
2025-08-19 15:10:00+08:00,3934.7
2025-08-19 15:20:00+08:00,3891.1
2025-08-19 15:30:00+08:00,3887.1
2025-08-19 15:40:00+08:00,3877.1
2025-08-19 15:50:00+08:00,3863.9
2025-08-19 16:00:00+08:00,3847.2
2025-08-19 16:10:00+08:00,3832.8
2025-08-19 16:20:00+08:00,3845.8
2025-08-19 16:30:00+08:00,3825.0
2025-08-19 16:40:00+08:00,3812.1
2025-08-19 16:50:00+08:00,3785.5
2025-08-19 17:00:00+08:00,3713.3
2025-08-19 17:10:00+08:00,3653.2
2025-08-19 17:20:00+08:00,3638.5
2025-08-19 17:30:00+08:00,3603.8
2025-08-19 17:40:00+08:00,3589.8
2025-08-19 17:50:00+08:00,3594.8
2025-08-19 18:00:00+08:00,3590.4
2025-08-19 18:10:00+08:00,3577.1
2025-08-19 18:20:00+08:00,3581.5
2025-08-19 18:30:00+08:00,3578.2
2025-08-19 18:40:00+08:00,3588.5
2025-08-19 18:50:00+08:00,3585.1
2025-08-19 19:00:00+08:00,3581.7
2025-08-19 19:10:00+08:00,3568.0
2025-08-19 19:20:00+08:00,3560.1
2025-08-19 19:30:00+08:00,3549.9
2025-08-19 19:40:00+08:00,3538.6
2025-08-19 19:50:00+08:00,3531.0
2025-08-19 20:00:00+08:00,3522.4
2025-08-19 20:10:00+08:00,3498.7
2025-08-19 20:20:00+08:00,3489.8
2025-08-19 20:30:00+08:00,3483.3
2025-08-19 20:40:00+08:00,3469.3
2025-08-19 20:50:00+08:00,3473.5
2025-08-19 21:00:00+08:00,3449.2
2025-08-19 21:10:00+08:00,3418.3
2025-08-19 21:20:00+08:00,3399.7
2025-08-19 21:30:00+08:00,3389.7
2025-08-19 21:40:00+08:00,3397.3
2025-08-19 21:50:00+08:00,3366.1
2025-08-19 22:00:00+08:00,3365.6
2025-08-19 22:10:00+08:00,3352.8
2025-08-19 22:20:00+08:00,3365.4
2025-08-19 22:30:00+08:00,3340.9
2025-08-19 22:40:00+08:00,3327.1
2025-08-19 22:50:00+08:00,3302.1
2025-08-19 23:00:00+08:00,3258.3
2025-08-19 23:10:00+08:00,3256.4
2025-08-19 23:20:00+08:00,3225.0
2025-08-19 23:30:00+08:00,3193.8
2025-08-19 23:40:00+08:00,3161.4
2025-08-19 23:50:00+08:00,3142.2
2025-08-20 00:00:00+08:00,3108.8
2025-08-20 00:10:00+08:00,3115.9
2025-08-20 00:20:00+08:00,3099.8
2025-08-20 00:30:00+08:00,3063.5
2025-08-20 00:40:00+08:00,3044.8
2025-08-20 00:50:00+08:00,3021.9
2025-08-20 01:00:00+08:00,3025.9
2025-08-20 01:10:00+08:00,3003.4
2025-08-20 01:20:00+08:00,2990.5
2025-08-20 01:30:00+08:00,2951.9
2025-08-20 01:40:00+08:00,2938.4
2025-08-20 01:50:00+08:00,2920.5
2025-08-20 02:00:00+08:00,2894.8
2025-08-20 02:10:00+08:00,2900.4
2025-08-20 02:20:00+08:00,2872.3
2025-08-20 02:30:00+08:00,2873.7
2025-08-20 02:40:00+08:00,2853.6
2025-08-20 02:50:00+08:00,2860.8
2025-08-20 03:00:00+08:00,2853.4
2025-08-20 03:10:00+08:00,2815.2
2025-08-20 03:20:00+08:00,2816.6
2025-08-20 03:30:00+08:00,2805.3
2025-08-20 03:40:00+08:00,2797.9
2025-08-20 03:50:00+08:00,2801.8
2025-08-20 04:00:00+08:00,2767.8
2025-08-20 04:10:00+08:00,2770.9
2025-08-20 04:20:00+08:00,2760.0
2025-08-20 04:30:00+08:00,2759.3
2025-08-20 04:40:00+08:00,2762.3
2025-08-20 04:50:00+08:00,2741.7
2025-08-20 05:00:00+08:00,2753.1
2025-08-20 05:10:00+08:00,2766.0
2025-08-20 05:20:00+08:00,2751.6
2025-08-20 05:30:00+08:00,2756.7
2025-08-20 05:40:00+08:00,2738.0
2025-08-20 05:50:00+08:00,2745.4
2025-08-20 06:00:00+08:00,2733.6
2025-08-20 06:10:00+08:00,2756.8
2025-08-20 06:20:00+08:00,2773.1
2025-08-20 06:30:00+08:00,2772.4
2025-08-20 06:40:00+08:00,2799.8
2025-08-20 06:50:00+08:00,2824.1
2025-08-20 07:00:00+08:00,2852.1
2025-08-20 07:10:00+08:00,2882.9
2025-08-20 07:20:00+08:00,2941.3
2025-08-20 07:30:00+08:00,2980.1
2025-08-20 07:40:00+08:00,3017.4
2025-08-20 07:50:00+08:00,3080.6
2025-08-20 08:00:00+08:00,3178.0
2025-08-20 08:10:00+08:00,3320.3
2025-08-20 08:20:00+08:00,3389.2
2025-08-20 08:30:00+08:00,3451.4
2025-08-20 08:40:00+08:00,3500.5
2025-08-20 08:50:00+08:00,3558.8
2025-08-20 09:00:00+08:00,3574.2
2025-08-20 09:10:00+08:00,3572.8
2025-08-20 09:20:00+08:00,3595.5
2025-08-20 09:30:00+08:00,3604.4
2025-08-20 09:40:00+08:00,3626.5
2025-08-20 09:50:00+08:00,3630.9
2025-08-20 10:00:00+08:00,3655.2
2025-08-20 10:10:00+08:00,3688.8
2025-08-20 10:20:00+08:00,3720.7
2025-08-20 10:30:00+08:00,3746.9
2025-08-20 10:40:00+08:00,3806.3
2025-08-20 10:50:00+08:00,3812.4
2025-08-20 11:00:00+08:00,3792.3
2025-08-20 11:10:00+08:00,3815.7
2025-08-20 11:20:00+08:00,3850.8
2025-08-20 11:30:00+08:00,3876.3
2025-08-20 11:40:00+08:00,3900.9
2025-08-20 11:50:00+08:00,3854.5
2025-08-20 12:00:00+08:00,3809.3
2025-08-20 12:10:00+08:00,3779.3
2025-08-20 12:20:00+08:00,3743.8
2025-08-20 12:30:00+08:00,3746.1
2025-08-20 12:40:00+08:00,3769.8
2025-08-20 12:50:00+08:00,3778.6
2025-08-20 13:00:00+08:00,3867.4
2025-08-20 13:10:00+08:00,3971.7
2025-08-20 13:20:00+08:00,3937.1
2025-08-20 13:30:00+08:00,3921.9
2025-08-20 13:40:00+08:00,3935.0
2025-08-20 13:50:00+08:00,3935.8
2025-08-20 14:00:00+08:00,3882.1
2025-08-20 14:10:00+08:00,3911.4
2025-08-20 14:20:00+08:00,3867.7
2025-08-20 14:30:00+08:00,3858.9
2025-08-20 14:40:00+08:00,3852.8
2025-08-20 14:50:00+08:00,3825.6
2025-08-20 15:00:00+08:00,3830.3
2025-08-20 15:10:00+08:00,3841.6
2025-08-20 15:20:00+08:00,3801.0
2025-08-20 15:30:00+08:00,3728.3
2025-08-20 15:40:00+08:00,3665.8
2025-08-20 15:50:00+08:00,3662.9
2025-08-20 16:00:00+08:00,3646.2
2025-08-20 16:10:00+08:00,3593.7
2025-08-20 16:20:00+08:00,3574.4
2025-08-20 16:30:00+08:00,3560.1
2025-08-20 16:40:00+08:00,3517.0
2025-08-20 16:50:00+08:00,3489.6
2025-08-20 17:00:00+08:00,3420.1
2025-08-20 17:10:00+08:00,3340.5
2025-08-20 17:20:00+08:00,3351.7
2025-08-20 17:30:00+08:00,3342.8
2025-08-20 17:40:00+08:00,3337.4
2025-08-20 17:50:00+08:00,3339.1
2025-08-20 18:00:00+08:00,3336.9
2025-08-20 18:10:00+08:00,3326.5
2025-08-20 18:20:00+08:00,3319.9
2025-08-20 18:30:00+08:00,3328.5
2025-08-20 18:40:00+08:00,3340.9
2025-08-20 18:50:00+08:00,3336.5
2025-08-20 19:00:00+08:00,3331.4
2025-08-20 19:10:00+08:00,3321.1
2025-08-20 19:20:00+08:00,3310.2
2025-08-20 19:30:00+08:00,3301.8
2025-08-20 19:40:00+08:00,3294.2
2025-08-20 19:50:00+08:00,3283.5
2025-08-20 20:00:00+08:00,3278.3
2025-08-20 20:10:00+08:00,3269.3
2025-08-20 20:20:00+08:00,3263.9
2025-08-20 20:30:00+08:00,3251.6
2025-08-20 20:40:00+08:00,3236.6
2025-08-20 20:50:00+08:00,3224.5
2025-08-20 21:00:00+08:00,3213.5
2025-08-20 21:10:00+08:00,3190.3
2025-08-20 21:20:00+08:00,3183.4
2025-08-20 21:30:00+08:00,3177.3
2025-08-20 21:40:00+08:00,3177.7
2025-08-20 21:50:00+08:00,3160.0
2025-08-20 22:00:00+08:00,3153.2
2025-08-20 22:10:00+08:00,3152.5
2025-08-20 22:20:00+08:00,3138.7
2025-08-20 22:30:00+08:00,3110.6
2025-08-20 22:40:00+08:00,3110.8
2025-08-20 22:50:00+08:00,3081.3
2025-08-20 23:00:00+08:00,3050.9
2025-08-20 23:10:00+08:00,3043.1
2025-08-20 23:20:00+08:00,3019.7
2025-08-20 23:30:00+08:00,3003.4
2025-08-20 23:40:00+08:00,2955.8
2025-08-20 23:50:00+08:00,2923.8
2025-08-21 00:00:00+08:00,2899.5
2025-08-21 00:10:00+08:00,2903.3
2025-08-21 00:20:00+08:00,2908.0
2025-08-21 00:30:00+08:00,2883.5
2025-08-21 00:40:00+08:00,2878.1
2025-08-21 00:50:00+08:00,2836.4
2025-08-21 01:00:00+08:00,2834.7
2025-08-21 01:10:00+08:00,2798.2
2025-08-21 01:20:00+08:00,2800.7
2025-08-21 01:30:00+08:00,2774.7
2025-08-21 01:40:00+08:00,2761.4
2025-08-21 01:50:00+08:00,2746.2
2025-08-21 02:00:00+08:00,2741.1
2025-08-21 02:10:00+08:00,2738.7
2025-08-21 02:20:00+08:00,2703.3
2025-08-21 02:30:00+08:00,2722.7
2025-08-21 02:40:00+08:00,2696.6
2025-08-21 02:50:00+08:00,2686.1
2025-08-21 03:00:00+08:00,2675.1
2025-08-21 03:10:00+08:00,2665.8
2025-08-21 03:20:00+08:00,2660.1
2025-08-21 03:30:00+08:00,2658.5
2025-08-21 03:40:00+08:00,2646.8
2025-08-21 03:50:00+08:00,2636.5
2025-08-21 04:00:00+08:00,2632.0
2025-08-21 04:10:00+08:00,2631.0
2025-08-21 04:20:00+08:00,2617.8
2025-08-21 04:30:00+08:00,2623.6
2025-08-21 04:40:00+08:00,2618.0
2025-08-21 04:50:00+08:00,2614.1
2025-08-21 05:00:00+08:00,2613.1
2025-08-21 05:10:00+08:00,2623.5
2025-08-21 05:20:00+08:00,2635.2
2025-08-21 05:30:00+08:00,2609.3
2025-08-21 05:40:00+08:00,2610.0
2025-08-21 05:50:00+08:00,2611.6
2025-08-21 06:00:00+08:00,2614.7
2025-08-21 06:10:00+08:00,2647.5
2025-08-21 06:20:00+08:00,2640.1
2025-08-21 06:30:00+08:00,2619.5
2025-08-21 06:40:00+08:00,2662.8
2025-08-21 06:50:00+08:00,2679.3
2025-08-21 07:00:00+08:00,2712.0
2025-08-21 07:10:00+08:00,2750.1
2025-08-21 07:20:00+08:00,2771.1
2025-08-21 07:30:00+08:00,2839.4
2025-08-21 07:40:00+08:00,2893.3
2025-08-21 07:50:00+08:00,2932.0
2025-08-21 08:00:00+08:00,3041.0
2025-08-21 08:10:00+08:00,3175.5
2025-08-21 08:20:00+08:00,3283.8
2025-08-21 08:30:00+08:00,3333.8
2025-08-21 08:40:00+08:00,3352.8
2025-08-21 08:50:00+08:00,3394.8
2025-08-21 09:00:00+08:00,3402.8
2025-08-21 09:10:00+08:00,3457.4
2025-08-21 09:20:00+08:00,3477.0
2025-08-21 09:30:00+08:00,3512.5
2025-08-21 09:40:00+08:00,3517.2
2025-08-21 09:50:00+08:00,3533.6
2025-08-21 10:00:00+08:00,3546.6
2025-08-21 10:10:00+08:00,3565.7
2025-08-21 10:20:00+08:00,3580.9
2025-08-21 10:30:00+08:00,3611.7
2025-08-21 10:40:00+08:00,3653.6
2025-08-21 10:50:00+08:00,3678.5
2025-08-21 11:00:00+08:00,3696.6
2025-08-21 11:10:00+08:00,3710.6
2025-08-21 11:20:00+08:00,3719.7
2025-08-21 11:30:00+08:00,3741.0
2025-08-21 11:40:00+08:00,3745.2
2025-08-21 11:50:00+08:00,3772.8
2025-08-21 12:00:00+08:00,3715.6
2025-08-21 12:10:00+08:00,3657.7
2025-08-21 12:20:00+08:00,3638.4
2025-08-21 12:30:00+08:00,3628.1
2025-08-21 12:40:00+08:00,3651.7
2025-08-21 12:50:00+08:00,3669.9
2025-08-21 13:00:00+08:00,3706.1
2025-08-21 13:10:00+08:00,3787.4
2025-08-21 13:20:00+08:00,3798.1
2025-08-21 13:30:00+08:00,3818.5
2025-08-21 13:40:00+08:00,3851.4
2025-08-21 13:50:00+08:00,3862.7
2025-08-21 14:00:00+08:00,3851.5
2025-08-21 14:10:00+08:00,3826.5
2025-08-21 14:20:00+08:00,3843.1
2025-08-21 14:30:00+08:00,3842.1
2025-08-21 14:40:00+08:00,3834.5
2025-08-21 14:50:00+08:00,3839.1
2025-08-21 15:00:00+08:00,3830.5
2025-08-21 15:10:00+08:00,3835.8
2025-08-21 15:20:00+08:00,3827.3
2025-08-21 15:30:00+08:00,3813.9
2025-08-21 15:40:00+08:00,3795.1
2025-08-21 15:50:00+08:00,3763.0
2025-08-21 16:00:00+08:00,3755.6
2025-08-21 16:10:00+08:00,3755.7
2025-08-21 16:20:00+08:00,3744.4
2025-08-21 16:30:00+08:00,3733.8
2025-08-21 16:40:00+08:00,3704.2
2025-08-21 16:50:00+08:00,3692.8
2025-08-21 17:00:00+08:00,3644.3
2025-08-21 17:10:00+08:00,3608.5
2025-08-21 17:20:00+08:00,3586.1
2025-08-21 17:30:00+08:00,3580.0
2025-08-21 17:40:00+08:00,3575.1
2025-08-21 17:50:00+08:00,3575.1
2025-08-21 18:00:00+08:00,3557.3
2025-08-21 18:10:00+08:00,3523.9
2025-08-21 18:20:00+08:00,3522.7
2025-08-21 18:30:00+08:00,3538.6
2025-08-21 18:40:00+08:00,3548.7
2025-08-21 18:50:00+08:00,3551.5
2025-08-21 19:00:00+08:00,3541.4
2025-08-21 19:10:00+08:00,3525.8
2025-08-21 19:20:00+08:00,3519.2
2025-08-21 19:30:00+08:00,3516.3
2025-08-21 19:40:00+08:00,3510.7
2025-08-21 19:50:00+08:00,3495.8
2025-08-21 20:00:00+08:00,3487.2
2025-08-21 20:10:00+08:00,3466.5
2025-08-21 20:20:00+08:00,3472.3
2025-08-21 20:30:00+08:00,3450.5
2025-08-21 20:40:00+08:00,3432.8
2025-08-21 20:50:00+08:00,3432.8
2025-08-21 21:00:00+08:00,3415.6
2025-08-21 21:10:00+08:00,3396.7
2025-08-21 21:20:00+08:00,3386.0
2025-08-21 21:30:00+08:00,3360.5
2025-08-21 21:40:00+08:00,3358.0
2025-08-21 21:50:00+08:00,3343.7
2025-08-21 22:00:00+08:00,3322.4
2025-08-21 22:10:00+08:00,3337.1
2025-08-21 22:20:00+08:00,3306.2
2025-08-21 22:30:00+08:00,3320.7
2025-08-21 22:40:00+08:00,3271.1
2025-08-21 22:50:00+08:00,3259.0
2025-08-21 23:00:00+08:00,3221.1
2025-08-21 23:10:00+08:00,3199.8
2025-08-21 23:20:00+08:00,3173.8
2025-08-21 23:30:00+08:00,3151.3
2025-08-21 23:40:00+08:00,3104.5
2025-08-21 23:50:00+08:00,3081.8
2025-08-22 00:00:00+08:00,3062.6
2025-08-22 00:10:00+08:00,3064.2
2025-08-22 00:20:00+08:00,3058.3
2025-08-22 00:30:00+08:00,3040.3
2025-08-22 00:40:00+08:00,3010.0
2025-08-22 00:50:00+08:00,2988.7
2025-08-22 01:00:00+08:00,2970.8
2025-08-22 01:10:00+08:00,2967.4
2025-08-22 01:20:00+08:00,2932.3
2025-08-22 01:30:00+08:00,2911.5
2025-08-22 01:40:00+08:00,2875.9
2025-08-22 01:50:00+08:00,2880.7
2025-08-22 02:00:00+08:00,2871.1
2025-08-22 02:10:00+08:00,2854.3
2025-08-22 02:20:00+08:00,2847.6
2025-08-22 02:30:00+08:00,2836.2
2025-08-22 02:40:00+08:00,2791.9
2025-08-22 02:50:00+08:00,2802.5
2025-08-22 03:00:00+08:00,2795.3
2025-08-22 03:10:00+08:00,2778.9
2025-08-22 03:20:00+08:00,2768.0
2025-08-22 03:30:00+08:00,2747.2
2025-08-22 03:40:00+08:00,2746.0
2025-08-22 03:50:00+08:00,2739.4
2025-08-22 04:00:00+08:00,2743.7
2025-08-22 04:10:00+08:00,2722.1
2025-08-22 04:20:00+08:00,2738.9
2025-08-22 04:30:00+08:00,2729.8
2025-08-22 04:40:00+08:00,2705.1
2025-08-22 04:50:00+08:00,2699.8
2025-08-22 05:00:00+08:00,2717.7
2025-08-22 05:10:00+08:00,2729.9
2025-08-22 05:20:00+08:00,2724.3
2025-08-22 05:30:00+08:00,2696.6
2025-08-22 05:40:00+08:00,2705.7
2025-08-22 05:50:00+08:00,2701.6
2025-08-22 06:00:00+08:00,2711.6
2025-08-22 06:10:00+08:00,2718.1
2025-08-22 06:20:00+08:00,2716.7
2025-08-22 06:30:00+08:00,2718.3
2025-08-22 06:40:00+08:00,2731.3
2025-08-22 06:50:00+08:00,2765.6
2025-08-22 07:00:00+08:00,2785.2
2025-08-22 07:10:00+08:00,2847.8
2025-08-22 07:20:00+08:00,2882.4
2025-08-22 07:30:00+08:00,2917.1
2025-08-22 07:40:00+08:00,2988.3
2025-08-22 07:50:00+08:00,3032.6
2025-08-22 08:00:00+08:00,3140.8
2025-08-22 08:10:00+08:00,3270.5
2025-08-22 08:20:00+08:00,3333.9
2025-08-22 08:30:00+08:00,3390.9
2025-08-22 08:40:00+08:00,3462.0
2025-08-22 08:50:00+08:00,3474.5
2025-08-22 09:00:00+08:00,3525.9
2025-08-22 09:10:00+08:00,3532.7
2025-08-22 09:20:00+08:00,3557.4
2025-08-22 09:30:00+08:00,3561.3
2025-08-22 09:40:00+08:00,3596.3
2025-08-22 09:50:00+08:00,3609.3
2025-08-22 10:00:00+08:00,3627.6
2025-08-22 10:10:00+08:00,3658.7
2025-08-22 10:20:00+08:00,3674.2
2025-08-22 10:30:00+08:00,3702.2
2025-08-22 10:40:00+08:00,3716.2
2025-08-22 10:50:00+08:00,3743.8
2025-08-22 11:00:00+08:00,3749.9
2025-08-22 11:10:00+08:00,3788.7
2025-08-22 11:20:00+08:00,3804.0
2025-08-22 11:30:00+08:00,3823.3
2025-08-22 11:40:00+08:00,3818.9
2025-08-22 11:50:00+08:00,3805.9
2025-08-22 12:00:00+08:00,3769.7
2025-08-22 12:10:00+08:00,3726.5
2025-08-22 12:20:00+08:00,3718.2
2025-08-22 12:30:00+08:00,3725.5
2025-08-22 12:40:00+08:00,3744.5
2025-08-22 12:50:00+08:00,3732.6
2025-08-22 13:00:00+08:00,3778.9
2025-08-22 13:10:00+08:00,3862.6
2025-08-22 13:20:00+08:00,3869.5
2025-08-22 13:30:00+08:00,3899.1
2025-08-22 13:40:00+08:00,3900.6
2025-08-22 13:50:00+08:00,3901.8
2025-08-22 14:00:00+08:00,3919.1
2025-08-22 14:10:00+08:00,3898.9
2025-08-22 14:20:00+08:00,3915.2
2025-08-22 14:30:00+08:00,3922.1
2025-08-22 14:40:00+08:00,3921.8
2025-08-22 14:50:00+08:00,3905.6
2025-08-22 15:00:00+08:00,3898.1
2025-08-22 15:10:00+08:00,3889.3
2025-08-22 15:20:00+08:00,3896.2
2025-08-22 15:30:00+08:00,3882.6
2025-08-22 15:40:00+08:00,3863.4
2025-08-22 15:50:00+08:00,3850.3
2025-08-22 16:00:00+08:00,3841.9
2025-08-22 16:10:00+08:00,3813.7
2025-08-22 16:20:00+08:00,3802.4
2025-08-22 16:30:00+08:00,3787.9
2025-08-22 16:40:00+08:00,3768.4
2025-08-22 16:50:00+08:00,3757.7
2025-08-22 17:00:00+08:00,3695.8
2025-08-22 17:10:00+08:00,3638.5
2025-08-22 17:20:00+08:00,3642.5
2025-08-22 17:30:00+08:00,3628.4
2025-08-22 17:40:00+08:00,3610.3
2025-08-22 17:50:00+08:00,3612.9
2025-08-22 18:00:00+08:00,3585.0
2025-08-22 18:10:00+08:00,3569.4
2025-08-22 18:20:00+08:00,3560.3
2025-08-22 18:30:00+08:00,3559.4
2025-08-22 18:40:00+08:00,3572.7
2025-08-22 18:50:00+08:00,3567.0
2025-08-22 19:00:00+08:00,3561.3
2025-08-22 19:10:00+08:00,3554.4
2025-08-22 19:20:00+08:00,3533.6
2025-08-22 19:30:00+08:00,3527.6
2025-08-22 19:40:00+08:00,3505.5
2025-08-22 19:50:00+08:00,3513.5
2025-08-22 20:00:00+08:00,3493.8
2025-08-22 20:10:00+08:00,3486.9
2025-08-22 20:20:00+08:00,3491.4
2025-08-22 20:30:00+08:00,3476.3
2025-08-22 20:40:00+08:00,3458.5
2025-08-22 20:50:00+08:00,3451.4
2025-08-22 21:00:00+08:00,3432.6
2025-08-22 21:10:00+08:00,3416.6
2025-08-22 21:20:00+08:00,3406.0
2025-08-22 21:30:00+08:00,3401.5
2025-08-22 21:40:00+08:00,3388.9
2025-08-22 21:50:00+08:00,3377.4
2025-08-22 22:00:00+08:00,3356.6
2025-08-22 22:10:00+08:00,3364.8
2025-08-22 22:20:00+08:00,3367.6
2025-08-22 22:30:00+08:00,3350.8
2025-08-22 22:40:00+08:00,3345.5
2025-08-22 22:50:00+08:00,3311.4
2025-08-22 23:00:00+08:00,3299.7
2025-08-22 23:10:00+08:00,3245.2
2025-08-22 23:20:00+08:00,3239.0
2025-08-22 23:30:00+08:00,3230.6
2025-08-22 23:40:00+08:00,3183.3
2025-08-22 23:50:00+08:00,3172.7
2025-08-23 00:00:00+08:00,3147.6
2025-08-23 00:10:00+08:00,3146.0
2025-08-23 00:20:00+08:00,3110.9
2025-08-23 00:30:00+08:00,3117.1
2025-08-23 00:40:00+08:00,3087.3
2025-08-23 00:50:00+08:00,3065.4
2025-08-23 01:00:00+08:00,3018.4
2025-08-23 01:10:00+08:00,3014.2
2025-08-23 01:20:00+08:00,2989.1
2025-08-23 01:30:00+08:00,2980.3
2025-08-23 01:40:00+08:00,2985.2
2025-08-23 01:50:00+08:00,2939.2
2025-08-23 02:00:00+08:00,2935.5
2025-08-23 02:10:00+08:00,2917.3
2025-08-23 02:20:00+08:00,2902.6
2025-08-23 02:30:00+08:00,2878.7
2025-08-23 02:40:00+08:00,2869.8
2025-08-23 02:50:00+08:00,2847.5
2025-08-23 03:00:00+08:00,2849.5
2025-08-23 03:10:00+08:00,2822.1
2025-08-23 03:20:00+08:00,2820.9
2025-08-23 03:30:00+08:00,2798.0
2025-08-23 03:40:00+08:00,2808.9
2025-08-23 03:50:00+08:00,2786.4
2025-08-23 04:00:00+08:00,2770.1
2025-08-23 04:10:00+08:00,2762.1
2025-08-23 04:20:00+08:00,2769.9
2025-08-23 04:30:00+08:00,2749.1
2025-08-23 04:40:00+08:00,2739.6
2025-08-23 04:50:00+08:00,2743.5
2025-08-23 05:00:00+08:00,2732.6
2025-08-23 05:10:00+08:00,2748.7
2025-08-23 05:20:00+08:00,2714.8
2025-08-23 05:30:00+08:00,2720.2
2025-08-23 05:40:00+08:00,2735.5
2025-08-23 05:50:00+08:00,2710.1
2025-08-23 06:00:00+08:00,2674.4
2025-08-23 06:10:00+08:00,2724.6
2025-08-23 06:20:00+08:00,2721.4
2025-08-23 06:30:00+08:00,2712.1
2025-08-23 06:40:00+08:00,2696.3
2025-08-23 06:50:00+08:00,2701.7
2025-08-23 07:00:00+08:00,2710.5
2025-08-23 07:10:00+08:00,2744.2
2025-08-23 07:20:00+08:00,2757.8
2025-08-23 07:30:00+08:00,2778.7
2025-08-23 07:40:00+08:00,2797.0
2025-08-23 07:50:00+08:00,2818.1
2025-08-23 08:00:00+08:00,2853.2
2025-08-23 08:10:00+08:00,2882.0
2025-08-23 08:20:00+08:00,2917.1
2025-08-23 08:30:00+08:00,2952.6
2025-08-23 08:40:00+08:00,2987.6
2025-08-23 08:50:00+08:00,3010.2
2025-08-23 09:00:00+08:00,3025.9
2025-08-23 09:10:00+08:00,3040.7
2025-08-23 09:20:00+08:00,3072.2
2025-08-23 09:30:00+08:00,3119.4
2025-08-23 09:40:00+08:00,3137.7
2025-08-23 09:50:00+08:00,3147.2
2025-08-23 10:00:00+08:00,3157.3
2025-08-23 10:10:00+08:00,3218.8
2025-08-23 10:20:00+08:00,3237.3
2025-08-23 10:30:00+08:00,3260.3
2025-08-23 10:40:00+08:00,3293.7
2025-08-23 10:50:00+08:00,3306.0
2025-08-23 11:00:00+08:00,3337.9
2025-08-23 11:10:00+08:00,3345.7
2025-08-23 11:20:00+08:00,3370.9
2025-08-23 11:30:00+08:00,3384.3
2025-08-23 11:40:00+08:00,3389.8
2025-08-23 11:50:00+08:00,3407.9
2025-08-23 12:00:00+08:00,3410.2
2025-08-23 12:10:00+08:00,3385.2
2025-08-23 12:20:00+08:00,3399.0
2025-08-23 12:30:00+08:00,3397.0
2025-08-23 12:40:00+08:00,3404.7
2025-08-23 12:50:00+08:00,3427.5
2025-08-23 13:00:00+08:00,3452.2
2025-08-23 13:10:00+08:00,3489.8
2025-08-23 13:20:00+08:00,3479.7
2025-08-23 13:30:00+08:00,3473.3
2025-08-23 13:40:00+08:00,3503.1
2025-08-23 13:50:00+08:00,3486.3
2025-08-23 14:00:00+08:00,3497.0
2025-08-23 14:10:00+08:00,3483.3
2025-08-23 14:20:00+08:00,3491.1
2025-08-23 14:30:00+08:00,3482.9
2025-08-23 14:40:00+08:00,3478.8
2025-08-23 14:50:00+08:00,3470.4
2025-08-23 15:00:00+08:00,3478.8
2025-08-23 15:10:00+08:00,3457.8
2025-08-23 15:20:00+08:00,3459.3
2025-08-23 15:30:00+08:00,3457.0
2025-08-23 15:40:00+08:00,3461.6
2025-08-23 15:50:00+08:00,3475.5
2025-08-23 16:00:00+08:00,3461.0
2025-08-23 16:10:00+08:00,3454.8
2025-08-23 16:20:00+08:00,3451.8
2025-08-23 16:30:00+08:00,3453.8
2025-08-23 16:40:00+08:00,3457.7
2025-08-23 16:50:00+08:00,3473.2
2025-08-23 17:00:00+08:00,3459.9
2025-08-23 17:10:00+08:00,3429.9
2025-08-23 17:20:00+08:00,3421.8
2025-08-23 17:30:00+08:00,3413.7
2025-08-23 17:40:00+08:00,3430.9
2025-08-23 17:50:00+08:00,3405.5
2025-08-23 18:00:00+08:00,3407.8
2025-08-23 18:10:00+08:00,3403.1
2025-08-23 18:20:00+08:00,3395.0
2025-08-23 18:30:00+08:00,3385.4
2025-08-23 18:40:00+08:00,3410.0
2025-08-23 18:50:00+08:00,3432.7
2025-08-23 19:00:00+08:00,3415.9
2025-08-23 19:10:00+08:00,3417.7
2025-08-23 19:20:00+08:00,3417.0
2025-08-23 19:30:00+08:00,3408.1
2025-08-23 19:40:00+08:00,3400.7
2025-08-23 19:50:00+08:00,3390.2
2025-08-23 20:00:00+08:00,3393.6
2025-08-23 20:10:00+08:00,3403.5
2025-08-23 20:20:00+08:00,3413.9
2025-08-23 20:30:00+08:00,3412.4
2025-08-23 20:40:00+08:00,3398.7
2025-08-23 20:50:00+08:00,3380.5
2025-08-23 21:00:00+08:00,3375.0
2025-08-23 21:10:00+08:00,3372.0
2025-08-23 21:20:00+08:00,3359.0
2025-08-23 21:30:00+08:00,3353.7
2025-08-23 21:40:00+08:00,3315.1
2025-08-23 21:50:00+08:00,3325.7
2025-08-23 22:00:00+08:00,3310.3
2025-08-23 22:10:00+08:00,3261.8
2025-08-23 22:20:00+08:00,3257.6
2025-08-23 22:30:00+08:00,3249.0
2025-08-23 22:40:00+08:00,3231.6
2025-08-23 22:50:00+08:00,3227.7
2025-08-23 23:00:00+08:00,3186.3
2025-08-23 23:10:00+08:00,3159.7
2025-08-23 23:20:00+08:00,3137.6
2025-08-23 23:30:00+08:00,3102.1
2025-08-23 23:40:00+08:00,3089.4
2025-08-23 23:50:00+08:00,3064.1
2025-08-24 00:00:00+08:00,3059.9
2025-08-24 00:10:00+08:00,3024.5
2025-08-24 00:20:00+08:00,3021.6
2025-08-24 00:30:00+08:00,3021.6
2025-08-24 00:40:00+08:00,2977.1
2025-08-24 00:50:00+08:00,2950.2
2025-08-24 01:00:00+08:00,2924.9
2025-08-24 01:10:00+08:00,2922.5
2025-08-24 01:20:00+08:00,2895.5
2025-08-24 01:30:00+08:00,2886.5
2025-08-24 01:40:00+08:00,2858.4
2025-08-24 01:50:00+08:00,2854.5
2025-08-24 02:00:00+08:00,2832.8
2025-08-24 02:10:00+08:00,2814.5
2025-08-24 02:20:00+08:00,2797.9
2025-08-24 02:30:00+08:00,2785.3
2025-08-24 02:40:00+08:00,2786.7
2025-08-24 02:50:00+08:00,2773.1
2025-08-24 03:00:00+08:00,2728.5
2025-08-24 03:10:00+08:00,2723.8
2025-08-24 03:20:00+08:00,2715.1
2025-08-24 03:30:00+08:00,2695.2
2025-08-24 03:40:00+08:00,2706.3
2025-08-24 03:50:00+08:00,2695.6
2025-08-24 04:00:00+08:00,2701.8
2025-08-24 04:10:00+08:00,2689.0
2025-08-24 04:20:00+08:00,2661.8
2025-08-24 04:30:00+08:00,2661.6
2025-08-24 04:40:00+08:00,2656.9
2025-08-24 04:50:00+08:00,2643.3
2025-08-24 05:00:00+08:00,2641.3
2025-08-24 05:10:00+08:00,2670.6
2025-08-24 05:20:00+08:00,2617.7
2025-08-24 05:30:00+08:00,2610.5
2025-08-24 05:40:00+08:00,2617.6
2025-08-24 05:50:00+08:00,2597.6
2025-08-24 06:00:00+08:00,2588.9
2025-08-24 06:10:00+08:00,2599.7
2025-08-24 06:20:00+08:00,2604.2
2025-08-24 06:30:00+08:00,2591.2
2025-08-24 06:40:00+08:00,2600.2
2025-08-24 06:50:00+08:00,2609.4
2025-08-24 07:00:00+08:00,2608.8
2025-08-24 07:10:00+08:00,2619.2
2025-08-24 07:20:00+08:00,2642.0
2025-08-24 07:30:00+08:00,2656.8
2025-08-24 07:40:00+08:00,2681.4
2025-08-24 07:50:00+08:00,2709.6
2025-08-24 08:00:00+08:00,2739.8
2025-08-24 08:10:00+08:00,2760.4
2025-08-24 08:20:00+08:00,2758.5
2025-08-24 08:30:00+08:00,2805.0
2025-08-24 08:40:00+08:00,2812.8
2025-08-24 08:50:00+08:00,2843.3
2025-08-24 09:00:00+08:00,2882.2
2025-08-24 09:10:00+08:00,2892.1
2025-08-24 09:20:00+08:00,2915.8
2025-08-24 09:30:00+08:00,2943.7
2025-08-24 09:40:00+08:00,2964.5
2025-08-24 09:50:00+08:00,3000.3
2025-08-24 10:00:00+08:00,3020.6
2025-08-24 10:10:00+08:00,3056.2
2025-08-24 10:20:00+08:00,3072.6
2025-08-24 10:30:00+08:00,3083.6
2025-08-24 10:40:00+08:00,3113.4
2025-08-24 10:50:00+08:00,3136.4
2025-08-24 11:00:00+08:00,3160.1
2025-08-24 11:10:00+08:00,3189.6
2025-08-24 11:20:00+08:00,3211.9
2025-08-24 11:30:00+08:00,3225.5
2025-08-24 11:40:00+08:00,3246.2
2025-08-24 11:50:00+08:00,3261.3
2025-08-24 12:00:00+08:00,3246.6
2025-08-24 12:10:00+08:00,3270.0
2025-08-24 12:20:00+08:00,3259.7
2025-08-24 12:30:00+08:00,3287.5
2025-08-24 12:40:00+08:00,3288.1
2025-08-24 12:50:00+08:00,3305.6
2025-08-24 13:00:00+08:00,3311.1
2025-08-24 13:10:00+08:00,3322.1
2025-08-24 13:20:00+08:00,3312.5
2025-08-24 13:30:00+08:00,3334.0
2025-08-24 13:40:00+08:00,3338.5
2025-08-24 13:50:00+08:00,3339.6
2025-08-24 14:00:00+08:00,3351.8
2025-08-24 14:10:00+08:00,3337.7
2025-08-24 14:20:00+08:00,3327.8
2025-08-24 14:30:00+08:00,3319.7
2025-08-24 14:40:00+08:00,3323.8
2025-08-24 14:50:00+08:00,3331.8
2025-08-24 15:00:00+08:00,3326.7
2025-08-24 15:10:00+08:00,3339.0
2025-08-24 15:20:00+08:00,3344.4
2025-08-24 15:30:00+08:00,3339.1
2025-08-24 15:40:00+08:00,3320.9
2025-08-24 15:50:00+08:00,3301.9
2025-08-24 16:00:00+08:00,3292.6
2025-08-24 16:10:00+08:00,3291.7
2025-08-24 16:20:00+08:00,3305.7
2025-08-24 16:30:00+08:00,3320.7
2025-08-24 16:40:00+08:00,3308.9
2025-08-24 16:50:00+08:00,3309.6
2025-08-24 17:00:00+08:00,3310.7
2025-08-24 17:10:00+08:00,3316.7
2025-08-24 17:20:00+08:00,3301.3
2025-08-24 17:30:00+08:00,3299.6
2025-08-24 17:40:00+08:00,3291.3
2025-08-24 17:50:00+08:00,3325.6
2025-08-24 18:00:00+08:00,3299.2
2025-08-24 18:10:00+08:00,3303.0
2025-08-24 18:20:00+08:00,3293.9
2025-08-24 18:30:00+08:00,3326.2
2025-08-24 18:40:00+08:00,3312.8
2025-08-24 18:50:00+08:00,3338.2
2025-08-24 19:00:00+08:00,3338.6
2025-08-24 19:10:00+08:00,3294.1
2025-08-24 19:20:00+08:00,3299.3
2025-08-24 19:30:00+08:00,3311.6
2025-08-24 19:40:00+08:00,3311.1
2025-08-24 19:50:00+08:00,3301.3
2025-08-24 20:00:00+08:00,3307.5
2025-08-24 20:10:00+08:00,3283.0
2025-08-24 20:20:00+08:00,3315.0
2025-08-24 20:30:00+08:00,3294.5
2025-08-24 20:40:00+08:00,3304.4
2025-08-24 20:50:00+08:00,3313.6
2025-08-24 21:00:00+08:00,3288.4
2025-08-24 21:10:00+08:00,3283.4
2025-08-24 21:20:00+08:00,3278.2
2025-08-24 21:30:00+08:00,3273.6
2025-08-24 21:40:00+08:00,3267.8
2025-08-24 21:50:00+08:00,3237.9
2025-08-24 22:00:00+08:00,3236.7
2025-08-24 22:10:00+08:00,3200.7
2025-08-24 22:20:00+08:00,3189.8
2025-08-24 22:30:00+08:00,3178.1
2025-08-24 22:40:00+08:00,3157.1
2025-08-24 22:50:00+08:00,3130.0
2025-08-24 23:00:00+08:00,3105.6
2025-08-24 23:10:00+08:00,3086.2
2025-08-24 23:20:00+08:00,3037.1
2025-08-24 23:30:00+08:00,3031.4
2025-08-24 23:40:00+08:00,3030.3
2025-08-24 23:50:00+08:00,3009.5
2025-08-25 00:00:00+08:00,2966.2
2025-08-25 00:10:00+08:00,2945.0
2025-08-25 00:20:00+08:00,2940.8
2025-08-25 00:30:00+08:00,2929.8
2025-08-25 00:40:00+08:00,2906.9
2025-08-25 00:50:00+08:00,2887.5
2025-08-25 01:00:00+08:00,2837.4
2025-08-25 01:10:00+08:00,2864.8
2025-08-25 01:20:00+08:00,2818.5
2025-08-25 01:30:00+08:00,2808.9
2025-08-25 01:40:00+08:00,2778.1
2025-08-25 01:50:00+08:00,2762.2
2025-08-25 02:00:00+08:00,2759.3
2025-08-25 02:10:00+08:00,2741.5
2025-08-25 02:20:00+08:00,2726.7
2025-08-25 02:30:00+08:00,2700.4
2025-08-25 02:40:00+08:00,2728.0
2025-08-25 02:50:00+08:00,2679.4
2025-08-25 03:00:00+08:00,2681.0
2025-08-25 03:10:00+08:00,2643.2
2025-08-25 03:20:00+08:00,2648.2
2025-08-25 03:30:00+08:00,2645.2
2025-08-25 03:40:00+08:00,2644.2
2025-08-25 03:50:00+08:00,2627.4
2025-08-25 04:00:00+08:00,2617.0
2025-08-25 04:10:00+08:00,2615.7
2025-08-25 04:20:00+08:00,2606.7
2025-08-25 04:30:00+08:00,2596.5
2025-08-25 04:40:00+08:00,2602.3
2025-08-25 04:50:00+08:00,2611.6
2025-08-25 05:00:00+08:00,2596.4
2025-08-25 05:10:00+08:00,2612.8
2025-08-25 05:20:00+08:00,2597.9
2025-08-25 05:30:00+08:00,2591.9
2025-08-25 05:40:00+08:00,2610.2
2025-08-25 05:50:00+08:00,2603.2
2025-08-25 06:00:00+08:00,2608.1
2025-08-25 06:10:00+08:00,2636.2
2025-08-25 06:20:00+08:00,2643.3
2025-08-25 06:30:00+08:00,2638.5
2025-08-25 06:40:00+08:00,2671.9
2025-08-25 06:50:00+08:00,2666.4
2025-08-25 07:00:00+08:00,2717.2
2025-08-25 07:10:00+08:00,2762.2
2025-08-25 07:20:00+08:00,2819.5
2025-08-25 07:30:00+08:00,2865.7
2025-08-25 07:40:00+08:00,2933.7
2025-08-25 07:50:00+08:00,3005.7
2025-08-25 08:00:00+08:00,3113.0
2025-08-25 08:10:00+08:00,3264.0
2025-08-25 08:20:00+08:00,3339.4
2025-08-25 08:30:00+08:00,3416.5
2025-08-25 08:40:00+08:00,3470.2
2025-08-25 08:50:00+08:00,3508.4
2025-08-25 09:00:00+08:00,3569.5
2025-08-25 09:10:00+08:00,3587.0
2025-08-25 09:20:00+08:00,3598.2
2025-08-25 09:30:00+08:00,3603.6
2025-08-25 09:40:00+08:00,3625.5
2025-08-25 09:50:00+08:00,3652.6
2025-08-25 10:00:00+08:00,3688.9
2025-08-25 10:10:00+08:00,3730.3
2025-08-25 10:20:00+08:00,3739.6
2025-08-25 10:30:00+08:00,3748.9
2025-08-25 10:40:00+08:00,3743.9
2025-08-25 10:50:00+08:00,3787.5
2025-08-25 11:00:00+08:00,3800.0
2025-08-25 11:10:00+08:00,3822.0
2025-08-25 11:20:00+08:00,3855.1
2025-08-25 11:30:00+08:00,3841.7
2025-08-25 11:40:00+08:00,3885.1
2025-08-25 11:50:00+08:00,3876.0
2025-08-25 12:00:00+08:00,3847.2
2025-08-25 12:10:00+08:00,3783.3
2025-08-25 12:20:00+08:00,3780.1
2025-08-25 12:30:00+08:00,3768.9
2025-08-25 12:40:00+08:00,3777.9
2025-08-25 12:50:00+08:00,3813.0
2025-08-25 13:00:00+08:00,3838.4
2025-08-25 13:10:00+08:00,3933.7
2025-08-25 13:20:00+08:00,3931.4
2025-08-25 13:30:00+08:00,3967.2
2025-08-25 13:40:00+08:00,3980.1
2025-08-25 13:50:00+08:00,3991.0
2025-08-25 14:00:00+08:00,3983.4
2025-08-25 14:10:00+08:00,3993.4
2025-08-25 14:20:00+08:00,3973.9
2025-08-25 14:30:00+08:00,3982.3
2025-08-25 14:50:00+08:00,3982.8
2025-08-25 15:00:00+08:00,3971.2
2025-08-25 15:10:00+08:00,3971.9
2025-08-25 15:20:00+08:00,3950.2
2025-08-25 15:30:00+08:00,3946.9
2025-08-25 15:40:00+08:00,3943.8
2025-08-25 15:50:00+08:00,3934.0
2025-08-25 16:00:00+08:00,3917.4
2025-08-25 16:10:00+08:00,3910.7
2025-08-25 16:20:00+08:00,3901.9
2025-08-25 16:30:00+08:00,3878.1
2025-08-25 16:40:00+08:00,3851.9
2025-08-25 16:50:00+08:00,3848.3
2025-08-25 17:00:00+08:00,3784.2
2025-08-25 17:10:00+08:00,3717.5
2025-08-25 17:20:00+08:00,3681.5
2025-08-25 17:30:00+08:00,3670.9
2025-08-25 17:40:00+08:00,3660.3
2025-08-25 17:50:00+08:00,3658.0
2025-08-25 18:00:00+08:00,3640.8
2025-08-25 18:10:00+08:00,3623.6
2025-08-25 18:20:00+08:00,3620.1
2025-08-25 18:30:00+08:00,3641.6
2025-08-25 18:40:00+08:00,3632.9
2025-08-25 18:50:00+08:00,3642.2
2025-08-25 19:00:00+08:00,3640.1
2025-08-25 19:10:00+08:00,3624.2
2025-08-25 19:20:00+08:00,3612.3
2025-08-25 19:30:00+08:00,3608.0
2025-08-25 19:40:00+08:00,3595.6
2025-08-25 19:50:00+08:00,3594.1
2025-08-25 20:00:00+08:00,3574.1
2025-08-25 20:10:00+08:00,3562.9
2025-08-25 20:20:00+08:00,3554.0
2025-08-25 20:30:00+08:00,3552.9
2025-08-25 20:40:00+08:00,3529.5
2025-08-25 20:50:00+08:00,3516.4
2025-08-25 21:00:00+08:00,3502.9
2025-08-25 21:10:00+08:00,3478.2
2025-08-25 21:20:00+08:00,3467.6
2025-08-25 21:30:00+08:00,3453.6
2025-08-25 21:40:00+08:00,3446.7
2025-08-25 21:50:00+08:00,3435.6
2025-08-25 22:00:00+08:00,3408.1
2025-08-25 22:10:00+08:00,3406.7
2025-08-25 22:20:00+08:00,3383.6
2025-08-25 22:30:00+08:00,3378.4
2025-08-25 22:40:00+08:00,3339.8
2025-08-25 22:50:00+08:00,3337.4
2025-08-25 23:00:00+08:00,3301.6
2025-08-25 23:10:00+08:00,3260.9
2025-08-25 23:20:00+08:00,3248.2
2025-08-25 23:30:00+08:00,3210.6
2025-08-25 23:40:00+08:00,3187.3
2025-08-25 23:50:00+08:00,3169.8
2025-08-26 00:00:00+08:00,3134.2
2025-08-26 00:10:00+08:00,3118.6
2025-08-26 00:20:00+08:00,3112.1
2025-08-26 00:30:00+08:00,3089.4
2025-08-26 00:40:00+08:00,3069.2
2025-08-26 00:50:00+08:00,3035.4
2025-08-26 01:00:00+08:00,3030.9
2025-08-26 01:10:00+08:00,3014.5
2025-08-26 01:20:00+08:00,2983.6
2025-08-26 01:30:00+08:00,2961.3
2025-08-26 01:40:00+08:00,2966.3
2025-08-26 01:50:00+08:00,2927.3
2025-08-26 02:00:00+08:00,2916.7
2025-08-26 02:10:00+08:00,2918.1
2025-08-26 02:20:00+08:00,2907.4
2025-08-26 02:30:00+08:00,2866.7
2025-08-26 02:40:00+08:00,2879.1
2025-08-26 02:50:00+08:00,2855.3
2025-08-26 03:00:00+08:00,2846.1
2025-08-26 03:10:00+08:00,2834.5
2025-08-26 03:20:00+08:00,2817.8
2025-08-26 03:30:00+08:00,2816.6
2025-08-26 03:40:00+08:00,2802.5
2025-08-26 04:00:00+08:00,2766.1
2025-08-26 04:10:00+08:00,2770.1
2025-08-26 04:20:00+08:00,2768.3
2025-08-26 04:30:00+08:00,2758.9
2025-08-26 04:40:00+08:00,2765.1
2025-08-26 04:50:00+08:00,2759.9
2025-08-26 05:00:00+08:00,2772.5
2025-08-26 05:10:00+08:00,2769.2
2025-08-26 05:20:00+08:00,2768.7
2025-08-26 05:30:00+08:00,2757.0
2025-08-26 05:40:00+08:00,2752.9
2025-08-26 05:50:00+08:00,2763.0
2025-08-26 06:00:00+08:00,2750.7
2025-08-26 06:10:00+08:00,2744.6
2025-08-26 06:20:00+08:00,2757.7
2025-08-26 06:30:00+08:00,2746.7
2025-08-26 06:40:00+08:00,2786.6
2025-08-26 06:50:00+08:00,2810.0
2025-08-26 07:00:00+08:00,2815.7
2025-08-26 07:10:00+08:00,2873.6
2025-08-26 07:20:00+08:00,2914.1
2025-08-26 07:30:00+08:00,2939.6
2025-08-26 07:40:00+08:00,3022.0
2025-08-26 07:50:00+08:00,3098.9
2025-08-26 08:00:00+08:00,3210.6
2025-08-26 08:10:00+08:00,3369.6
2025-08-26 08:20:00+08:00,3445.5
2025-08-26 08:30:00+08:00,3480.9
2025-08-26 08:40:00+08:00,3514.6
2025-08-26 08:50:00+08:00,3546.4
2025-08-26 09:00:00+08:00,3595.3
2025-08-26 09:10:00+08:00,3589.1
2025-08-26 09:20:00+08:00,3626.8
2025-08-26 09:30:00+08:00,3638.6
2025-08-26 09:40:00+08:00,3678.4
2025-08-26 09:50:00+08:00,3718.3
2025-08-26 10:00:00+08:00,3735.7
2025-08-26 10:10:00+08:00,3743.4
2025-08-26 10:20:00+08:00,3760.1
2025-08-26 10:30:00+08:00,3767.4
2025-08-26 10:40:00+08:00,3811.8
2025-08-26 10:50:00+08:00,3833.9
2025-08-26 11:00:00+08:00,3847.0
2025-08-26 11:10:00+08:00,3886.5
2025-08-26 11:20:00+08:00,3892.6
2025-08-26 11:30:00+08:00,3880.2
2025-08-26 11:40:00+08:00,3890.5
2025-08-26 11:50:00+08:00,3891.1
2025-08-26 12:00:00+08:00,3849.5
2025-08-26 12:10:00+08:00,3799.4
2025-08-26 12:20:00+08:00,3795.5
2025-08-26 12:30:00+08:00,3780.2
2025-08-26 12:40:00+08:00,3796.6
2025-08-26 12:50:00+08:00,3801.3
2025-08-26 13:00:00+08:00,3866.2
2025-08-26 13:10:00+08:00,3943.9
2025-08-26 13:20:00+08:00,3953.2
2025-08-26 13:30:00+08:00,3955.8
2025-08-26 13:40:00+08:00,3992.5
2025-08-26 13:50:00+08:00,3988.8
2025-08-26 14:00:00+08:00,3994.4
2025-08-26 14:10:00+08:00,3998.5
2025-08-26 14:20:00+08:00,3994.7
2025-08-26 14:30:00+08:00,3977.3
2025-08-26 14:40:00+08:00,3944.9
2025-08-26 14:50:00+08:00,3947.8
2025-08-26 15:00:00+08:00,3964.2
2025-08-26 15:10:00+08:00,3926.1
2025-08-26 15:20:00+08:00,3935.3
2025-08-26 15:30:00+08:00,3915.2
2025-08-26 15:40:00+08:00,3923.3
2025-08-26 15:50:00+08:00,3896.2
2025-08-26 16:00:00+08:00,3866.5
2025-08-26 16:10:00+08:00,3810.6
2025-08-26 16:20:00+08:00,3820.6
2025-08-26 16:30:00+08:00,3808.9
2025-08-26 16:40:00+08:00,3799.4
2025-08-26 16:50:00+08:00,3774.4
2025-08-26 17:00:00+08:00,3717.0
2025-08-26 17:10:00+08:00,3622.7
2025-08-26 17:20:00+08:00,3607.1
2025-08-26 17:30:00+08:00,3588.6
2025-08-26 17:40:00+08:00,3583.7
2025-08-26 17:50:00+08:00,3581.0
2025-08-26 18:00:00+08:00,3583.7
2025-08-26 18:10:00+08:00,3563.3
2025-08-26 18:20:00+08:00,3566.1
2025-08-26 18:30:00+08:00,3575.7
2025-08-26 18:40:00+08:00,3548.7
2025-08-26 18:50:00+08:00,3549.2
2025-08-26 19:00:00+08:00,3538.4
2025-08-26 19:10:00+08:00,3525.4
2025-08-26 19:20:00+08:00,3522.0
2025-08-26 19:30:00+08:00,3521.1
2025-08-26 19:40:00+08:00,3508.9
2025-08-26 19:50:00+08:00,3499.4
2025-08-26 20:00:00+08:00,3488.6
2025-08-26 20:10:00+08:00,3476.3
2025-08-26 20:20:00+08:00,3468.5
2025-08-26 20:30:00+08:00,3461.9
2025-08-26 20:40:00+08:00,3440.8
2025-08-26 20:50:00+08:00,3437.8
2025-08-26 21:00:00+08:00,3414.0
2025-08-26 21:10:00+08:00,3391.3
2025-08-26 21:20:00+08:00,3382.2
2025-08-26 21:30:00+08:00,3372.4
2025-08-26 21:40:00+08:00,3361.7
2025-08-26 21:50:00+08:00,3349.3
2025-08-26 22:00:00+08:00,3342.3
2025-08-26 22:10:00+08:00,3350.5
2025-08-26 22:20:00+08:00,3334.7
2025-08-26 22:30:00+08:00,3319.0
2025-08-26 22:40:00+08:00,3293.6
2025-08-26 22:50:00+08:00,3270.9
2025-08-26 23:00:00+08:00,3242.7
2025-08-26 23:10:00+08:00,3220.2
2025-08-26 23:20:00+08:00,3187.7
2025-08-26 23:30:00+08:00,3160.0
2025-08-26 23:40:00+08:00,3125.1
2025-08-26 23:50:00+08:00,3115.9
2025-08-27 00:00:00+08:00,3093.3
2025-08-27 00:10:00+08:00,3101.3
2025-08-27 00:20:00+08:00,3063.2
2025-08-27 00:30:00+08:00,3063.0
2025-08-27 00:40:00+08:00,3026.5
2025-08-27 00:50:00+08:00,3001.2
2025-08-27 01:00:00+08:00,3001.1
2025-08-27 01:10:00+08:00,2970.0
2025-08-27 01:20:00+08:00,2973.3
2025-08-27 01:30:00+08:00,2912.0
2025-08-27 01:40:00+08:00,2925.6
2025-08-27 01:50:00+08:00,2890.9
2025-08-27 02:00:00+08:00,2878.0
2025-08-27 02:10:00+08:00,2889.5
2025-08-27 02:20:00+08:00,2830.1
2025-08-27 02:30:00+08:00,2856.2
2025-08-27 02:40:00+08:00,2816.5
2025-08-27 02:50:00+08:00,2825.3
2025-08-27 03:00:00+08:00,2820.0
2025-08-27 03:10:00+08:00,2793.0
2025-08-27 03:20:00+08:00,2806.9
2025-08-27 03:30:00+08:00,2771.0
2025-08-27 03:40:00+08:00,2771.8
2025-08-27 03:50:00+08:00,2757.8
2025-08-27 04:00:00+08:00,2745.4
2025-08-27 04:10:00+08:00,2744.5
2025-08-27 04:20:00+08:00,2746.7
2025-08-27 04:30:00+08:00,2741.6
2025-08-27 04:40:00+08:00,2741.2
2025-08-27 04:50:00+08:00,2731.2
2025-08-27 05:00:00+08:00,2739.8
2025-08-27 05:10:00+08:00,2741.1
2025-08-27 05:20:00+08:00,2738.5
2025-08-27 05:30:00+08:00,2728.4
2025-08-27 05:40:00+08:00,2737.5
2025-08-27 05:50:00+08:00,2730.5
2025-08-27 06:00:00+08:00,2712.3
2025-08-27 06:10:00+08:00,2711.6
2025-08-27 06:20:00+08:00,2727.0
2025-08-27 06:30:00+08:00,2757.8
2025-08-27 06:40:00+08:00,2781.8
2025-08-27 06:50:00+08:00,2806.0
2025-08-27 07:00:00+08:00,2803.5
2025-08-27 07:10:00+08:00,2890.6
2025-08-27 07:20:00+08:00,2928.2
2025-08-27 07:30:00+08:00,2955.9
2025-08-27 07:40:00+08:00,2998.8
2025-08-27 07:50:00+08:00,3087.5
2025-08-27 08:00:00+08:00,3191.2
2025-08-27 08:10:00+08:00,3369.4
2025-08-27 08:20:00+08:00,3414.5
2025-08-27 08:30:00+08:00,3459.4
2025-08-27 08:40:00+08:00,3491.6
2025-08-27 08:50:00+08:00,3512.3
2025-08-27 09:00:00+08:00,3560.2
2025-08-27 09:10:00+08:00,3568.2
2025-08-27 09:20:00+08:00,3620.3
2025-08-27 09:30:00+08:00,3594.1
2025-08-27 09:40:00+08:00,3641.4
2025-08-27 09:50:00+08:00,3661.1
2025-08-27 10:00:00+08:00,3668.5
2025-08-27 10:10:00+08:00,3662.5
2025-08-27 10:20:00+08:00,3707.2
2025-08-27 10:30:00+08:00,3730.7
2025-08-27 10:40:00+08:00,3767.3
2025-08-27 10:50:00+08:00,3756.7
2025-08-27 11:00:00+08:00,3771.8
2025-08-27 11:10:00+08:00,3799.6
2025-08-27 11:20:00+08:00,3795.6
2025-08-27 11:30:00+08:00,3796.9
2025-08-27 11:40:00+08:00,3798.2
2025-08-27 11:50:00+08:00,3793.3
2025-08-27 12:00:00+08:00,3719.9
2025-08-27 12:10:00+08:00,3685.8
2025-08-27 12:20:00+08:00,3685.5
2025-08-27 12:30:00+08:00,3683.1
2025-08-27 12:40:00+08:00,3667.6
2025-08-27 12:50:00+08:00,3667.5
2025-08-27 13:00:00+08:00,3705.2
2025-08-27 13:10:00+08:00,3776.2
2025-08-27 13:20:00+08:00,3780.1
2025-08-27 13:30:00+08:00,3759.4
2025-08-27 13:40:00+08:00,3766.7
2025-08-27 13:50:00+08:00,3763.4
2025-08-27 14:00:00+08:00,3745.5
2025-08-27 14:10:00+08:00,3749.4
2025-08-27 14:20:00+08:00,3744.5
2025-08-27 14:30:00+08:00,3741.5
2025-08-27 14:40:00+08:00,3738.3
2025-08-27 14:50:00+08:00,3738.3
2025-08-27 15:00:00+08:00,3729.0
2025-08-27 15:10:00+08:00,3700.7
2025-08-27 15:20:00+08:00,3704.3
2025-08-27 15:30:00+08:00,3687.3
2025-08-27 15:40:00+08:00,3680.1
2025-08-27 15:50:00+08:00,3662.1
2025-08-27 16:00:00+08:00,3650.0
2025-08-27 16:10:00+08:00,3632.6
2025-08-27 16:20:00+08:00,3618.6
2025-08-27 16:30:00+08:00,3607.6
2025-08-27 16:40:00+08:00,3597.9
2025-08-27 16:50:00+08:00,3587.6
2025-08-27 17:00:00+08:00,3542.3
2025-08-27 17:10:00+08:00,3503.6
2025-08-27 17:20:00+08:00,3484.1
2025-08-27 17:30:00+08:00,3487.7
2025-08-27 17:40:00+08:00,3476.4
2025-08-27 17:50:00+08:00,3474.8
2025-08-27 18:00:00+08:00,3477.3
2025-08-27 18:10:00+08:00,3466.7
2025-08-27 18:20:00+08:00,3465.8
2025-08-27 18:30:00+08:00,3467.8
2025-08-27 18:40:00+08:00,3475.5
2025-08-27 18:50:00+08:00,3477.9
2025-08-27 19:00:00+08:00,3476.3
2025-08-27 19:10:00+08:00,3463.9
2025-08-27 19:20:00+08:00,3459.4
2025-08-27 19:30:00+08:00,3450.5
2025-08-27 19:40:00+08:00,3435.1
2025-08-27 19:50:00+08:00,3432.1
2025-08-27 20:00:00+08:00,3421.4
2025-08-27 20:10:00+08:00,3407.3
2025-08-27 20:20:00+08:00,3395.7
2025-08-27 20:30:00+08:00,3382.5
2025-08-27 20:40:00+08:00,3373.3
2025-08-27 20:50:00+08:00,3353.9
2025-08-27 21:00:00+08:00,3345.3
2025-08-27 21:10:00+08:00,3325.2
2025-08-27 21:20:00+08:00,3312.1
2025-08-27 21:30:00+08:00,3305.4
2025-08-27 21:40:00+08:00,3297.7
2025-08-27 21:50:00+08:00,3286.1
2025-08-27 22:00:00+08:00,3255.8
2025-08-27 22:10:00+08:00,3275.0
2025-08-27 22:20:00+08:00,3267.3
2025-08-27 22:30:00+08:00,3237.1
2025-08-27 22:40:00+08:00,3220.2
2025-08-27 22:50:00+08:00,3210.8
2025-08-27 23:00:00+08:00,3169.5
2025-08-27 23:10:00+08:00,3142.8
2025-08-27 23:20:00+08:00,3143.0
2025-08-27 23:30:00+08:00,3103.5
2025-08-27 23:40:00+08:00,3069.9
2025-08-27 23:50:00+08:00,3047.8
2025-08-28 00:00:00+08:00,3022.2
2025-08-28 00:10:00+08:00,3037.7
2025-08-28 00:20:00+08:00,3012.8
2025-08-28 00:30:00+08:00,3002.4
2025-08-28 00:40:00+08:00,2996.1
2025-08-28 00:50:00+08:00,2965.7
2025-08-28 01:00:00+08:00,2944.4
2025-08-28 01:10:00+08:00,2942.5
2025-08-28 01:20:00+08:00,2919.9
2025-08-28 01:30:00+08:00,2911.2
2025-08-28 01:40:00+08:00,2880.5
2025-08-28 01:50:00+08:00,2855.6
2025-08-28 02:00:00+08:00,2837.6
2025-08-28 02:10:00+08:00,2841.8
2025-08-28 02:20:00+08:00,2833.2
2025-08-28 02:30:00+08:00,2815.1
2025-08-28 02:40:00+08:00,2802.4
2025-08-28 02:50:00+08:00,2794.4
2025-08-28 03:00:00+08:00,2767.7
2025-08-28 03:10:00+08:00,2784.2
2025-08-28 03:20:00+08:00,2764.6
2025-08-28 03:30:00+08:00,2735.1
2025-08-28 03:40:00+08:00,2742.6
2025-08-28 03:50:00+08:00,2737.0
2025-08-28 04:00:00+08:00,2743.6
2025-08-28 04:10:00+08:00,2713.6
2025-08-28 04:20:00+08:00,2727.4
2025-08-28 04:30:00+08:00,2723.5
2025-08-28 04:40:00+08:00,2700.8
2025-08-28 04:50:00+08:00,2729.0
2025-08-28 05:00:00+08:00,2702.6
2025-08-28 05:10:00+08:00,2709.4
2025-08-28 05:20:00+08:00,2699.3
2025-08-28 05:30:00+08:00,2703.0
2025-08-28 05:40:00+08:00,2702.1
2025-08-28 05:50:00+08:00,2678.1
2025-08-28 06:00:00+08:00,2701.1
2025-08-28 06:10:00+08:00,2706.7
2025-08-28 06:20:00+08:00,2706.8
2025-08-28 06:30:00+08:00,2739.1
2025-08-28 06:40:00+08:00,2742.0
2025-08-28 06:50:00+08:00,2795.3
2025-08-28 07:00:00+08:00,2803.8
2025-08-28 07:10:00+08:00,2853.0
2025-08-28 07:20:00+08:00,2902.9
2025-08-28 07:30:00+08:00,2932.0
2025-08-28 07:40:00+08:00,2985.6
2025-08-28 07:50:00+08:00,3060.0
2025-08-28 08:00:00+08:00,3180.5
2025-08-28 08:10:00+08:00,3315.9
2025-08-28 08:20:00+08:00,3385.2
2025-08-28 08:30:00+08:00,3416.6
2025-08-28 08:40:00+08:00,3464.5
2025-08-28 08:50:00+08:00,3513.9
2025-08-28 09:00:00+08:00,3522.9
2025-08-28 09:10:00+08:00,3552.1
2025-08-28 09:20:00+08:00,3568.3
2025-08-28 09:30:00+08:00,3596.2
2025-08-28 09:40:00+08:00,3610.2
2025-08-28 09:50:00+08:00,3651.3
2025-08-28 10:00:00+08:00,3666.0
2025-08-28 10:10:00+08:00,3678.1
2025-08-28 10:20:00+08:00,3697.8
2025-08-28 10:30:00+08:00,3716.7
2025-08-28 10:40:00+08:00,3756.4
2025-08-28 10:50:00+08:00,3771.6
2025-08-28 11:00:00+08:00,3781.6
2025-08-28 11:10:00+08:00,3808.2
2025-08-28 11:20:00+08:00,3821.1
2025-08-28 11:30:00+08:00,3829.0
2025-08-28 11:40:00+08:00,3817.2
2025-08-28 11:50:00+08:00,3834.6
2025-08-28 12:00:00+08:00,3771.3
2025-08-28 12:10:00+08:00,3738.3
2025-08-28 12:20:00+08:00,3727.4
2025-08-28 12:30:00+08:00,3735.4
2025-08-28 12:40:00+08:00,3742.7
2025-08-28 12:50:00+08:00,3709.4
2025-08-28 13:00:00+08:00,3800.7
2025-08-28 13:10:00+08:00,3853.8
2025-08-28 13:20:00+08:00,3909.3
2025-08-28 13:30:00+08:00,3898.0
2025-08-28 13:40:00+08:00,3906.2
2025-08-28 13:50:00+08:00,3907.7
2025-08-28 14:00:00+08:00,3909.8
2025-08-28 14:10:00+08:00,3913.0
2025-08-28 14:20:00+08:00,3914.8
2025-08-28 14:30:00+08:00,3898.8
2025-08-28 14:40:00+08:00,3926.7
2025-08-28 14:50:00+08:00,3915.1
2025-08-28 15:00:00+08:00,3918.1
2025-08-28 15:10:00+08:00,3877.3
2025-08-28 15:20:00+08:00,3895.0
2025-08-28 15:30:00+08:00,3889.0
2025-08-28 15:40:00+08:00,3887.8
2025-08-28 15:50:00+08:00,3873.9
2025-08-28 16:00:00+08:00,3850.5
2025-08-28 16:10:00+08:00,3831.5
2025-08-28 16:20:00+08:00,3822.6
2025-08-28 16:30:00+08:00,3816.7
2025-08-28 16:40:00+08:00,3792.5
2025-08-28 16:50:00+08:00,3771.0
2025-08-28 17:00:00+08:00,3717.2
2025-08-28 17:10:00+08:00,3668.9
2025-08-28 17:20:00+08:00,3663.5
2025-08-28 17:30:00+08:00,3645.4
2025-08-28 17:40:00+08:00,3629.4
2025-08-28 17:50:00+08:00,3631.8
2025-08-28 18:00:00+08:00,3616.7
2025-08-28 18:10:00+08:00,3597.6
2025-08-28 18:20:00+08:00,3597.0
2025-08-28 18:30:00+08:00,3602.5
2025-08-28 18:40:00+08:00,3613.4
2025-08-28 18:50:00+08:00,3617.6
2025-08-28 19:00:00+08:00,3611.7
2025-08-28 19:10:00+08:00,3594.2
2025-08-28 19:20:00+08:00,3577.1
2025-08-28 19:30:00+08:00,3572.3
2025-08-28 19:40:00+08:00,3566.6
2025-08-28 19:50:00+08:00,3563.1
2025-08-28 20:00:00+08:00,3544.7
2025-08-28 20:10:00+08:00,3530.3
2025-08-28 20:20:00+08:00,3521.4
2025-08-28 20:30:00+08:00,3507.5
2025-08-28 20:40:00+08:00,3499.6
2025-08-28 20:50:00+08:00,3489.2
2025-08-28 21:00:00+08:00,3473.7
2025-08-28 21:10:00+08:00,3444.3
2025-08-28 21:20:00+08:00,3435.0
2025-08-28 21:30:00+08:00,3435.3
2025-08-28 21:40:00+08:00,3417.1
2025-08-28 21:50:00+08:00,3394.1
2025-08-28 22:00:00+08:00,3385.0
2025-08-28 22:10:00+08:00,3397.3
2025-08-28 22:20:00+08:00,3380.2
2025-08-28 22:30:00+08:00,3355.3
2025-08-28 22:40:00+08:00,3329.9
2025-08-28 22:50:00+08:00,3313.9
2025-08-28 23:00:00+08:00,3294.2
2025-08-28 23:10:00+08:00,3245.5
2025-08-28 23:20:00+08:00,3240.6
2025-08-28 23:30:00+08:00,3201.9
2025-08-28 23:40:00+08:00,3176.3
2025-08-28 23:50:00+08:00,3146.3
2025-08-29 00:00:00+08:00,3135.0
2025-08-29 00:10:00+08:00,3106.3
2025-08-29 00:20:00+08:00,3110.9
2025-08-29 00:30:00+08:00,3091.5
2025-08-29 00:40:00+08:00,3041.5
2025-08-29 00:50:00+08:00,3041.9
2025-08-29 01:00:00+08:00,3005.7
2025-08-29 01:10:00+08:00,2978.5
2025-08-29 01:20:00+08:00,2975.8
2025-08-29 01:30:00+08:00,2976.4
2025-08-29 01:40:00+08:00,2946.3
2025-08-29 01:50:00+08:00,2933.6
2025-08-29 02:00:00+08:00,2902.2
2025-08-29 02:10:00+08:00,2885.2
2025-08-29 02:20:00+08:00,2872.8
2025-08-29 02:30:00+08:00,2857.2
2025-08-29 02:40:00+08:00,2853.0
2025-08-29 02:50:00+08:00,2828.2
2025-08-29 03:00:00+08:00,2819.6
2025-08-29 03:10:00+08:00,2824.3
2025-08-29 03:20:00+08:00,2794.6
2025-08-29 03:30:00+08:00,2797.5
2025-08-29 03:40:00+08:00,2781.1
2025-08-29 03:50:00+08:00,2786.6
2025-08-29 04:00:00+08:00,2755.9
2025-08-29 04:10:00+08:00,2765.2
2025-08-29 04:20:00+08:00,2747.2
2025-08-29 04:30:00+08:00,2751.1
2025-08-29 04:40:00+08:00,2755.2
2025-08-29 04:50:00+08:00,2742.2
2025-08-29 05:00:00+08:00,2745.6
2025-08-29 05:10:00+08:00,2730.0
2025-08-29 05:20:00+08:00,2738.8
2025-08-29 05:30:00+08:00,2730.1
2025-08-29 05:40:00+08:00,2735.8
2025-08-29 05:50:00+08:00,2722.7
2025-08-29 06:00:00+08:00,2714.1
2025-08-29 06:10:00+08:00,2748.3
2025-08-29 06:20:00+08:00,2738.9
2025-08-29 06:30:00+08:00,2755.0
2025-08-29 06:40:00+08:00,2761.5
2025-08-29 06:50:00+08:00,2775.7
2025-08-29 07:00:00+08:00,2832.4
2025-08-29 07:10:00+08:00,2832.4
2025-08-29 07:20:00+08:00,2875.5
2025-08-29 07:30:00+08:00,2949.8
2025-08-29 07:40:00+08:00,2979.1
2025-08-29 07:50:00+08:00,3085.5
2025-08-29 08:00:00+08:00,3164.1
2025-08-29 08:10:00+08:00,3327.4
2025-08-29 08:20:00+08:00,3394.6
2025-08-29 08:30:00+08:00,3439.8
2025-08-29 08:40:00+08:00,3471.0
2025-08-29 08:50:00+08:00,3504.5
2025-08-29 09:00:00+08:00,3565.1
2025-08-29 09:10:00+08:00,3585.0
2025-08-29 09:20:00+08:00,3596.4
2025-08-29 09:30:00+08:00,3599.0
2025-08-29 09:40:00+08:00,3620.6
2025-08-29 09:50:00+08:00,3648.8
2025-08-29 10:00:00+08:00,3671.1
2025-08-29 10:10:00+08:00,3696.0
2025-08-29 10:20:00+08:00,3715.4
2025-08-29 10:30:00+08:00,3742.2
2025-08-29 10:40:00+08:00,3790.7
2025-08-29 10:50:00+08:00,3798.2
2025-08-29 11:00:00+08:00,3820.7
2025-08-29 11:10:00+08:00,3829.3
2025-08-29 11:20:00+08:00,3837.7
2025-08-29 11:30:00+08:00,3867.5
2025-08-29 11:40:00+08:00,3871.4
2025-08-29 11:50:00+08:00,3848.1
2025-08-29 12:00:00+08:00,3825.9
2025-08-29 12:10:00+08:00,3782.8
2025-08-29 12:20:00+08:00,3754.2
2025-08-29 12:30:00+08:00,3755.7
2025-08-29 12:40:00+08:00,3775.7
2025-08-29 12:50:00+08:00,3780.8
2025-08-29 13:00:00+08:00,3820.6
2025-08-29 13:10:00+08:00,3909.3
2025-08-29 13:20:00+08:00,3910.4
2025-08-29 13:30:00+08:00,3927.6
2025-08-29 13:40:00+08:00,3942.1
2025-08-29 13:50:00+08:00,3958.8
2025-08-29 14:00:00+08:00,3944.3
2025-08-29 14:10:00+08:00,3967.9
2025-08-29 14:20:00+08:00,3949.9
2025-08-29 14:30:00+08:00,3959.4
2025-08-29 14:40:00+08:00,3935.4
2025-08-29 14:50:00+08:00,3947.2
2025-08-29 15:00:00+08:00,3934.8
2025-08-29 15:10:00+08:00,3925.4
2025-08-29 15:20:00+08:00,3910.4
2025-08-29 15:30:00+08:00,3899.8
2025-08-29 15:40:00+08:00,3900.6
2025-08-29 15:50:00+08:00,3909.7
2025-08-29 16:00:00+08:00,3874.1
2025-08-29 16:10:00+08:00,3861.1
2025-08-29 16:20:00+08:00,3828.9
2025-08-29 16:30:00+08:00,3806.2
2025-08-29 16:40:00+08:00,3787.0
2025-08-29 16:50:00+08:00,3772.6
2025-08-29 17:00:00+08:00,3720.0
2025-08-29 17:10:00+08:00,3679.1
2025-08-29 17:20:00+08:00,3652.3
2025-08-29 17:30:00+08:00,3641.8
2025-08-29 17:40:00+08:00,3616.9
2025-08-29 17:50:00+08:00,3604.8
2025-08-29 18:00:00+08:00,3602.3
2025-08-29 18:10:00+08:00,3574.5
2025-08-29 18:20:00+08:00,3573.3
2025-08-29 18:30:00+08:00,3581.7
2025-08-29 18:40:00+08:00,3573.6
2025-08-29 18:50:00+08:00,3581.6
2025-08-29 19:00:00+08:00,3568.8
2025-08-29 19:10:00+08:00,3559.8
2025-08-29 19:20:00+08:00,3552.3
2025-08-29 19:30:00+08:00,3544.9
2025-08-29 19:40:00+08:00,3531.1
2025-08-29 19:50:00+08:00,3516.7
2025-08-29 20:00:00+08:00,3524.2
2025-08-29 20:10:00+08:00,3498.6
2025-08-29 20:20:00+08:00,3496.8
2025-08-29 20:30:00+08:00,3490.4
2025-08-29 20:40:00+08:00,3467.0
2025-08-29 20:50:00+08:00,3470.2
2025-08-29 21:00:00+08:00,3459.1
2025-08-29 21:10:00+08:00,3438.2
2025-08-29 21:20:00+08:00,3424.7
2025-08-29 21:30:00+08:00,3425.6
2025-08-29 21:40:00+08:00,3407.4
2025-08-29 21:50:00+08:00,3407.9
2025-08-29 22:00:00+08:00,3386.4
2025-08-29 22:10:00+08:00,3402.3
2025-08-29 22:20:00+08:00,3380.6
2025-08-29 22:30:00+08:00,3386.2
2025-08-29 22:40:00+08:00,3394.2
2025-08-29 22:50:00+08:00,3326.7
2025-08-29 23:00:00+08:00,3314.6
2025-08-29 23:10:00+08:00,3309.4
2025-08-29 23:20:00+08:00,3284.5
2025-08-29 23:30:00+08:00,3256.6
2025-08-29 23:40:00+08:00,3226.2
2025-08-29 23:50:00+08:00,3209.3
2025-08-30 00:00:00+08:00,3179.2
2025-08-30 00:10:00+08:00,3151.2
2025-08-30 00:20:00+08:00,3167.0
2025-08-30 00:30:00+08:00,3129.8
2025-08-30 00:40:00+08:00,3130.6
2025-08-30 00:50:00+08:00,3119.4
2025-08-30 01:00:00+08:00,3079.8
2025-08-30 01:10:00+08:00,3064.0
2025-08-30 01:20:00+08:00,3058.1
2025-08-30 01:30:00+08:00,2996.3
2025-08-30 01:40:00+08:00,3003.6
2025-08-30 01:50:00+08:00,2986.9
2025-08-30 02:00:00+08:00,2965.6
2025-08-30 02:10:00+08:00,2951.5
2025-08-30 02:20:00+08:00,2949.8
2025-08-30 02:30:00+08:00,2950.6
2025-08-30 02:40:00+08:00,2898.0
2025-08-30 02:50:00+08:00,2900.8
2025-08-30 03:00:00+08:00,2867.6
2025-08-30 03:10:00+08:00,2859.5
2025-08-30 03:20:00+08:00,2879.8
2025-08-30 03:30:00+08:00,2843.1
2025-08-30 03:40:00+08:00,2839.2
2025-08-30 03:50:00+08:00,2827.2
2025-08-30 04:00:00+08:00,2798.0
2025-08-30 04:10:00+08:00,2796.5
2025-08-30 04:20:00+08:00,2793.1
2025-08-30 04:30:00+08:00,2776.5
2025-08-30 04:40:00+08:00,2782.1
2025-08-30 04:50:00+08:00,2780.8
2025-08-30 05:00:00+08:00,2778.1
2025-08-30 05:10:00+08:00,2758.9
2025-08-30 05:20:00+08:00,2760.0
2025-08-30 05:30:00+08:00,2759.6
2025-08-30 05:40:00+08:00,2747.6
2025-08-30 05:50:00+08:00,2719.7
2025-08-30 06:00:00+08:00,2716.4
2025-08-30 06:10:00+08:00,2727.2
2025-08-30 06:20:00+08:00,2705.3
2025-08-30 06:30:00+08:00,2696.7
2025-08-30 06:40:00+08:00,2724.6
2025-08-30 06:50:00+08:00,2707.1
2025-08-30 07:00:00+08:00,2729.9
2025-08-30 07:10:00+08:00,2767.5
2025-08-30 07:20:00+08:00,2775.7
2025-08-30 07:30:00+08:00,2794.8
2025-08-30 07:40:00+08:00,2798.0
2025-08-30 07:50:00+08:00,2830.2
2025-08-30 08:00:00+08:00,2873.3
2025-08-30 08:10:00+08:00,2935.0
2025-08-30 08:20:00+08:00,2934.0
2025-08-30 08:30:00+08:00,3006.9
2025-08-30 08:40:00+08:00,3021.0
2025-08-30 08:50:00+08:00,3057.6
2025-08-30 09:00:00+08:00,3082.2
2025-08-30 09:10:00+08:00,3107.5
2025-08-30 09:20:00+08:00,3101.8
2025-08-30 09:30:00+08:00,3128.4
2025-08-30 09:40:00+08:00,3149.6
2025-08-30 09:50:00+08:00,3165.2
2025-08-30 10:00:00+08:00,3209.0
2025-08-30 10:10:00+08:00,3249.1
2025-08-30 10:20:00+08:00,3278.0
2025-08-30 10:30:00+08:00,3281.8
2025-08-30 10:40:00+08:00,3303.4
2025-08-30 10:50:00+08:00,3329.1
2025-08-30 11:00:00+08:00,3375.7
2025-08-30 11:10:00+08:00,3368.0
2025-08-30 11:20:00+08:00,3387.7
2025-08-30 11:30:00+08:00,3378.1
2025-08-30 11:40:00+08:00,3389.6
2025-08-30 11:50:00+08:00,3417.0
2025-08-30 12:00:00+08:00,3389.7
2025-08-30 12:10:00+08:00,3418.3
2025-08-30 12:20:00+08:00,3409.4
2025-08-30 12:30:00+08:00,3394.3
2025-08-30 12:40:00+08:00,3408.1
2025-08-30 12:50:00+08:00,3430.4
2025-08-30 13:00:00+08:00,3449.8
2025-08-30 13:10:00+08:00,3441.8
2025-08-30 13:20:00+08:00,3472.4
2025-08-30 13:30:00+08:00,3504.3
2025-08-30 13:40:00+08:00,3487.0
2025-08-30 13:50:00+08:00,3514.7
2025-08-30 14:00:00+08:00,3506.0
2025-08-30 14:10:00+08:00,3499.1
2025-08-30 14:20:00+08:00,3473.4
2025-08-30 14:30:00+08:00,3510.8
2025-08-30 14:40:00+08:00,3490.6
2025-08-30 14:50:00+08:00,3481.5
2025-08-30 15:00:00+08:00,3439.7
2025-08-30 15:10:00+08:00,3444.5
2025-08-30 15:20:00+08:00,3454.5
2025-08-30 15:30:00+08:00,3435.6
2025-08-30 15:40:00+08:00,3410.3
2025-08-30 15:50:00+08:00,3429.6
2025-08-30 16:00:00+08:00,3407.4
2025-08-30 16:10:00+08:00,3414.0
2025-08-30 16:20:00+08:00,3414.2
2025-08-30 16:30:00+08:00,3382.3
2025-08-30 16:40:00+08:00,3352.5
2025-08-30 16:50:00+08:00,3380.3
2025-08-30 17:00:00+08:00,3367.0
2025-08-30 17:10:00+08:00,3392.4
2025-08-30 17:20:00+08:00,3383.0
2025-08-30 17:30:00+08:00,3370.3
2025-08-30 17:40:00+08:00,3352.6
2025-08-30 17:50:00+08:00,3362.6
2025-08-30 18:00:00+08:00,3356.0
2025-08-30 18:10:00+08:00,3365.6
2025-08-30 18:20:00+08:00,3352.1
2025-08-30 18:30:00+08:00,3367.1
2025-08-30 18:40:00+08:00,3383.4
2025-08-30 18:50:00+08:00,3386.7
2025-08-30 19:00:00+08:00,3392.3
2025-08-30 19:10:00+08:00,3379.4
2025-08-30 19:20:00+08:00,3368.0
2025-08-30 19:30:00+08:00,3366.9
2025-08-30 19:40:00+08:00,3364.2
2025-08-30 19:50:00+08:00,3340.9
2025-08-30 20:00:00+08:00,3355.9
2025-08-30 20:10:00+08:00,3357.5
2025-08-30 20:20:00+08:00,3358.7
2025-08-30 20:30:00+08:00,3334.7
2025-08-30 20:40:00+08:00,3337.4
2025-08-30 20:50:00+08:00,3348.0
2025-08-30 21:00:00+08:00,3327.8
2025-08-30 21:10:00+08:00,3305.3
2025-08-30 21:20:00+08:00,3291.9
2025-08-30 21:30:00+08:00,3296.6
2025-08-30 21:40:00+08:00,3281.7
2025-08-30 21:50:00+08:00,3278.2
2025-08-30 22:00:00+08:00,3265.1
2025-08-30 22:10:00+08:00,3243.5
2025-08-30 22:20:00+08:00,3220.7
2025-08-30 22:30:00+08:00,3204.7
2025-08-30 22:40:00+08:00,3176.5
2025-08-30 22:50:00+08:00,3172.9
2025-08-30 23:00:00+08:00,3145.5
2025-08-30 23:10:00+08:00,3119.8
2025-08-30 23:20:00+08:00,3099.2
2025-08-30 23:30:00+08:00,3094.6
2025-08-30 23:40:00+08:00,3054.5
2025-08-30 23:50:00+08:00,3038.3
2025-08-31 00:00:00+08:00,3019.0
2025-08-31 00:10:00+08:00,3008.1
2025-08-31 00:20:00+08:00,2968.5
2025-08-31 00:30:00+08:00,2945.2
2025-08-31 00:40:00+08:00,2929.0
2025-08-31 00:50:00+08:00,2903.5
2025-08-31 01:00:00+08:00,2880.8
2025-08-31 01:10:00+08:00,2875.1
2025-08-31 01:20:00+08:00,2844.9
2025-08-31 01:30:00+08:00,2841.2
2025-08-31 01:40:00+08:00,2832.0
2025-08-31 01:50:00+08:00,2824.1
2025-08-31 02:00:00+08:00,2786.1
2025-08-31 02:10:00+08:00,2761.4
2025-08-31 02:20:00+08:00,2771.0
2025-08-31 02:30:00+08:00,2748.8
2025-08-31 02:40:00+08:00,2735.8
2025-08-31 02:50:00+08:00,2710.5
2025-08-31 03:00:00+08:00,2700.5
2025-08-31 03:10:00+08:00,2682.3
2025-08-31 03:20:00+08:00,2678.1
2025-08-31 03:30:00+08:00,2671.2
2025-08-31 03:40:00+08:00,2669.7
2025-08-31 03:50:00+08:00,2668.3
2025-08-31 04:00:00+08:00,2660.4
2025-08-31 04:10:00+08:00,2648.8
2025-08-31 04:20:00+08:00,2643.9
2025-08-31 04:30:00+08:00,2633.0
2025-08-31 04:40:00+08:00,2630.5
2025-08-31 04:50:00+08:00,2640.8
2025-08-31 05:00:00+08:00,2637.9
2025-08-31 05:10:00+08:00,2622.7
2025-08-31 05:20:00+08:00,2620.5
2025-08-31 05:30:00+08:00,2616.0
2025-08-31 05:40:00+08:00,2614.5
2025-08-31 05:50:00+08:00,2587.6
2025-08-31 06:00:00+08:00,2575.2
2025-08-31 06:10:00+08:00,2583.8
2025-08-31 06:20:00+08:00,2585.3
2025-08-31 06:30:00+08:00,2578.4
2025-08-31 06:40:00+08:00,2592.3
2025-08-31 06:50:00+08:00,2596.0
2025-08-31 07:00:00+08:00,2600.4
2025-08-31 07:10:00+08:00,2627.9
2025-08-31 07:20:00+08:00,2644.0
2025-08-31 07:30:00+08:00,2667.7
2025-08-31 07:40:00+08:00,2679.0
2025-08-31 07:50:00+08:00,2687.8
2025-08-31 08:00:00+08:00,2696.2
2025-08-31 08:10:00+08:00,2731.1
2025-08-31 08:20:00+08:00,2755.6
2025-08-31 08:30:00+08:00,2777.6
2025-08-31 08:40:00+08:00,2841.8
2025-08-31 08:50:00+08:00,2813.4
2025-08-31 09:00:00+08:00,2844.4
2025-08-31 09:10:00+08:00,2903.3
2025-08-31 09:20:00+08:00,2929.2
2025-08-31 09:30:00+08:00,2911.3
2025-08-31 09:40:00+08:00,2926.9
2025-08-31 09:50:00+08:00,2968.6
2025-08-31 10:00:00+08:00,3003.9
2025-08-31 10:10:00+08:00,3016.8
2025-08-31 10:20:00+08:00,3032.4
2025-08-31 10:30:00+08:00,3038.6
2025-08-31 10:40:00+08:00,3043.0
2025-08-31 10:50:00+08:00,3071.8
2025-08-31 11:00:00+08:00,3136.4
2025-08-31 11:10:00+08:00,3158.3
2025-08-31 11:20:00+08:00,3143.6
2025-08-31 11:30:00+08:00,3138.7
2025-08-31 11:40:00+08:00,3146.4
2025-08-31 11:50:00+08:00,3192.6
2025-08-31 12:00:00+08:00,3172.4
2025-08-31 12:10:00+08:00,3190.2
2025-08-31 12:20:00+08:00,3221.1
2025-08-31 12:30:00+08:00,3206.1
2025-08-31 12:40:00+08:00,3260.3
2025-08-31 12:50:00+08:00,3252.0
2025-08-31 13:00:00+08:00,3262.1
2025-08-31 13:10:00+08:00,3252.2
2025-08-31 13:20:00+08:00,3260.3
2025-08-31 13:30:00+08:00,3243.3
2025-08-31 13:40:00+08:00,3290.3
2025-08-31 13:50:00+08:00,3262.6
2025-08-31 14:00:00+08:00,3261.2
2025-08-31 14:10:00+08:00,3190.0
2025-08-31 14:20:00+08:00,3220.0
2025-08-31 14:30:00+08:00,3224.6
2025-08-31 14:40:00+08:00,3218.2
2025-08-31 14:50:00+08:00,3269.4
2025-08-31 15:00:00+08:00,3242.2
2025-08-31 15:10:00+08:00,3219.8
2025-08-31 15:20:00+08:00,3219.8
2025-08-31 15:30:00+08:00,3236.3
2025-08-31 15:40:00+08:00,3247.9
2025-08-31 15:50:00+08:00,3220.1
2025-08-31 16:00:00+08:00,3232.4
2025-08-31 16:10:00+08:00,3235.2
2025-08-31 16:20:00+08:00,3206.1
2025-08-31 16:30:00+08:00,3197.0
2025-08-31 16:40:00+08:00,3219.5
2025-08-31 16:50:00+08:00,3224.9
2025-08-31 17:00:00+08:00,3253.0
2025-08-31 17:10:00+08:00,3244.5
2025-08-31 17:20:00+08:00,3232.0
2025-08-31 17:30:00+08:00,3222.0
2025-08-31 17:40:00+08:00,3246.8
2025-08-31 17:50:00+08:00,3261.0
2025-08-31 18:00:00+08:00,3287.1
2025-08-31 23:50:00+08:00,2983.4
2025-09-01 00:00:00+08:00,2939.7
2025-09-01 00:10:00+08:00,2945.1
2025-09-01 00:20:00+08:00,2915.7
2025-09-01 00:30:00+08:00,2900.9
2025-09-01 00:40:00+08:00,2872.7
2025-09-01 00:50:00+08:00,2858.6
2025-09-01 01:00:00+08:00,2849.1
2025-09-01 01:10:00+08:00,2826.0
2025-09-01 01:20:00+08:00,2800.2
2025-09-01 01:30:00+08:00,2785.5
2025-09-01 01:40:00+08:00,2786.4
2025-09-01 01:50:00+08:00,2757.8
2025-09-01 02:00:00+08:00,2762.7
2025-09-01 02:10:00+08:00,2729.0
2025-09-01 02:20:00+08:00,2720.0
2025-09-01 02:30:00+08:00,2708.9
2025-09-01 02:40:00+08:00,2707.7
2025-09-01 02:50:00+08:00,2694.7
2025-09-01 03:00:00+08:00,2672.0
2025-09-01 03:10:00+08:00,2660.1
2025-09-01 03:20:00+08:00,2652.0
2025-09-01 03:30:00+08:00,2662.1
2025-09-01 03:40:00+08:00,2640.3
2025-09-01 03:50:00+08:00,2629.4
2025-09-01 04:00:00+08:00,2626.9
2025-09-01 04:10:00+08:00,2624.2
2025-09-01 04:20:00+08:00,2617.1
2025-09-01 04:30:00+08:00,2596.3
2025-09-01 04:40:00+08:00,2611.1
2025-09-01 04:50:00+08:00,2629.0
2025-09-01 05:00:00+08:00,2610.3
2025-09-01 05:10:00+08:00,2617.7
2025-09-01 05:20:00+08:00,2628.2
2025-09-01 05:30:00+08:00,2634.4
2025-09-01 05:40:00+08:00,2618.5
2025-09-01 05:50:00+08:00,2641.4
2025-09-01 06:00:00+08:00,2635.9
2025-09-01 06:10:00+08:00,2641.6
2025-09-01 06:20:00+08:00,2642.7
2025-09-01 06:30:00+08:00,2658.6
2025-09-01 06:40:00+08:00,2713.0
2025-09-01 06:50:00+08:00,2725.6
2025-09-01 07:00:00+08:00,2735.2
2025-09-01 07:10:00+08:00,2803.1
2025-09-01 07:20:00+08:00,2842.9
2025-09-01 07:30:00+08:00,2867.8
2025-09-01 07:40:00+08:00,2945.4
2025-09-01 07:50:00+08:00,3021.4
2025-09-01 08:00:00+08:00,3116.2
2025-09-01 08:10:00+08:00,3285.5
2025-09-01 08:20:00+08:00,3332.9
2025-09-01 08:30:00+08:00,3386.1
2025-09-01 08:40:00+08:00,3461.7
2025-09-01 08:50:00+08:00,3503.0
2025-09-01 09:00:00+08:00,3518.7
2025-09-01 09:10:00+08:00,3547.3
2025-09-01 09:20:00+08:00,3557.5
2025-09-01 09:30:00+08:00,3586.8
2025-09-01 09:40:00+08:00,3619.1
2025-09-01 09:50:00+08:00,3634.9
2025-09-01 10:00:00+08:00,3657.1
2025-09-01 10:10:00+08:00,3676.7
2025-09-01 10:20:00+08:00,3699.3
2025-09-01 10:30:00+08:00,3721.2
2025-09-01 10:40:00+08:00,3746.2
2025-09-01 10:50:00+08:00,3764.4
2025-09-01 11:00:00+08:00,3787.1
2025-09-01 11:10:00+08:00,3795.3
2025-09-01 11:20:00+08:00,3785.1
2025-09-01 11:30:00+08:00,3788.7
2025-09-01 11:40:00+08:00,3776.7
2025-09-01 11:50:00+08:00,3776.9
2025-09-01 12:00:00+08:00,3739.1
2025-09-01 12:10:00+08:00,3675.4
2025-09-01 12:20:00+08:00,3641.4
2025-09-01 12:30:00+08:00,3640.9
2025-09-01 12:40:00+08:00,3635.4
2025-09-01 12:50:00+08:00,3631.3
2025-09-01 13:00:00+08:00,3696.3
2025-09-01 13:10:00+08:00,3769.1
2025-09-01 13:20:00+08:00,3777.3
2025-09-01 13:30:00+08:00,3767.7
2025-09-01 13:40:00+08:00,3763.9
2025-09-01 13:50:00+08:00,3759.1
2025-09-01 14:00:00+08:00,3734.7
2025-09-01 14:10:00+08:00,3754.7
2025-09-01 14:20:00+08:00,3771.9
2025-09-01 14:30:00+08:00,3752.2
2025-09-01 14:40:00+08:00,3758.0
2025-09-01 14:50:00+08:00,3774.2
2025-09-01 15:00:00+08:00,3752.0
2025-09-01 15:10:00+08:00,3755.3
2025-09-01 15:20:00+08:00,3764.4
2025-09-01 15:30:00+08:00,3762.0
2025-09-01 15:40:00+08:00,3743.5
2025-09-01 15:50:00+08:00,3733.8
2025-09-01 16:00:00+08:00,3719.2
2025-09-01 16:10:00+08:00,3669.5
2025-09-01 16:20:00+08:00,3701.9
2025-09-01 16:30:00+08:00,3713.7
2025-09-01 16:40:00+08:00,3689.6
2025-09-01 16:50:00+08:00,3669.4
2025-09-01 17:00:00+08:00,3608.7
2025-09-01 17:10:00+08:00,3557.8
2025-09-01 17:20:00+08:00,3538.5
2025-09-01 17:30:00+08:00,3521.1
2025-09-01 17:40:00+08:00,3523.8
2025-09-01 17:50:00+08:00,3527.4
2025-09-01 18:00:00+08:00,3521.6
2025-09-01 18:10:00+08:00,3529.5
2025-09-01 18:20:00+08:00,3541.4
2025-09-01 18:30:00+08:00,3553.8
2025-09-01 18:40:00+08:00,3541.1
2025-09-01 18:50:00+08:00,3551.8
2025-09-01 19:00:00+08:00,3546.7
2025-09-01 19:10:00+08:00,3533.6
2025-09-01 19:20:00+08:00,3526.1
2025-09-01 19:30:00+08:00,3519.2
2025-09-01 19:40:00+08:00,3509.3
2025-09-01 19:50:00+08:00,3508.4
2025-09-01 20:00:00+08:00,3485.0
2025-09-01 20:10:00+08:00,3474.3
2025-09-01 20:20:00+08:00,3471.0
2025-09-01 20:30:00+08:00,3465.7
2025-09-01 20:40:00+08:00,3437.0
2025-09-01 20:50:00+08:00,3427.1
2025-09-01 21:00:00+08:00,3411.9
2025-09-01 21:10:00+08:00,3393.1
2025-09-01 21:20:00+08:00,3382.7
2025-09-01 21:30:00+08:00,3370.6
2025-09-01 21:40:00+08:00,3364.6
2025-09-01 21:50:00+08:00,3354.9
2025-09-01 22:00:00+08:00,3322.6
2025-09-01 22:10:00+08:00,3332.9
2025-09-01 22:20:00+08:00,3308.3
2025-09-01 22:30:00+08:00,3289.0
2025-09-01 22:40:00+08:00,3261.3
2025-09-01 22:50:00+08:00,3229.0
2025-09-01 23:00:00+08:00,3215.9
2025-09-01 23:10:00+08:00,3189.5
2025-09-01 23:20:00+08:00,3175.1
2025-09-01 23:30:00+08:00,3151.8
2025-09-01 23:40:00+08:00,3099.3
2025-09-01 23:50:00+08:00,3093.1
2025-09-02 00:00:00+08:00,3047.6
2025-09-02 00:10:00+08:00,3059.6
2025-09-02 00:20:00+08:00,3059.7
2025-09-02 00:30:00+08:00,3019.7
2025-09-02 00:40:00+08:00,3001.7
2025-09-02 00:50:00+08:00,2990.8
2025-09-02 01:00:00+08:00,2979.1
2025-09-02 01:10:00+08:00,2953.4
2025-09-02 01:20:00+08:00,2940.8
2025-09-02 01:30:00+08:00,2916.8
2025-09-02 01:40:00+08:00,2907.7
2025-09-02 01:50:00+08:00,2890.9
2025-09-02 02:00:00+08:00,2862.1
2025-09-02 02:10:00+08:00,2849.4
2025-09-02 02:20:00+08:00,2863.9
2025-09-02 02:30:00+08:00,2820.5
2025-09-02 02:40:00+08:00,2821.8
2025-09-02 02:50:00+08:00,2813.1
2025-09-02 03:00:00+08:00,2806.2
2025-09-02 03:10:00+08:00,2794.9
2025-09-02 03:20:00+08:00,2777.9
2025-09-02 03:30:00+08:00,2768.0
2025-09-02 03:40:00+08:00,2769.4
2025-09-02 03:50:00+08:00,2764.9
2025-09-02 04:00:00+08:00,2747.2
2025-09-02 04:10:00+08:00,2755.0
2025-09-02 04:20:00+08:00,2761.0
2025-09-02 04:30:00+08:00,2751.4
2025-09-02 04:40:00+08:00,2744.8
2025-09-02 04:50:00+08:00,2711.2
2025-09-02 05:00:00+08:00,2728.2
2025-09-02 05:10:00+08:00,2722.4
2025-09-02 05:20:00+08:00,2750.1
2025-09-02 05:30:00+08:00,2717.8
2025-09-02 05:40:00+08:00,2720.7
2025-09-02 05:50:00+08:00,2734.1
2025-09-02 06:00:00+08:00,2740.5
2025-09-02 06:10:00+08:00,2740.4
2025-09-02 06:20:00+08:00,2759.1
2025-09-02 06:30:00+08:00,2774.5
2025-09-02 06:40:00+08:00,2796.4
2025-09-02 06:50:00+08:00,2823.1
2025-09-02 07:00:00+08:00,2835.2
2025-09-02 07:10:00+08:00,2882.7
2025-09-02 07:20:00+08:00,2919.9
2025-09-02 07:30:00+08:00,2945.1
2025-09-02 07:40:00+08:00,2992.8
2025-09-02 07:50:00+08:00,3081.9
2025-09-02 08:00:00+08:00,3181.5
2025-09-02 08:10:00+08:00,3331.0
2025-09-02 08:20:00+08:00,3383.9
2025-09-02 08:30:00+08:00,3440.6
2025-09-02 08:40:00+08:00,3487.3
2025-09-02 08:50:00+08:00,3537.4
2025-09-02 09:00:00+08:00,3566.4
2025-09-02 09:10:00+08:00,3607.3
2025-09-02 09:20:00+08:00,3614.9
2025-09-02 09:30:00+08:00,3607.4
2025-09-02 09:40:00+08:00,3653.2
2025-09-02 09:50:00+08:00,3669.7
2025-09-02 10:00:00+08:00,3680.7
2025-09-02 10:10:00+08:00,3676.8
2025-09-02 10:20:00+08:00,3710.8
2025-09-02 10:30:00+08:00,3716.0
2025-09-02 10:40:00+08:00,3759.1
2025-09-02 10:50:00+08:00,3782.4
2025-09-02 11:00:00+08:00,3813.7
2025-09-02 11:10:00+08:00,3791.7
2025-09-02 11:20:00+08:00,3810.6
2025-09-02 11:30:00+08:00,3805.6
2025-09-02 11:40:00+08:00,3798.3
2025-09-02 11:50:00+08:00,3778.7
2025-09-02 12:00:00+08:00,3753.9
2025-09-02 12:10:00+08:00,3696.3
2025-09-02 12:20:00+08:00,3650.6
2025-09-02 12:30:00+08:00,3654.4
2025-09-02 12:40:00+08:00,3653.4
2025-09-02 12:50:00+08:00,3630.4
2025-09-02 13:00:00+08:00,3661.9
2025-09-02 13:10:00+08:00,3756.8
2025-09-02 13:20:00+08:00,3816.3
2025-09-02 13:30:00+08:00,3823.8
2025-09-02 13:40:00+08:00,3792.1
2025-09-02 13:50:00+08:00,3775.5
2025-09-02 14:00:00+08:00,3778.4
2025-09-02 14:10:00+08:00,3790.5
2025-09-02 14:20:00+08:00,3780.8
2025-09-02 14:30:00+08:00,3772.6
2025-09-02 14:40:00+08:00,3753.1
2025-09-02 14:50:00+08:00,3764.1
2025-09-02 15:00:00+08:00,3733.8
2025-09-02 15:10:00+08:00,3715.8
2025-09-02 15:20:00+08:00,3731.8
2025-09-02 15:30:00+08:00,3726.3
2025-09-02 15:40:00+08:00,3722.3
2025-09-02 15:50:00+08:00,3720.5
2025-09-02 16:00:00+08:00,3696.0
2025-09-02 16:10:00+08:00,3683.2
2025-09-02 16:20:00+08:00,3686.9
2025-09-02 16:30:00+08:00,3689.9
2025-09-02 16:40:00+08:00,3686.3
2025-09-02 16:50:00+08:00,3659.5
2025-09-02 17:00:00+08:00,3600.0
2025-09-02 17:10:00+08:00,3555.8
2025-09-02 17:20:00+08:00,3542.0
2025-09-02 17:30:00+08:00,3522.2
2025-09-02 17:40:00+08:00,3510.3
2025-09-02 17:50:00+08:00,3504.1
2025-09-02 18:00:00+08:00,3500.7
2025-09-02 18:10:00+08:00,3514.1
2025-09-02 18:20:00+08:00,3528.6
2025-09-02 18:30:00+08:00,3521.8
2025-09-02 18:40:00+08:00,3525.0
2025-09-02 18:50:00+08:00,3523.6
2025-09-02 19:00:00+08:00,3518.7
2025-09-02 19:10:00+08:00,3497.9
2025-09-02 19:20:00+08:00,3498.7
2025-09-02 19:30:00+08:00,3486.7
2025-09-02 19:40:00+08:00,3476.9
2025-09-02 19:50:00+08:00,3477.9
2025-09-02 20:00:00+08:00,3444.6
2025-09-02 20:10:00+08:00,3434.0
2025-09-02 20:20:00+08:00,3426.8
2025-09-02 20:30:00+08:00,3419.0
2025-09-02 20:40:00+08:00,3410.9
2025-09-02 20:50:00+08:00,3399.9
2025-09-02 21:00:00+08:00,3377.9
2025-09-02 21:10:00+08:00,3346.0
2025-09-02 21:20:00+08:00,3344.0
2025-09-02 21:30:00+08:00,3332.6
2025-09-02 21:40:00+08:00,3327.0
2025-09-02 21:50:00+08:00,3323.3
2025-09-02 22:00:00+08:00,3290.0
2025-09-02 22:10:00+08:00,3314.7
2025-09-02 22:20:00+08:00,3294.9
2025-09-02 22:30:00+08:00,3267.2
2025-09-02 22:40:00+08:00,3235.8
2025-09-02 22:50:00+08:00,3207.0
2025-09-02 23:00:00+08:00,3184.3
2025-09-02 23:10:00+08:00,3159.8
2025-09-02 23:20:00+08:00,3151.9
2025-09-02 23:30:00+08:00,3108.0
2025-09-02 23:40:00+08:00,3079.5
2025-09-02 23:50:00+08:00,3051.4
2025-09-03 00:00:00+08:00,3021.3
2025-09-03 00:10:00+08:00,3030.5
2025-09-03 00:20:00+08:00,3016.0
2025-09-03 00:30:00+08:00,2984.2
2025-09-03 00:40:00+08:00,2965.1
2025-09-03 00:50:00+08:00,2961.4
2025-09-03 01:00:00+08:00,2929.0
2025-09-03 01:10:00+08:00,2915.3
2025-09-03 01:20:00+08:00,2901.2
2025-09-03 01:30:00+08:00,2874.6
2025-09-03 01:40:00+08:00,2850.4
2025-09-03 01:50:00+08:00,2856.4
2025-09-03 02:00:00+08:00,2851.4
2025-09-03 02:10:00+08:00,2841.0
2025-09-03 02:20:00+08:00,2826.0
2025-09-03 02:30:00+08:00,2800.5
2025-09-03 02:40:00+08:00,2787.4
2025-09-03 02:50:00+08:00,2780.7
2025-09-03 03:00:00+08:00,2757.0
2025-09-03 03:10:00+08:00,2765.5
2025-09-03 03:20:00+08:00,2749.1
2025-09-03 03:30:00+08:00,2732.2
2025-09-03 03:40:00+08:00,2729.1
2025-09-03 03:50:00+08:00,2723.5
2025-09-03 04:00:00+08:00,2708.8
2025-09-03 04:10:00+08:00,2710.4
2025-09-03 04:20:00+08:00,2694.1
2025-09-03 04:30:00+08:00,2704.3
2025-09-03 04:40:00+08:00,2684.7
2025-09-03 04:50:00+08:00,2683.3
2025-09-03 05:00:00+08:00,2681.3
2025-09-03 05:10:00+08:00,2689.9
2025-09-03 05:20:00+08:00,2706.7
2025-09-03 05:30:00+08:00,2691.2
2025-09-03 05:40:00+08:00,2707.9
2025-09-03 05:50:00+08:00,2692.2
2025-09-03 06:00:00+08:00,2689.0
2025-09-03 06:10:00+08:00,2694.3
2025-09-03 06:20:00+08:00,2726.5
2025-09-03 06:30:00+08:00,2702.9
2025-09-03 06:40:00+08:00,2752.6
2025-09-03 06:50:00+08:00,2773.0
2025-09-03 07:00:00+08:00,2798.0
2025-09-03 07:10:00+08:00,2848.6
2025-09-03 07:20:00+08:00,2885.7
2025-09-03 07:30:00+08:00,2880.3
2025-09-03 07:40:00+08:00,2974.6
2025-09-03 07:50:00+08:00,3053.9
2025-09-03 08:00:00+08:00,3175.1
2025-09-03 08:10:00+08:00,3300.0
2025-09-03 08:20:00+08:00,3362.4
2025-09-03 08:30:00+08:00,3399.6
2025-09-03 08:40:00+08:00,3459.2
2025-09-03 08:50:00+08:00,3474.7
2025-09-03 09:00:00+08:00,3513.3
2025-09-03 09:10:00+08:00,3546.7
2025-09-03 09:20:00+08:00,3576.2
2025-09-03 09:30:00+08:00,3578.7
2025-09-03 09:40:00+08:00,3610.4
2025-09-03 09:50:00+08:00,3635.5
2025-09-03 10:00:00+08:00,3658.9
2025-09-03 10:10:00+08:00,3654.7
2025-09-03 10:20:00+08:00,3686.0
2025-09-03 10:30:00+08:00,3701.9
2025-09-03 10:40:00+08:00,3731.9
2025-09-03 10:50:00+08:00,3728.3
2025-09-03 11:00:00+08:00,3766.5
2025-09-03 11:10:00+08:00,3803.4
2025-09-03 11:20:00+08:00,3780.6
2025-09-03 11:30:00+08:00,3807.1
2025-09-03 11:40:00+08:00,3811.2
2025-09-03 11:50:00+08:00,3811.3
2025-09-03 12:00:00+08:00,3760.4
2025-09-03 12:10:00+08:00,3718.5
2025-09-03 12:20:00+08:00,3673.7
2025-09-03 12:30:00+08:00,3683.2
2025-09-03 12:40:00+08:00,3694.7
2025-09-03 12:50:00+08:00,3689.5
2025-09-03 13:00:00+08:00,3750.5
2025-09-03 13:10:00+08:00,3852.0
2025-09-03 13:20:00+08:00,3869.7
2025-09-03 13:30:00+08:00,3865.4
2025-09-03 13:40:00+08:00,3875.4
2025-09-03 13:50:00+08:00,3874.5
2025-09-03 14:00:00+08:00,3899.8
2025-09-03 14:10:00+08:00,3898.2
2025-09-03 14:20:00+08:00,3878.2
2025-09-03 14:30:00+08:00,3874.7
2025-09-03 14:40:00+08:00,3873.5
2025-09-03 14:50:00+08:00,3859.4
2025-09-03 15:00:00+08:00,3842.4
2025-09-03 15:10:00+08:00,3818.1
2025-09-03 15:20:00+08:00,3792.0
2025-09-03 15:30:00+08:00,3797.0
2025-09-03 15:40:00+08:00,3802.7
2025-09-03 15:50:00+08:00,3787.3
2025-09-03 16:00:00+08:00,3771.0
2025-09-03 16:10:00+08:00,3759.6
2025-09-03 16:20:00+08:00,3749.5
2025-09-03 16:30:00+08:00,3752.7
2025-09-03 16:40:00+08:00,3735.2
2025-09-03 16:50:00+08:00,3715.3
2025-09-03 17:00:00+08:00,3653.8
2025-09-03 17:10:00+08:00,3599.9
2025-09-03 17:20:00+08:00,3585.0
2025-09-03 17:30:00+08:00,3563.1
2025-09-03 17:40:00+08:00,3568.1
2025-09-03 17:50:00+08:00,3564.2
2025-09-03 18:00:00+08:00,3554.7
2025-09-03 18:10:00+08:00,3553.1
2025-09-03 18:20:00+08:00,3558.4
2025-09-03 18:30:00+08:00,3560.8
2025-09-03 18:40:00+08:00,3555.5
2025-09-03 18:50:00+08:00,3566.9
2025-09-03 19:00:00+08:00,3551.6
2025-09-03 19:10:00+08:00,3532.5
2025-09-03 19:20:00+08:00,3523.9
2025-09-03 19:30:00+08:00,3519.8
2025-09-03 19:40:00+08:00,3512.6
2025-09-03 19:50:00+08:00,3508.2
2025-09-03 20:00:00+08:00,3492.4
2025-09-03 20:10:00+08:00,3475.6
2025-09-03 20:20:00+08:00,3467.2
2025-09-03 20:30:00+08:00,3462.4
2025-09-03 20:40:00+08:00,3452.6
2025-09-03 20:50:00+08:00,3432.4
2025-09-03 21:00:00+08:00,3418.7
2025-09-03 21:10:00+08:00,3391.7
2025-09-03 21:20:00+08:00,3385.5
2025-09-03 21:30:00+08:00,3385.4
2025-09-03 21:40:00+08:00,3379.1
2025-09-03 21:50:00+08:00,3354.0
2025-09-03 22:00:00+08:00,3325.8
2025-09-03 22:10:00+08:00,3347.5
2025-09-03 22:20:00+08:00,3338.8
2025-09-03 22:30:00+08:00,3313.8
2025-09-03 22:40:00+08:00,3289.7
2025-09-03 22:50:00+08:00,3261.5
2025-09-03 23:00:00+08:00,3237.4
2025-09-03 23:10:00+08:00,3197.6
2025-09-03 23:20:00+08:00,3171.5
2025-09-03 23:30:00+08:00,3148.8
2025-09-03 23:40:00+08:00,3121.9
2025-09-03 23:50:00+08:00,3095.0
2025-09-04 00:00:00+08:00,3052.9
2025-09-04 00:10:00+08:00,3059.2
2025-09-04 00:20:00+08:00,3054.5
2025-09-04 00:30:00+08:00,3009.5
2025-09-04 00:40:00+08:00,3014.2
2025-09-04 00:50:00+08:00,2995.9
2025-09-04 01:00:00+08:00,2975.1
2025-09-04 01:10:00+08:00,2956.7
2025-09-04 01:20:00+08:00,2932.0
2025-09-04 01:30:00+08:00,2915.5
2025-09-04 01:40:00+08:00,2883.9
2025-09-04 01:50:00+08:00,2899.5
2025-09-04 02:00:00+08:00,2870.8
2025-09-04 02:10:00+08:00,2873.0
2025-09-04 02:20:00+08:00,2828.2
2025-09-04 02:30:00+08:00,2836.1
2025-09-04 02:40:00+08:00,2819.5
2025-09-04 02:50:00+08:00,2801.0
2025-09-04 03:00:00+08:00,2797.2
2025-09-04 03:10:00+08:00,2774.4
2025-09-04 03:20:00+08:00,2776.0
2025-09-04 03:30:00+08:00,2758.4
2025-09-04 03:40:00+08:00,2758.5
2025-09-04 03:50:00+08:00,2731.1
2025-09-04 04:00:00+08:00,2734.4
2025-09-04 04:10:00+08:00,2729.1
2025-09-04 04:20:00+08:00,2748.1
2025-09-04 04:30:00+08:00,2720.5
2025-09-04 04:40:00+08:00,2725.7
2025-09-04 04:50:00+08:00,2712.0
2025-09-04 05:00:00+08:00,2710.3
2025-09-04 05:10:00+08:00,2713.0
2025-09-04 05:20:00+08:00,2716.0
2025-09-04 05:30:00+08:00,2715.5
2025-09-04 05:40:00+08:00,2710.0
2025-09-04 05:50:00+08:00,2721.3
2025-09-04 06:00:00+08:00,2688.8
2025-09-04 06:10:00+08:00,2734.0
2025-09-04 06:20:00+08:00,2738.4
2025-09-04 06:30:00+08:00,2742.3
2025-09-04 06:40:00+08:00,2777.2
2025-09-04 06:50:00+08:00,2791.5
2025-09-04 07:00:00+08:00,2804.6
2025-09-04 07:10:00+08:00,2849.4
2025-09-04 07:20:00+08:00,2879.4
2025-09-04 07:30:00+08:00,2902.7
2025-09-04 07:40:00+08:00,2984.6
2025-09-04 07:50:00+08:00,3051.7
2025-09-04 08:00:00+08:00,3159.0
2025-09-04 08:10:00+08:00,3286.5
2025-09-04 08:20:00+08:00,3364.9
2025-09-04 08:30:00+08:00,3425.3
2025-09-04 08:40:00+08:00,3488.4
2025-09-04 08:50:00+08:00,3532.6
2025-09-04 09:00:00+08:00,3564.1
2025-09-04 09:10:00+08:00,3580.3
2025-09-04 09:20:00+08:00,3620.3
2025-09-04 09:30:00+08:00,3620.2
2025-09-04 09:40:00+08:00,3625.4
2025-09-04 09:50:00+08:00,3636.2
2025-09-04 10:00:00+08:00,3662.0
2025-09-04 10:10:00+08:00,3684.1
2025-09-04 10:20:00+08:00,3707.7
2025-09-04 10:30:00+08:00,3731.4
2025-09-04 10:40:00+08:00,3742.2
2025-09-04 10:50:00+08:00,3753.4
2025-09-04 11:00:00+08:00,3783.0
2025-09-04 11:10:00+08:00,3795.1
2025-09-04 11:20:00+08:00,3819.6
2025-09-04 11:30:00+08:00,3826.1
2025-09-04 11:40:00+08:00,3823.8
2025-09-04 11:50:00+08:00,3831.2
2025-09-04 12:00:00+08:00,3760.7
2025-09-04 12:10:00+08:00,3715.1
2025-09-04 12:20:00+08:00,3698.4
2025-09-04 12:30:00+08:00,3713.6
2025-09-04 12:40:00+08:00,3723.6
2025-09-04 12:50:00+08:00,3735.8
2025-09-04 13:00:00+08:00,3773.8
2025-09-04 13:10:00+08:00,3853.2
2025-09-04 13:20:00+08:00,3871.2
2025-09-04 13:30:00+08:00,3887.0
2025-09-04 13:40:00+08:00,3909.7
2025-09-04 13:50:00+08:00,3894.7
2025-09-04 14:00:00+08:00,3905.6
2025-09-04 14:10:00+08:00,3895.4
2025-09-04 14:20:00+08:00,3889.9
2025-09-04 14:30:00+08:00,3876.7
2025-09-04 14:40:00+08:00,3883.8
2025-09-04 14:50:00+08:00,3873.8
2025-09-04 15:00:00+08:00,3851.1
2025-09-04 15:10:00+08:00,3827.5
2025-09-04 15:20:00+08:00,3839.8
2025-09-04 15:30:00+08:00,3807.8
2025-09-04 15:40:00+08:00,3781.5
2025-09-04 15:50:00+08:00,3778.4
2025-09-04 16:00:00+08:00,3762.9
2025-09-04 16:10:00+08:00,3738.3
2025-09-04 16:20:00+08:00,3714.5
2025-09-04 16:30:00+08:00,3703.0
2025-09-04 16:40:00+08:00,3704.8
2025-09-04 16:50:00+08:00,3685.3
2025-09-04 17:00:00+08:00,3628.4
2025-09-04 17:10:00+08:00,3589.4
2025-09-04 17:20:00+08:00,3584.3
2025-09-04 17:30:00+08:00,3563.5
2025-09-04 17:40:00+08:00,3557.6
2025-09-04 17:50:00+08:00,3563.1
2025-09-04 18:00:00+08:00,3560.4
2025-09-04 18:10:00+08:00,3560.6
2025-09-04 18:20:00+08:00,3560.2
2025-09-04 18:30:00+08:00,3566.7
2025-09-04 18:40:00+08:00,3576.8
2025-09-04 18:50:00+08:00,3571.3
2025-09-04 19:00:00+08:00,3564.7
2025-09-04 19:10:00+08:00,3551.7
2025-09-04 19:20:00+08:00,3556.7
2025-09-04 19:30:00+08:00,3543.3
2025-09-04 19:40:00+08:00,3530.9
2025-09-04 19:50:00+08:00,3523.5
2025-09-04 20:00:00+08:00,3514.1
2025-09-04 20:10:00+08:00,3503.1
2025-09-04 20:20:00+08:00,3480.2
2025-09-04 20:30:00+08:00,3472.4
2025-09-04 20:40:00+08:00,3469.9
2025-09-04 20:50:00+08:00,3456.1
2025-09-04 21:00:00+08:00,3432.5
2025-09-04 21:10:00+08:00,3413.8
2025-09-04 21:20:00+08:00,3404.1
2025-09-04 21:30:00+08:00,3389.4
2025-09-04 21:40:00+08:00,3377.6
2025-09-04 21:50:00+08:00,3370.7
2025-09-04 22:00:00+08:00,3345.4
2025-09-04 22:10:00+08:00,3369.6
2025-09-04 22:20:00+08:00,3342.5
2025-09-04 22:30:00+08:00,3319.9
2025-09-04 22:40:00+08:00,3296.1
2025-09-04 22:50:00+08:00,3283.1
2025-09-04 23:00:00+08:00,3250.4
2025-09-04 23:10:00+08:00,3218.3
2025-09-04 23:20:00+08:00,3182.0
2025-09-04 23:30:00+08:00,3155.5
2025-09-04 23:40:00+08:00,3119.8
2025-09-04 23:50:00+08:00,3101.2
2025-09-05 00:00:00+08:00,3081.3
2025-09-05 00:10:00+08:00,3067.3
2025-09-05 00:20:00+08:00,3060.4
2025-09-05 00:30:00+08:00,3034.3
2025-09-05 00:40:00+08:00,3015.1
2025-09-05 00:50:00+08:00,2999.5
2025-09-05 01:00:00+08:00,2992.5
2025-09-05 01:10:00+08:00,2964.7
2025-09-05 01:20:00+08:00,2941.7
2025-09-05 01:30:00+08:00,2932.6
2025-09-05 01:40:00+08:00,2922.8
2025-09-05 01:50:00+08:00,2899.7
2025-09-05 02:00:00+08:00,2883.4
2025-09-05 02:10:00+08:00,2879.8
2025-09-05 02:20:00+08:00,2846.8
2025-09-05 02:30:00+08:00,2846.6
2025-09-05 02:40:00+08:00,2838.3
2025-09-05 02:50:00+08:00,2821.9
2025-09-05 03:00:00+08:00,2804.3
2025-09-05 03:10:00+08:00,2812.7
2025-09-05 03:20:00+08:00,2792.2
2025-09-05 03:30:00+08:00,2773.2
2025-09-05 03:40:00+08:00,2768.9
2025-09-05 03:50:00+08:00,2755.5
2025-09-05 04:00:00+08:00,2735.5
2025-09-05 04:10:00+08:00,2742.0
2025-09-05 04:20:00+08:00,2732.1
2025-09-05 04:30:00+08:00,2737.3
2025-09-05 04:40:00+08:00,2750.8
2025-09-05 04:50:00+08:00,2735.7
2025-09-05 05:00:00+08:00,2730.9
2025-09-05 05:10:00+08:00,2741.0
2025-09-05 05:20:00+08:00,2733.7
2025-09-05 05:30:00+08:00,2736.2
2025-09-05 05:40:00+08:00,2729.5
2025-09-05 05:50:00+08:00,2727.5
2025-09-05 06:00:00+08:00,2728.3
2025-09-05 06:10:00+08:00,2741.3
2025-09-05 06:20:00+08:00,2760.5
2025-09-05 06:30:00+08:00,2767.1
2025-09-05 06:40:00+08:00,2769.0
2025-09-05 06:50:00+08:00,2805.1
2025-09-05 07:00:00+08:00,2820.7
2025-09-05 07:10:00+08:00,2836.6
2025-09-05 07:20:00+08:00,2868.4
2025-09-05 07:30:00+08:00,2904.6
2025-09-05 07:40:00+08:00,2983.5
2025-09-05 07:50:00+08:00,3058.7
2025-09-05 08:00:00+08:00,3157.1
2025-09-05 08:10:00+08:00,3305.9
2025-09-05 08:20:00+08:00,3366.4
2025-09-05 08:30:00+08:00,3415.1
2025-09-05 08:40:00+08:00,3481.2
2025-09-05 08:50:00+08:00,3536.1
2025-09-05 09:00:00+08:00,3563.2
2025-09-05 09:10:00+08:00,3577.4
2025-09-05 09:20:00+08:00,3585.2
2025-09-05 09:30:00+08:00,3626.3
2025-09-05 09:40:00+08:00,3628.3
2025-09-05 09:50:00+08:00,3640.0
2025-09-05 10:00:00+08:00,3677.4
2025-09-05 10:10:00+08:00,3678.3
2025-09-05 10:20:00+08:00,3688.6
2025-09-05 10:30:00+08:00,3749.4
2025-09-05 10:40:00+08:00,3728.8
2025-09-05 10:50:00+08:00,3783.2
2025-09-05 11:00:00+08:00,3791.5
2025-09-05 11:10:00+08:00,3836.9
2025-09-05 11:20:00+08:00,3860.4
2025-09-05 11:30:00+08:00,3855.0
2025-09-05 11:40:00+08:00,3841.7
2025-09-05 11:50:00+08:00,3835.2
2025-09-05 12:00:00+08:00,3796.2
2025-09-05 12:10:00+08:00,3746.7
2025-09-05 12:20:00+08:00,3731.6
2025-09-05 12:30:00+08:00,3730.5
2025-09-05 12:40:00+08:00,3761.4
2025-09-05 12:50:00+08:00,3764.4
2025-09-05 13:00:00+08:00,3776.8
2025-09-05 13:10:00+08:00,3863.7
2025-09-05 13:20:00+08:00,3881.3
2025-09-05 13:30:00+08:00,3895.0
2025-09-05 13:40:00+08:00,3914.7
2025-09-05 13:50:00+08:00,3913.9
2025-09-05 14:00:00+08:00,3930.4
2025-09-05 14:10:00+08:00,3926.0
2025-09-05 14:20:00+08:00,3923.3
2025-09-05 14:30:00+08:00,3903.5
2025-09-05 14:40:00+08:00,3925.7
2025-09-05 14:50:00+08:00,3912.8
2025-09-05 15:00:00+08:00,3900.3
2025-09-05 15:10:00+08:00,3908.1
2025-09-05 15:20:00+08:00,3897.2
2025-09-05 15:30:00+08:00,3890.7
2025-09-05 15:40:00+08:00,3877.7
2025-09-05 15:50:00+08:00,3858.5
2025-09-05 16:00:00+08:00,3837.8
2025-09-05 16:10:00+08:00,3799.6
2025-09-05 16:20:00+08:00,3788.6
2025-09-05 16:30:00+08:00,3767.4
2025-09-05 16:40:00+08:00,3763.7
2025-09-05 16:50:00+08:00,3739.0
2025-09-05 17:00:00+08:00,3678.6
2025-09-05 17:10:00+08:00,3641.1
2025-09-05 17:20:00+08:00,3600.0
2025-09-05 17:30:00+08:00,3586.8
2025-09-05 17:40:00+08:00,3584.2
2025-09-05 17:50:00+08:00,3582.7
2025-09-05 18:00:00+08:00,3564.3
2025-09-05 18:10:00+08:00,3557.9
2025-09-05 18:20:00+08:00,3577.3
2025-09-05 18:30:00+08:00,3579.9
2025-09-05 18:40:00+08:00,3579.5
2025-09-05 18:50:00+08:00,3585.7
2025-09-05 19:00:00+08:00,3569.7
2025-09-05 19:20:00+08:00,3546.9
2025-09-05 19:30:00+08:00,3552.6
2025-09-05 19:40:00+08:00,3542.8
2025-09-05 19:50:00+08:00,3525.5
2025-09-05 20:00:00+08:00,3514.6
2025-09-05 20:10:00+08:00,3496.1
2025-09-05 20:20:00+08:00,3495.9
2025-09-05 20:30:00+08:00,3493.8
2025-09-05 20:40:00+08:00,3476.7
2025-09-05 20:50:00+08:00,3465.1
2025-09-05 21:00:00+08:00,3447.9
2025-09-05 21:10:00+08:00,3432.3
2025-09-05 21:20:00+08:00,3418.1
2025-09-05 21:30:00+08:00,3417.4
2025-09-05 21:40:00+08:00,3410.9
2025-09-05 21:50:00+08:00,3402.7
2025-09-05 22:00:00+08:00,3393.8
2025-09-05 22:10:00+08:00,3429.3
2025-09-05 22:20:00+08:00,3406.4
2025-09-05 22:30:00+08:00,3387.2
2025-09-05 22:40:00+08:00,3355.3
2025-09-05 22:50:00+08:00,3332.1
2025-09-05 23:00:00+08:00,3307.0
2025-09-05 23:10:00+08:00,3283.6
2025-09-05 23:20:00+08:00,3262.6
2025-09-05 23:30:00+08:00,3248.3
2025-09-05 23:40:00+08:00,3217.0
2025-09-05 23:50:00+08:00,3202.4
2025-09-06 00:00:00+08:00,3166.1
2025-09-06 00:10:00+08:00,3140.4
2025-09-06 00:20:00+08:00,3161.7
2025-09-06 00:30:00+08:00,3135.7
2025-09-06 00:40:00+08:00,3117.1
2025-09-06 00:50:00+08:00,3091.4
2025-09-06 01:00:00+08:00,3056.7
2025-09-06 01:10:00+08:00,3039.8
2025-09-06 01:20:00+08:00,3032.7
2025-09-06 01:30:00+08:00,3012.2
2025-09-06 01:40:00+08:00,2993.2
2025-09-06 01:50:00+08:00,2973.7
2025-09-06 02:00:00+08:00,2970.0
2025-09-06 02:10:00+08:00,2956.2
2025-09-06 02:20:00+08:00,2942.5
2025-09-06 02:30:00+08:00,2927.1
2025-09-06 02:40:00+08:00,2896.9
2025-09-06 02:50:00+08:00,2910.0
2025-09-06 03:00:00+08:00,2872.9
2025-09-06 03:10:00+08:00,2869.9
2025-09-06 03:20:00+08:00,2868.4
2025-09-06 03:30:00+08:00,2873.6
2025-09-06 03:40:00+08:00,2839.0
2025-09-06 03:50:00+08:00,2807.8
2025-09-06 04:00:00+08:00,2821.9
2025-09-06 04:10:00+08:00,2827.8
2025-09-06 04:20:00+08:00,2804.8
2025-09-06 04:30:00+08:00,2788.3
2025-09-06 04:40:00+08:00,2791.3
2025-09-06 04:50:00+08:00,2765.4
2025-09-06 05:00:00+08:00,2767.6
2025-09-06 05:10:00+08:00,2776.4
2025-09-06 05:20:00+08:00,2780.6
2025-09-06 05:30:00+08:00,2798.0
2025-09-06 05:40:00+08:00,2752.8
2025-09-06 05:50:00+08:00,2734.0
2025-09-06 06:10:00+08:00,2743.0
2025-09-06 06:20:00+08:00,2747.8
2025-09-06 06:30:00+08:00,2737.0
2025-09-06 06:40:00+08:00,2743.0
2025-09-06 06:50:00+08:00,2749.3
2025-09-06 07:00:00+08:00,2774.6
2025-09-06 07:10:00+08:00,2776.0
2025-09-06 07:20:00+08:00,2802.1
2025-09-06 07:30:00+08:00,2831.5
2025-09-06 07:40:00+08:00,2829.2
2025-09-06 07:50:00+08:00,2883.3
2025-09-06 08:00:00+08:00,2897.8
2025-09-06 08:10:00+08:00,2994.4
2025-09-06 08:20:00+08:00,3021.3
2025-09-06 08:30:00+08:00,3047.7
2025-09-06 08:40:00+08:00,3084.3
2025-09-06 08:50:00+08:00,3091.9
2025-09-06 09:00:00+08:00,3139.6
2025-09-06 09:10:00+08:00,3161.8
2025-09-06 09:20:00+08:00,3207.5
2025-09-06 09:30:00+08:00,3193.7
2025-09-06 09:40:00+08:00,3234.7
2025-09-06 09:50:00+08:00,3281.5
2025-09-06 10:00:00+08:00,3314.6
2025-09-06 10:10:00+08:00,3327.2
2025-09-06 10:20:00+08:00,3296.9
2025-09-06 10:30:00+08:00,3345.6
2025-09-06 10:40:00+08:00,3349.4
2025-09-06 10:50:00+08:00,3397.8
2025-09-06 11:00:00+08:00,3405.0
2025-09-06 11:10:00+08:00,3421.1
2025-09-06 11:20:00+08:00,3449.7
2025-09-06 11:30:00+08:00,3473.5
2025-09-06 11:40:00+08:00,3497.6
2025-09-06 11:50:00+08:00,3497.7
2025-09-06 12:00:00+08:00,3490.4
2025-09-06 12:10:00+08:00,3485.9
2025-09-06 12:20:00+08:00,3515.7
2025-09-06 12:30:00+08:00,3504.5
2025-09-06 12:40:00+08:00,3537.1
2025-09-06 12:50:00+08:00,3524.7
2025-09-06 13:00:00+08:00,3563.9
2025-09-06 13:10:00+08:00,3590.4
2025-09-06 13:20:00+08:00,3599.0
2025-09-06 13:30:00+08:00,3576.3
2025-09-06 13:40:00+08:00,3588.4
2025-09-06 13:50:00+08:00,3602.8
2025-09-06 14:00:00+08:00,3596.8
2025-09-06 14:10:00+08:00,3600.1
2025-09-06 14:20:00+08:00,3591.5
2025-09-06 14:30:00+08:00,3575.9
2025-09-06 14:40:00+08:00,3576.9
2025-09-06 14:50:00+08:00,3571.9
2025-09-06 15:00:00+08:00,3587.1
2025-09-06 15:10:00+08:00,3567.3
2025-09-06 15:20:00+08:00,3530.8
2025-09-06 15:30:00+08:00,3525.9
2025-09-06 15:40:00+08:00,3549.4
2025-09-06 15:50:00+08:00,3524.9
2025-09-06 16:00:00+08:00,3538.3
2025-09-06 16:10:00+08:00,3530.2
2025-09-06 16:20:00+08:00,3495.5
2025-09-06 16:30:00+08:00,3470.7
2025-09-06 16:40:00+08:00,3483.8
2025-09-06 16:50:00+08:00,3488.4
2025-09-06 17:00:00+08:00,3476.8
2025-09-06 17:10:00+08:00,3457.5
2025-09-06 17:20:00+08:00,3457.6
2025-09-06 17:30:00+08:00,3435.8
2025-09-06 17:40:00+08:00,3432.8
2025-09-06 17:50:00+08:00,3443.5
2025-09-06 18:00:00+08:00,3453.0
2025-09-06 18:10:00+08:00,3447.3
2025-09-06 18:20:00+08:00,3452.5
2025-09-06 18:30:00+08:00,3457.4
2025-09-06 18:40:00+08:00,3450.8
2025-09-06 18:50:00+08:00,3473.9
2025-09-06 19:00:00+08:00,3470.5
2025-09-06 19:10:00+08:00,3461.2
2025-09-06 19:20:00+08:00,3457.6
2025-09-06 19:30:00+08:00,3444.7
2025-09-06 19:40:00+08:00,3446.5
2025-09-06 19:50:00+08:00,3440.1
2025-09-06 20:00:00+08:00,3451.8
2025-09-06 20:10:00+08:00,3431.9
2025-09-06 20:20:00+08:00,3452.6
2025-09-06 20:30:00+08:00,3431.7
2025-09-06 20:40:00+08:00,3440.0
2025-09-06 20:50:00+08:00,3433.3
2025-09-06 21:00:00+08:00,3425.1
2025-09-06 21:10:00+08:00,3420.6
2025-09-06 21:20:00+08:00,3422.3
2025-09-06 21:30:00+08:00,3391.0
2025-09-06 21:40:00+08:00,3396.2
2025-09-06 21:50:00+08:00,3370.0
2025-09-06 22:00:00+08:00,3362.0
2025-09-06 22:10:00+08:00,3335.1
2025-09-06 22:20:00+08:00,3315.7
2025-09-06 22:30:00+08:00,3310.2
2025-09-06 22:40:00+08:00,3288.3
2025-09-06 22:50:00+08:00,3258.9
2025-09-06 23:00:00+08:00,3258.9
2025-09-06 23:10:00+08:00,3240.8
2025-09-06 23:20:00+08:00,3221.9
2025-09-06 23:30:00+08:00,3183.0
2025-09-06 23:40:00+08:00,3154.5
2025-09-06 23:50:00+08:00,3124.1
2025-09-07 00:00:00+08:00,3107.4
2025-09-07 00:10:00+08:00,3086.4
2025-09-07 00:20:00+08:00,3086.5
2025-09-07 00:30:00+08:00,3038.1
2025-09-07 00:40:00+08:00,3024.6
2025-09-07 00:50:00+08:00,3006.6
2025-09-07 01:00:00+08:00,3004.7
2025-09-07 01:10:00+08:00,2960.4
2025-09-07 01:20:00+08:00,2945.3
2025-09-07 01:30:00+08:00,2937.6
2025-09-07 01:40:00+08:00,2894.0
2025-09-07 01:50:00+08:00,2885.2
2025-09-07 02:00:00+08:00,2886.0
2025-09-07 02:10:00+08:00,2882.8
2025-09-07 02:20:00+08:00,2861.3
2025-09-07 02:30:00+08:00,2842.0
2025-09-07 02:40:00+08:00,2818.6
2025-09-07 02:50:00+08:00,2830.5
2025-09-07 03:00:00+08:00,2784.2
2025-09-07 03:10:00+08:00,2799.6
2025-09-07 03:20:00+08:00,2778.3
2025-09-07 03:30:00+08:00,2752.0
2025-09-07 03:40:00+08:00,2750.6
2025-09-07 03:50:00+08:00,2749.9
2025-09-07 04:00:00+08:00,2726.0
2025-09-07 04:10:00+08:00,2730.8
2025-09-07 04:20:00+08:00,2720.7
2025-09-07 04:30:00+08:00,2696.7
2025-09-07 04:40:00+08:00,2688.8
2025-09-07 04:50:00+08:00,2710.5
2025-09-07 05:00:00+08:00,2688.9
2025-09-07 05:10:00+08:00,2697.8
2025-09-07 05:20:00+08:00,2708.2
2025-09-07 05:30:00+08:00,2683.5
2025-09-07 05:40:00+08:00,2684.7
2025-09-07 05:50:00+08:00,2658.8
2025-09-07 06:00:00+08:00,2677.0
2025-09-07 06:10:00+08:00,2676.5
2025-09-07 06:20:00+08:00,2658.2
2025-09-07 06:30:00+08:00,2656.3
2025-09-07 06:40:00+08:00,2654.3
2025-09-07 06:50:00+08:00,2661.3
2025-09-07 07:00:00+08:00,2657.8
2025-09-07 07:10:00+08:00,2672.6
2025-09-07 07:20:00+08:00,2697.5
2025-09-07 07:30:00+08:00,2712.7
2025-09-07 07:40:00+08:00,2721.0
2025-09-07 07:50:00+08:00,2750.4
2025-09-07 08:00:00+08:00,2771.0
2025-09-07 08:10:00+08:00,2809.8
2025-09-07 08:20:00+08:00,2834.7
2025-09-07 08:30:00+08:00,2861.9
2025-09-07 08:40:00+08:00,2817.2
2025-09-07 08:50:00+08:00,2854.9
2025-09-07 09:00:00+08:00,2893.7
2025-09-07 09:10:00+08:00,2916.2
2025-09-07 09:20:00+08:00,2934.9
2025-09-07 09:30:00+08:00,2977.3
2025-09-07 09:40:00+08:00,2993.3
2025-09-07 09:50:00+08:00,3023.2
2025-09-07 10:00:00+08:00,3044.0
2025-09-07 10:10:00+08:00,3051.8
2025-09-07 10:20:00+08:00,3038.2
2025-09-07 10:30:00+08:00,3073.8
2025-09-07 10:40:00+08:00,3150.1
2025-09-07 10:50:00+08:00,3160.0
2025-09-07 11:00:00+08:00,3151.3
2025-09-07 11:10:00+08:00,3197.2
2025-09-07 11:20:00+08:00,3238.7
2025-09-07 11:30:00+08:00,3242.2
2025-09-07 11:40:00+08:00,3231.0
2025-09-07 11:50:00+08:00,3268.2
2025-09-07 12:00:00+08:00,3271.2
2025-09-07 12:10:00+08:00,3293.8
2025-09-07 12:20:00+08:00,3281.3
2025-09-07 12:30:00+08:00,3288.7
2025-09-07 12:40:00+08:00,3304.0
2025-09-07 12:50:00+08:00,3300.9
2025-09-07 13:00:00+08:00,3340.6
2025-09-07 13:10:00+08:00,3338.8
2025-09-07 13:20:00+08:00,3305.1
2025-09-07 13:30:00+08:00,3275.9
2025-09-07 13:40:00+08:00,3340.5
2025-09-07 13:50:00+08:00,3345.1
2025-09-07 14:00:00+08:00,3292.0
2025-09-07 14:10:00+08:00,3302.0
2025-09-07 14:20:00+08:00,3318.2
2025-09-07 14:30:00+08:00,3290.8
2025-09-07 14:40:00+08:00,3290.6
2025-09-07 14:50:00+08:00,3276.0
2025-09-07 15:00:00+08:00,3284.2
2025-09-07 15:10:00+08:00,3280.9
2025-09-07 15:20:00+08:00,3268.4
2025-09-07 15:30:00+08:00,3302.5
2025-09-07 15:40:00+08:00,3312.6
2025-09-07 15:50:00+08:00,3247.7
2025-09-07 16:00:00+08:00,3263.4
2025-09-07 16:10:00+08:00,3249.1
2025-09-07 16:20:00+08:00,3233.0
2025-09-07 16:30:00+08:00,3239.9
2025-09-07 16:40:00+08:00,3199.0
2025-09-07 16:50:00+08:00,3227.4
2025-09-07 17:00:00+08:00,3219.4
2025-09-07 17:10:00+08:00,3221.2
2025-09-07 17:20:00+08:00,3214.6
2025-09-07 17:30:00+08:00,3218.5
2025-09-07 17:40:00+08:00,3231.2
2025-09-07 17:50:00+08:00,3231.2
2025-09-07 18:00:00+08:00,3221.1
2025-09-07 18:10:00+08:00,3238.7
2025-09-07 18:20:00+08:00,3256.3
2025-09-07 18:30:00+08:00,3253.6
2025-09-07 18:40:00+08:00,3248.2
2025-09-07 18:50:00+08:00,3242.9
2025-09-07 19:00:00+08:00,3245.2
2025-09-07 19:10:00+08:00,3249.0
2025-09-07 19:20:00+08:00,3238.8
2025-09-07 19:30:00+08:00,3236.7
2025-09-07 19:40:00+08:00,3234.5
2025-09-07 19:50:00+08:00,3240.1
2025-09-07 20:00:00+08:00,3228.0
2025-09-07 20:10:00+08:00,3234.8
2025-09-07 20:20:00+08:00,3252.9
2025-09-07 20:30:00+08:00,3260.1
2025-09-07 20:40:00+08:00,3247.5
2025-09-07 20:50:00+08:00,3235.4
2025-09-07 21:00:00+08:00,3242.6
2025-09-07 21:10:00+08:00,3222.7
2025-09-07 21:20:00+08:00,3210.3
2025-09-07 21:30:00+08:00,3200.7
2025-09-07 21:40:00+08:00,3181.2
2025-09-07 21:50:00+08:00,3173.9
2025-09-07 22:00:00+08:00,3145.0
2025-09-07 22:10:00+08:00,3129.6
2025-09-07 22:20:00+08:00,3091.3
2025-09-07 22:30:00+08:00,3083.3
2025-09-07 22:40:00+08:00,3050.5
2025-09-07 22:50:00+08:00,3057.1
2025-09-07 23:00:00+08:00,3019.6
2025-09-07 23:10:00+08:00,2996.7
2025-09-07 23:20:00+08:00,2979.3
2025-09-07 23:30:00+08:00,2960.6
2025-09-07 23:40:00+08:00,2925.1
2025-09-07 23:50:00+08:00,2901.7
2025-09-08 00:00:00+08:00,2884.1
2025-09-08 00:10:00+08:00,2870.7
2025-09-08 00:20:00+08:00,2835.7
2025-09-08 00:30:00+08:00,2836.9
2025-09-08 00:40:00+08:00,2800.5
2025-09-08 00:50:00+08:00,2785.6
2025-09-08 01:00:00+08:00,2784.2
2025-09-08 01:10:00+08:00,2748.6
2025-09-08 01:20:00+08:00,2738.8
2025-09-08 01:30:00+08:00,2697.0
2025-09-08 01:40:00+08:00,2695.5
2025-09-08 01:50:00+08:00,2685.0
2025-09-08 02:00:00+08:00,2669.9
2025-09-08 02:10:00+08:00,2667.1
2025-09-08 02:20:00+08:00,2657.6
2025-09-08 02:30:00+08:00,2640.0
2025-09-08 02:40:00+08:00,2638.6
2025-09-08 02:50:00+08:00,2655.7
2025-09-08 03:00:00+08:00,2626.0
2025-09-08 03:10:00+08:00,2597.3
2025-09-08 03:20:00+08:00,2604.2
2025-09-08 03:30:00+08:00,2584.6
2025-09-08 03:40:00+08:00,2593.1
2025-09-08 03:50:00+08:00,2573.3
2025-09-08 04:00:00+08:00,2572.7
2025-09-08 04:10:00+08:00,2579.0
2025-09-08 04:20:00+08:00,2560.6
2025-09-08 04:30:00+08:00,2567.7
2025-09-08 04:40:00+08:00,2571.1
2025-09-08 04:50:00+08:00,2584.7
2025-09-08 05:00:00+08:00,2544.1
2025-09-08 05:10:00+08:00,2585.7
2025-09-08 05:20:00+08:00,2569.2
2025-09-08 05:30:00+08:00,2586.3
2025-09-08 05:40:00+08:00,2567.4
2025-09-08 05:50:00+08:00,2571.4
2025-09-08 06:00:00+08:00,2558.7
2025-09-08 06:10:00+08:00,2586.3
2025-09-08 06:20:00+08:00,2595.1
2025-09-08 06:30:00+08:00,2598.1
2025-09-08 06:40:00+08:00,2648.1
2025-09-08 06:50:00+08:00,2686.5
2025-09-08 07:00:00+08:00,2690.3
2025-09-08 07:10:00+08:00,2765.7
2025-09-08 07:20:00+08:00,2824.8
2025-09-08 07:30:00+08:00,2851.0
2025-09-08 07:40:00+08:00,2916.7
2025-09-08 07:50:00+08:00,2971.4
2025-09-08 08:00:00+08:00,3056.8
2025-09-08 08:10:00+08:00,3247.3
2025-09-08 08:20:00+08:00,3300.8
2025-09-08 08:30:00+08:00,3363.4
2025-09-08 08:40:00+08:00,3392.1
2025-09-08 08:50:00+08:00,3438.5
2025-09-08 09:00:00+08:00,3467.6
2025-09-08 09:10:00+08:00,3481.2
2025-09-08 09:20:00+08:00,3533.6
2025-09-08 09:30:00+08:00,3544.5
2025-09-08 09:40:00+08:00,3577.3
2025-09-08 09:50:00+08:00,3597.0
2025-09-08 10:00:00+08:00,3585.7
2025-09-08 10:10:00+08:00,3633.0
2025-09-08 10:20:00+08:00,3678.6
2025-09-08 10:30:00+08:00,3681.9
2025-09-08 10:40:00+08:00,3705.4
2025-09-08 10:50:00+08:00,3733.0
2025-09-08 11:00:00+08:00,3736.9
2025-09-08 11:10:00+08:00,3768.9
2025-09-08 11:20:00+08:00,3808.2
2025-09-08 11:30:00+08:00,3817.6
2025-09-08 11:40:00+08:00,3806.7
2025-09-08 11:50:00+08:00,3801.3
2025-09-08 12:00:00+08:00,3759.7
2025-09-08 12:10:00+08:00,3700.0
2025-09-08 12:20:00+08:00,3703.6
2025-09-08 12:30:00+08:00,3708.3
2025-09-08 12:40:00+08:00,3719.5
2025-09-08 12:50:00+08:00,3696.5
2025-09-08 13:00:00+08:00,3756.7
2025-09-08 13:10:00+08:00,3858.7
2025-09-08 13:20:00+08:00,3877.1
2025-09-08 13:30:00+08:00,3880.8
2025-09-08 13:40:00+08:00,3881.6
2025-09-08 13:50:00+08:00,3882.5
2025-09-08 14:00:00+08:00,3893.1
2025-09-08 14:10:00+08:00,3890.4
2025-09-08 14:20:00+08:00,3892.5
2025-09-08 14:30:00+08:00,3889.9
2025-09-08 14:40:00+08:00,3896.1
2025-09-08 14:50:00+08:00,3878.0
2025-09-08 15:00:00+08:00,3857.2
2025-09-08 15:10:00+08:00,3872.9
2025-09-08 15:20:00+08:00,3862.3
2025-09-08 15:30:00+08:00,3834.2
2025-09-08 15:40:00+08:00,3824.6
2025-09-08 15:50:00+08:00,3830.6
2025-09-08 16:00:00+08:00,3793.0
2025-09-08 16:10:00+08:00,3782.7
2025-09-08 16:20:00+08:00,3749.6
2025-09-08 16:30:00+08:00,3754.7
2025-09-08 16:40:00+08:00,3733.9
2025-09-08 16:50:00+08:00,3720.9
2025-09-08 17:00:00+08:00,3662.9
2025-09-08 17:10:00+08:00,3613.8
2025-09-08 17:20:00+08:00,3578.2
2025-09-08 17:30:00+08:00,3587.4
2025-09-08 17:40:00+08:00,3577.2
2025-09-08 17:50:00+08:00,3575.5
2025-09-08 18:00:00+08:00,3570.5
2025-09-08 18:10:00+08:00,3569.0
2025-09-08 18:20:00+08:00,3571.9
2025-09-08 18:30:00+08:00,3579.2
2025-09-08 18:40:00+08:00,3578.8
2025-09-08 18:50:00+08:00,3577.2
2025-09-08 19:00:00+08:00,3559.2
2025-09-08 19:10:00+08:00,3560.4
2025-09-08 19:20:00+08:00,3554.9
2025-09-08 19:30:00+08:00,3542.8
2025-09-08 19:40:00+08:00,3529.2
2025-09-08 19:50:00+08:00,3523.8
2025-09-08 20:00:00+08:00,3513.8
2025-09-08 20:10:00+08:00,3491.0
2025-09-08 20:20:00+08:00,3490.7
2025-09-08 20:30:00+08:00,3476.0
2025-09-08 20:40:00+08:00,3463.1
2025-09-08 20:50:00+08:00,3452.4
2025-09-08 21:00:00+08:00,3438.3
2025-09-08 21:10:00+08:00,3417.7
2025-09-08 21:20:00+08:00,3408.6
2025-09-08 21:30:00+08:00,3400.5
2025-09-08 21:40:00+08:00,3392.5
2025-09-08 21:50:00+08:00,3374.4
2025-09-08 22:00:00+08:00,3360.7
2025-09-08 22:10:00+08:00,3365.9
2025-09-08 22:20:00+08:00,3347.7
2025-09-08 22:30:00+08:00,3316.4
2025-09-08 22:40:00+08:00,3308.0
2025-09-08 22:50:00+08:00,3279.3
2025-09-08 23:00:00+08:00,3267.1
2025-09-08 23:10:00+08:00,3226.8
2025-09-08 23:20:00+08:00,3207.0
2025-09-08 23:30:00+08:00,3178.0
2025-09-08 23:40:00+08:00,3136.9
2025-09-08 23:50:00+08:00,3122.5
2025-09-09 00:00:00+08:00,3104.7
2025-09-09 00:10:00+08:00,3118.4
2025-09-09 00:20:00+08:00,3091.6
2025-09-09 00:30:00+08:00,3062.9
2025-09-09 00:40:00+08:00,3067.3
2025-09-09 00:50:00+08:00,3039.3
2025-09-09 01:00:00+08:00,3007.8
2025-09-09 01:10:00+08:00,3018.3
2025-09-09 01:20:00+08:00,2974.8
2025-09-09 01:30:00+08:00,2974.8
2025-09-09 01:40:00+08:00,2960.1
2025-09-09 01:50:00+08:00,2932.8
2025-09-09 02:00:00+08:00,2923.6
2025-09-09 02:10:00+08:00,2907.2
2025-09-09 02:20:00+08:00,2884.9
2025-09-09 02:30:00+08:00,2872.1
2025-09-09 02:40:00+08:00,2876.9
2025-09-09 02:50:00+08:00,2854.7
2025-09-09 03:00:00+08:00,2808.4
2025-09-09 03:10:00+08:00,2824.8
2025-09-09 03:20:00+08:00,2811.8
2025-09-09 03:30:00+08:00,2788.9
2025-09-09 03:40:00+08:00,2805.4
2025-09-09 03:50:00+08:00,2783.8
2025-09-09 04:00:00+08:00,2782.8
2025-09-09 04:10:00+08:00,2768.5
2025-09-09 04:20:00+08:00,2787.5
2025-09-09 04:30:00+08:00,2764.4
2025-09-09 04:40:00+08:00,2759.9
2025-09-09 04:50:00+08:00,2749.6
2025-09-09 05:00:00+08:00,2743.8
2025-09-09 05:10:00+08:00,2760.2
2025-09-09 05:20:00+08:00,2753.2
2025-09-09 05:30:00+08:00,2743.6
2025-09-09 05:40:00+08:00,2764.3
2025-09-09 05:50:00+08:00,2745.7
2025-09-09 06:00:00+08:00,2771.4
2025-09-09 06:10:00+08:00,2761.4
2025-09-09 06:20:00+08:00,2766.6
2025-09-09 06:30:00+08:00,2791.7
2025-09-09 06:40:00+08:00,2806.6
2025-09-09 06:50:00+08:00,2803.1
2025-09-09 07:00:00+08:00,2827.8
2025-09-09 07:10:00+08:00,2893.1
2025-09-09 07:20:00+08:00,2928.5
2025-09-09 07:30:00+08:00,2967.6
2025-09-09 07:40:00+08:00,3010.4
2025-09-09 07:50:00+08:00,3095.3
2025-09-09 08:00:00+08:00,3199.9
2025-09-09 08:10:00+08:00,3356.2
2025-09-09 08:20:00+08:00,3433.8
2025-09-09 08:30:00+08:00,3467.0
2025-09-09 08:40:00+08:00,3511.9
2025-09-09 08:50:00+08:00,3547.0
2025-09-09 09:00:00+08:00,3564.2
2025-09-09 09:10:00+08:00,3597.9
2025-09-09 09:20:00+08:00,3616.9
2025-09-09 09:30:00+08:00,3630.6
2025-09-09 09:40:00+08:00,3677.8
2025-09-09 09:50:00+08:00,3717.0
2025-09-09 10:00:00+08:00,3714.6
2025-09-09 10:10:00+08:00,3727.7
2025-09-09 10:20:00+08:00,3770.8
2025-09-09 10:30:00+08:00,3782.5
2025-09-09 10:40:00+08:00,3828.5
2025-09-09 10:50:00+08:00,3812.8
2025-09-09 11:00:00+08:00,3835.3
2025-09-09 11:10:00+08:00,3835.1
2025-09-09 11:20:00+08:00,3818.6
2025-09-09 11:30:00+08:00,3832.0
2025-09-09 11:40:00+08:00,3881.5
2025-09-09 11:50:00+08:00,3863.6
2025-09-09 12:00:00+08:00,3812.6
2025-09-09 12:10:00+08:00,3734.1
2025-09-09 12:20:00+08:00,3735.2
2025-09-09 12:30:00+08:00,3743.8
2025-09-09 12:40:00+08:00,3744.3
2025-09-09 12:50:00+08:00,3769.6
2025-09-09 13:00:00+08:00,3800.9
2025-09-09 13:10:00+08:00,3882.9
2025-09-09 13:20:00+08:00,3883.1
2025-09-09 13:30:00+08:00,3899.7
2025-09-09 13:40:00+08:00,3944.6
2025-09-09 13:50:00+08:00,3928.5
2025-09-09 14:00:00+08:00,3935.8
2025-09-09 14:10:00+08:00,3925.9
2025-09-09 14:20:00+08:00,3921.8
2025-09-09 14:30:00+08:00,3886.5
2025-09-09 14:40:00+08:00,3895.1
2025-09-09 14:50:00+08:00,3897.8
2025-09-09 15:00:00+08:00,3931.3
2025-09-09 15:10:00+08:00,3871.7
2025-09-09 15:20:00+08:00,3872.0
2025-09-09 15:30:00+08:00,3884.6
2025-09-09 15:40:00+08:00,3876.5
2025-09-09 15:50:00+08:00,3875.3
2025-09-09 16:00:00+08:00,3861.9
2025-09-09 16:10:00+08:00,3852.8
2025-09-09 16:20:00+08:00,3842.0
2025-09-09 16:30:00+08:00,3823.9
2025-09-09 16:40:00+08:00,3788.1
2025-09-09 16:50:00+08:00,3767.3
2025-09-09 17:00:00+08:00,3718.0
2025-09-09 17:10:00+08:00,3667.6
2025-09-09 17:20:00+08:00,3652.1
2025-09-09 17:30:00+08:00,3624.7
2025-09-09 17:40:00+08:00,3616.3
2025-09-09 17:50:00+08:00,3625.3
2025-09-09 18:00:00+08:00,3627.0
2025-09-09 18:10:00+08:00,3621.4
2025-09-09 18:20:00+08:00,3630.4
2025-09-09 18:30:00+08:00,3632.1
2025-09-09 18:40:00+08:00,3620.6
2025-09-09 18:50:00+08:00,3626.1
2025-09-09 19:00:00+08:00,3621.6
2025-09-09 19:10:00+08:00,3605.6
2025-09-09 19:20:00+08:00,3594.6
2025-09-09 19:30:00+08:00,3591.9
2025-09-09 19:40:00+08:00,3576.1
2025-09-09 19:50:00+08:00,3576.9
2025-09-09 20:00:00+08:00,3559.8
2025-09-09 20:10:00+08:00,3548.3
2025-09-09 20:20:00+08:00,3545.8
2025-09-09 20:30:00+08:00,3532.1
2025-09-09 20:40:00+08:00,3518.8
2025-09-09 20:50:00+08:00,3487.2
2025-09-09 21:00:00+08:00,3464.1
2025-09-09 21:10:00+08:00,3436.1
2025-09-09 21:20:00+08:00,3425.9
2025-09-09 21:30:00+08:00,3421.9
2025-09-09 21:40:00+08:00,3409.8
2025-09-09 21:50:00+08:00,3404.7
2025-09-09 22:00:00+08:00,3381.6
2025-09-09 22:10:00+08:00,3406.9
2025-09-09 22:20:00+08:00,3403.3
2025-09-09 22:30:00+08:00,3366.7
2025-09-09 22:40:00+08:00,3347.8
2025-09-09 22:50:00+08:00,3324.8
2025-09-09 23:00:00+08:00,3309.1
2025-09-09 23:10:00+08:00,3280.9
2025-09-09 23:20:00+08:00,3267.9
2025-09-09 23:30:00+08:00,3238.7
2025-09-09 23:40:00+08:00,3207.3
2025-09-09 23:50:00+08:00,3174.9
2025-09-10 00:00:00+08:00,3156.1
2025-09-10 00:10:00+08:00,3154.9
2025-09-10 00:20:00+08:00,3128.6
2025-09-10 00:30:00+08:00,3116.0
2025-09-10 00:40:00+08:00,3087.0
2025-09-10 00:50:00+08:00,3069.8
2025-09-10 01:00:00+08:00,3052.9
2025-09-10 01:10:00+08:00,3041.0
2025-09-10 01:20:00+08:00,3022.6
2025-09-10 01:30:00+08:00,2987.0
2025-09-10 01:40:00+08:00,2977.0
2025-09-10 01:50:00+08:00,2985.8
2025-09-10 02:00:00+08:00,2942.5
2025-09-10 02:10:00+08:00,2951.5
2025-09-10 02:20:00+08:00,2917.9
2025-09-10 02:30:00+08:00,2908.0
2025-09-10 02:40:00+08:00,2905.6
2025-09-10 02:50:00+08:00,2891.0
2025-09-10 03:00:00+08:00,2879.0
2025-09-10 03:10:00+08:00,2858.1
2025-09-10 03:20:00+08:00,2850.9
2025-09-10 03:30:00+08:00,2838.5
2025-09-10 03:40:00+08:00,2841.5
2025-09-10 03:50:00+08:00,2819.2
2025-09-10 04:00:00+08:00,2815.2
2025-09-10 04:10:00+08:00,2808.0
2025-09-10 04:20:00+08:00,2805.7
2025-09-10 04:30:00+08:00,2790.4
2025-09-10 04:40:00+08:00,2782.2
2025-09-10 04:50:00+08:00,2769.6
2025-09-10 05:00:00+08:00,2773.1
2025-09-10 05:10:00+08:00,2783.1
2025-09-10 05:20:00+08:00,2765.0
2025-09-10 05:30:00+08:00,2767.2
2025-09-10 05:40:00+08:00,2768.5
2025-09-10 05:50:00+08:00,2763.5
2025-09-10 06:00:00+08:00,2732.1
2025-09-10 06:10:00+08:00,2782.8
2025-09-10 06:20:00+08:00,2785.6
2025-09-10 06:30:00+08:00,2805.5
2025-09-10 06:40:00+08:00,2837.5
2025-09-10 06:50:00+08:00,2856.5
2025-09-10 07:00:00+08:00,2888.6
2025-09-10 07:10:00+08:00,2905.1
2025-09-10 07:20:00+08:00,2966.2
2025-09-10 07:30:00+08:00,2985.1
2025-09-10 07:40:00+08:00,3047.3
2025-09-10 07:50:00+08:00,3116.0
2025-09-10 08:00:00+08:00,3246.7
2025-09-10 08:10:00+08:00,3390.0
2025-09-10 08:20:00+08:00,3454.3
2025-09-10 08:30:00+08:00,3514.7
2025-09-10 08:40:00+08:00,3559.1
2025-09-10 08:50:00+08:00,3592.6
2025-09-10 09:00:00+08:00,3599.0
2025-09-10 09:10:00+08:00,3642.0
2025-09-10 09:20:00+08:00,3668.1
2025-09-10 09:30:00+08:00,3680.3
2025-09-10 09:40:00+08:00,3715.0
2025-09-10 09:50:00+08:00,3691.5
2025-09-10 10:00:00+08:00,3733.9
2025-09-10 10:10:00+08:00,3748.0
2025-09-10 10:20:00+08:00,3792.7
2025-09-10 10:30:00+08:00,3793.3
2025-09-10 10:40:00+08:00,3830.5
2025-09-10 10:50:00+08:00,3826.1
2025-09-10 11:00:00+08:00,3859.9
2025-09-10 11:10:00+08:00,3892.8
2025-09-10 11:20:00+08:00,3910.2
2025-09-10 11:30:00+08:00,3918.1
2025-09-10 11:40:00+08:00,3930.2
2025-09-10 11:50:00+08:00,3926.5
2025-09-10 12:00:00+08:00,3877.1
2025-09-10 12:10:00+08:00,3815.1
2025-09-10 12:20:00+08:00,3814.4
2025-09-10 12:30:00+08:00,3812.8
2025-09-10 12:40:00+08:00,3815.2
2025-09-10 12:50:00+08:00,3842.3
2025-09-10 13:00:00+08:00,3872.4
2025-09-10 13:10:00+08:00,3972.5
2025-09-10 13:20:00+08:00,3958.1
2025-09-10 13:30:00+08:00,3980.5
2025-09-10 13:40:00+08:00,3989.1
2025-09-10 13:50:00+08:00,3992.7
2025-09-10 14:00:00+08:00,4024.2
2025-09-10 14:10:00+08:00,4076.1
2025-09-10 14:20:00+08:00,4045.2
2025-09-10 14:30:00+08:00,4018.5
2025-09-10 14:40:00+08:00,3961.1
2025-09-10 14:50:00+08:00,3953.4
2025-09-10 15:00:00+08:00,3915.7
2025-09-10 15:10:00+08:00,3869.0
2025-09-10 15:20:00+08:00,3833.2
2025-09-10 15:30:00+08:00,3802.4
2025-09-10 15:40:00+08:00,3801.0
2025-09-10 15:50:00+08:00,3792.4
2025-09-10 16:00:00+08:00,3711.3
2025-09-10 16:10:00+08:00,3688.3
2025-09-10 16:20:00+08:00,3658.3
2025-09-10 16:30:00+08:00,3661.0
2025-09-10 16:40:00+08:00,3629.6
2025-09-10 16:50:00+08:00,3599.7
2025-09-10 17:00:00+08:00,3544.7
2025-09-10 17:10:00+08:00,3499.1
2025-09-10 17:20:00+08:00,3498.3
2025-09-10 17:30:00+08:00,3501.8
2025-09-10 17:40:00+08:00,3501.4
2025-09-10 17:50:00+08:00,3511.4
2025-09-10 18:00:00+08:00,3522.1
2025-09-10 18:10:00+08:00,3529.4
2025-09-10 18:20:00+08:00,3528.4
2025-09-10 18:30:00+08:00,3525.7
2025-09-10 18:40:00+08:00,3524.6
2025-09-10 18:50:00+08:00,3526.1
2025-09-10 19:00:00+08:00,3513.9
2025-09-10 19:10:00+08:00,3506.3
2025-09-10 19:20:00+08:00,3500.6
2025-09-10 19:30:00+08:00,3492.8
2025-09-10 19:40:00+08:00,3481.0
2025-09-10 19:50:00+08:00,3474.6
2025-09-10 20:00:00+08:00,3468.7
2025-09-10 20:10:00+08:00,3446.6
2025-09-10 20:20:00+08:00,3441.8
2025-09-10 20:30:00+08:00,3433.9
2025-09-10 20:40:00+08:00,3420.8
2025-09-10 20:50:00+08:00,3406.4
2025-09-10 21:00:00+08:00,3395.1
2025-09-10 21:10:00+08:00,3374.1
2025-09-10 21:20:00+08:00,3371.0
2025-09-10 21:30:00+08:00,3364.3
2025-09-10 21:40:00+08:00,3348.2
2025-09-10 21:50:00+08:00,3340.1
2025-09-10 22:00:00+08:00,3313.2
2025-09-10 22:10:00+08:00,3338.8
2025-09-10 22:20:00+08:00,3322.9
2025-09-10 22:30:00+08:00,3308.7
2025-09-10 22:40:00+08:00,3275.2
2025-09-10 22:50:00+08:00,3254.9
2025-09-10 23:00:00+08:00,3228.5
2025-09-10 23:10:00+08:00,3206.8
2025-09-10 23:20:00+08:00,3184.2
2025-09-10 23:30:00+08:00,3160.9
2025-09-10 23:40:00+08:00,3136.7
2025-09-10 23:50:00+08:00,3106.4
2025-09-11 00:00:00+08:00,3046.0
2025-09-11 00:10:00+08:00,3076.1
2025-09-11 00:20:00+08:00,3056.1
2025-09-11 00:30:00+08:00,3055.9
2025-09-11 00:40:00+08:00,3035.4
2025-09-11 00:50:00+08:00,3006.0
2025-09-11 01:00:00+08:00,2995.7
2025-09-11 01:10:00+08:00,2983.2
2025-09-11 01:20:00+08:00,2961.8
2025-09-11 01:30:00+08:00,2949.5
2025-09-11 01:40:00+08:00,2917.6
2025-09-11 01:50:00+08:00,2899.7
2025-09-11 02:00:00+08:00,2896.2
2025-09-11 02:10:00+08:00,2888.1
2025-09-11 02:20:00+08:00,2864.1
2025-09-11 02:30:00+08:00,2845.9
2025-09-11 02:40:00+08:00,2841.7
2025-09-11 02:50:00+08:00,2826.1
2025-09-11 03:00:00+08:00,2824.3
2025-09-11 03:10:00+08:00,2817.7
2025-09-11 03:20:00+08:00,2790.8
2025-09-11 03:30:00+08:00,2799.3
2025-09-11 03:40:00+08:00,2795.8
2025-09-11 03:50:00+08:00,2780.3
2025-09-11 04:00:00+08:00,2782.0
2025-09-11 04:10:00+08:00,2767.6
2025-09-11 04:20:00+08:00,2763.1
2025-09-11 04:30:00+08:00,2739.5
2025-09-11 04:40:00+08:00,2744.5
2025-09-11 04:50:00+08:00,2735.7
2025-09-11 05:00:00+08:00,2746.3
2025-09-11 05:10:00+08:00,2765.0
2025-09-11 05:20:00+08:00,2764.4
2025-09-11 05:30:00+08:00,2761.6
2025-09-11 05:40:00+08:00,2745.7
2025-09-11 05:50:00+08:00,2742.3
2025-09-11 06:00:00+08:00,2741.8
2025-09-11 06:10:00+08:00,2751.6
2025-09-11 06:20:00+08:00,2779.3
2025-09-11 06:30:00+08:00,2780.6
2025-09-11 06:40:00+08:00,2793.0
2025-09-11 06:50:00+08:00,2828.3
2025-09-11 07:00:00+08:00,2841.4
2025-09-11 07:10:00+08:00,2889.3
2025-09-11 07:20:00+08:00,2947.1
2025-09-11 07:30:00+08:00,2959.3
2025-09-11 07:40:00+08:00,3021.8
2025-09-11 07:50:00+08:00,3093.1
2025-09-11 08:00:00+08:00,3192.2
2025-09-11 08:10:00+08:00,3333.3
2025-09-11 08:20:00+08:00,3388.5
2025-09-11 08:30:00+08:00,3480.2
2025-09-11 08:40:00+08:00,3519.9
2025-09-11 08:50:00+08:00,3541.9
2025-09-11 09:00:00+08:00,3588.5
2025-09-11 09:10:00+08:00,3604.5
2025-09-11 09:20:00+08:00,3628.0
2025-09-11 09:30:00+08:00,3638.7
2025-09-11 09:40:00+08:00,3645.0
2025-09-11 09:50:00+08:00,3656.8
2025-09-11 10:00:00+08:00,3684.8
2025-09-11 10:10:00+08:00,3710.0
2025-09-11 10:20:00+08:00,3741.8
2025-09-11 10:30:00+08:00,3767.6
2025-09-11 10:40:00+08:00,3797.0
2025-09-11 10:50:00+08:00,3807.9
2025-09-11 11:00:00+08:00,3829.8
2025-09-11 11:10:00+08:00,3857.7
2025-09-11 11:20:00+08:00,3871.0
2025-09-11 11:30:00+08:00,3880.6
2025-09-11 11:40:00+08:00,3886.0
2025-09-11 11:50:00+08:00,3868.0
2025-09-11 12:00:00+08:00,3831.9
2025-09-11 12:10:00+08:00,3759.1
2025-09-11 12:20:00+08:00,3755.6
2025-09-11 12:30:00+08:00,3752.1
2025-09-11 12:40:00+08:00,3778.4
2025-09-11 12:50:00+08:00,3791.5
2025-09-11 13:00:00+08:00,3827.9
2025-09-11 13:10:00+08:00,3906.5
2025-09-11 13:20:00+08:00,3919.2
2025-09-11 13:30:00+08:00,3912.4
2025-09-11 13:40:00+08:00,3939.8
2025-09-11 13:50:00+08:00,3926.4
2025-09-11 14:00:00+08:00,3951.5
2025-09-11 14:10:00+08:00,3950.0
2025-09-11 14:20:00+08:00,3940.9
2025-09-11 14:30:00+08:00,3951.8
2025-09-11 14:40:00+08:00,3930.8
2025-09-11 14:50:00+08:00,3933.6
2025-09-11 15:00:00+08:00,3927.1
2025-09-11 15:10:00+08:00,3907.1
2025-09-11 15:20:00+08:00,3920.9
2025-09-11 15:30:00+08:00,3902.0
2025-09-11 15:40:00+08:00,3889.4
2025-09-11 15:50:00+08:00,3889.7
2025-09-11 16:00:00+08:00,3859.6
2025-09-11 16:10:00+08:00,3839.0
2025-09-11 16:20:00+08:00,3842.1
2025-09-11 16:30:00+08:00,3832.3
2025-09-11 16:40:00+08:00,3826.2
2025-09-11 16:50:00+08:00,3778.9
2025-09-11 17:00:00+08:00,3716.3
2025-09-11 17:10:00+08:00,3677.5
2025-09-11 17:20:00+08:00,3671.4
2025-09-11 17:30:00+08:00,3651.6
2025-09-11 17:40:00+08:00,3639.6
2025-09-11 17:50:00+08:00,3620.1
2025-09-11 18:00:00+08:00,3618.7
2025-09-11 18:10:00+08:00,3627.6
2025-09-11 18:20:00+08:00,3619.2
2025-09-11 18:30:00+08:00,3613.8
2025-09-11 18:40:00+08:00,3602.3
2025-09-11 18:50:00+08:00,3610.7
2025-09-11 19:00:00+08:00,3610.7
2025-09-11 19:10:00+08:00,3601.4
2025-09-11 19:20:00+08:00,3590.5
2025-09-11 19:30:00+08:00,3581.9
2025-09-11 19:40:00+08:00,3562.6
2025-09-11 19:50:00+08:00,3556.9
2025-09-11 20:00:00+08:00,3558.1
2025-09-11 20:10:00+08:00,3545.3
2025-09-11 20:20:00+08:00,3536.6
2025-09-11 20:30:00+08:00,3535.2
2025-09-11 20:40:00+08:00,3516.9
2025-09-11 20:50:00+08:00,3519.5
2025-09-11 21:00:00+08:00,3504.2
2025-09-11 21:10:00+08:00,3485.8
2025-09-11 21:20:00+08:00,3473.7
2025-09-11 21:30:00+08:00,3466.4
2025-09-11 21:40:00+08:00,3448.9
2025-09-11 21:50:00+08:00,3433.2
2025-09-11 22:00:00+08:00,3417.6
2025-09-11 22:10:00+08:00,3432.8
2025-09-11 22:20:00+08:00,3420.8
2025-09-11 22:30:00+08:00,3390.6
2025-09-11 22:40:00+08:00,3372.5
2025-09-11 22:50:00+08:00,3360.6
2025-09-11 23:00:00+08:00,3318.0
2025-09-11 23:10:00+08:00,3308.1
2025-09-11 23:20:00+08:00,3291.0
2025-09-11 23:30:00+08:00,3240.1
2025-09-11 23:40:00+08:00,3223.1
2025-09-11 23:50:00+08:00,3181.9
2025-09-12 00:00:00+08:00,3163.3
2025-09-12 00:10:00+08:00,3145.1
2025-09-12 00:20:00+08:00,3140.2
2025-09-12 00:30:00+08:00,3117.1
2025-09-12 00:40:00+08:00,3084.9
2025-09-12 00:50:00+08:00,3081.7
2025-09-12 01:00:00+08:00,3052.4
2025-09-12 01:10:00+08:00,3024.0
2025-09-12 01:20:00+08:00,3025.7
2025-09-12 01:30:00+08:00,2996.8
2025-09-12 01:40:00+08:00,2973.0
2025-09-12 01:50:00+08:00,2964.2
2025-09-12 02:00:00+08:00,2950.3
2025-09-12 02:10:00+08:00,2929.5
2025-09-12 02:20:00+08:00,2916.6
2025-09-12 02:30:00+08:00,2893.9
2025-09-12 02:40:00+08:00,2905.6
2025-09-12 02:50:00+08:00,2890.0
2025-09-12 03:00:00+08:00,2876.1
2025-09-12 03:10:00+08:00,2849.4
2025-09-12 03:20:00+08:00,2832.3
2025-09-12 03:30:00+08:00,2838.4
2025-09-12 03:40:00+08:00,2820.2
2025-09-12 03:50:00+08:00,2816.7
2025-09-12 04:00:00+08:00,2811.3
2025-09-12 04:10:00+08:00,2806.7
2025-09-12 04:20:00+08:00,2786.0
2025-09-12 04:30:00+08:00,2808.6
2025-09-12 04:40:00+08:00,2788.9
2025-09-12 04:50:00+08:00,2783.6
2025-09-12 05:00:00+08:00,2775.6
2025-09-12 05:10:00+08:00,2747.4
2025-09-12 05:20:00+08:00,2785.9
2025-09-12 05:30:00+08:00,2771.0
2025-09-12 05:40:00+08:00,2779.4
2025-09-12 05:50:00+08:00,2769.3
2025-09-12 06:00:00+08:00,2777.9
2025-09-12 06:10:00+08:00,2773.0
2025-09-12 06:20:00+08:00,2799.4
2025-09-12 06:30:00+08:00,2811.4
2025-09-12 06:40:00+08:00,2811.8
2025-09-12 06:50:00+08:00,2832.2
2025-09-12 07:00:00+08:00,2854.1
2025-09-12 07:10:00+08:00,2897.2
2025-09-12 07:20:00+08:00,2945.2
2025-09-12 07:30:00+08:00,2959.1
2025-09-12 07:40:00+08:00,3027.2
2025-09-12 07:50:00+08:00,3106.1
2025-09-12 08:00:00+08:00,3216.7
2025-09-12 08:10:00+08:00,3351.0
2025-09-12 08:20:00+08:00,3428.9
2025-09-12 08:30:00+08:00,3502.1
2025-09-12 08:40:00+08:00,3522.1
2025-09-12 08:50:00+08:00,3563.6
2025-09-12 09:00:00+08:00,3607.2
2025-09-12 09:10:00+08:00,3617.2
2025-09-12 09:20:00+08:00,3628.6
2025-09-12 09:30:00+08:00,3655.4
2025-09-12 09:40:00+08:00,3662.0
2025-09-12 09:50:00+08:00,3674.4
2025-09-12 10:00:00+08:00,3692.6
2025-09-12 10:10:00+08:00,3698.0
2025-09-12 10:20:00+08:00,3732.5
2025-09-12 10:30:00+08:00,3737.0
2025-09-12 10:40:00+08:00,3775.7
2025-09-12 10:50:00+08:00,3781.0
2025-09-12 11:00:00+08:00,3810.7
2025-09-12 11:10:00+08:00,3838.7
2025-09-12 11:20:00+08:00,3861.6
2025-09-12 11:30:00+08:00,3830.9
2025-09-12 11:40:00+08:00,3854.3
2025-09-12 11:50:00+08:00,3860.6
2025-09-12 12:00:00+08:00,3808.6
2025-09-12 12:10:00+08:00,3740.9
2025-09-12 12:20:00+08:00,3740.1
2025-09-12 12:30:00+08:00,3752.1
2025-09-12 12:40:00+08:00,3758.3
2025-09-12 12:50:00+08:00,3766.0
2025-09-12 13:00:00+08:00,3786.1
2025-09-12 13:10:00+08:00,3888.2
2025-09-12 13:20:00+08:00,3911.8
2025-09-12 13:30:00+08:00,3912.9
2025-09-12 13:40:00+08:00,3944.2
2025-09-12 13:50:00+08:00,3945.5
2025-09-12 14:00:00+08:00,3923.1
2025-09-12 14:10:00+08:00,3922.9
2025-09-12 14:20:00+08:00,3924.7
2025-09-12 14:30:00+08:00,3918.9
2025-09-12 14:40:00+08:00,3906.3
2025-09-12 14:50:00+08:00,3906.8
2025-09-12 15:00:00+08:00,3897.0
2025-09-12 15:10:00+08:00,3874.6
2025-09-12 15:20:00+08:00,3852.0
2025-09-12 15:30:00+08:00,3844.4
2025-09-12 15:40:00+08:00,3830.0
2025-09-12 15:50:00+08:00,3820.5
2025-09-12 16:00:00+08:00,3792.9
2025-09-12 16:10:00+08:00,3767.4
2025-09-12 16:20:00+08:00,3747.5
2025-09-12 16:30:00+08:00,3774.3
2025-09-12 16:40:00+08:00,3709.1
2025-09-12 16:50:00+08:00,3707.5
2025-09-12 17:00:00+08:00,3656.3
2025-09-12 17:10:00+08:00,3615.9
2025-09-12 17:20:00+08:00,3591.2
2025-09-12 17:30:00+08:00,3569.5
2025-09-12 17:40:00+08:00,3545.8
2025-09-12 17:50:00+08:00,3545.4
2025-09-12 18:00:00+08:00,3541.0
2025-09-12 18:10:00+08:00,3548.5
2025-09-12 18:20:00+08:00,3553.4
2025-09-12 18:30:00+08:00,3542.2
2025-09-12 18:40:00+08:00,3539.3
2025-09-12 18:50:00+08:00,3536.9
2025-09-12 19:00:00+08:00,3526.5
2025-09-12 19:10:00+08:00,3516.5
2025-09-12 19:20:00+08:00,3509.7
2025-09-12 19:30:00+08:00,3496.6
2025-09-12 19:40:00+08:00,3480.0
2025-09-12 19:50:00+08:00,3470.4
2025-09-12 20:00:00+08:00,3451.8
2025-09-12 20:10:00+08:00,3442.7
2025-09-12 20:20:00+08:00,3435.1
2025-09-12 20:30:00+08:00,3421.9
2025-09-12 20:40:00+08:00,3407.1
2025-09-12 20:50:00+08:00,3394.6
2025-09-12 21:00:00+08:00,3385.6
2025-09-12 21:10:00+08:00,3363.0
2025-09-12 21:20:00+08:00,3362.7
2025-09-12 21:30:00+08:00,3353.0
2025-09-12 21:40:00+08:00,3343.9
2025-09-12 21:50:00+08:00,3338.6
2025-09-12 22:00:00+08:00,3313.1
2025-09-12 22:10:00+08:00,3362.2
2025-09-12 22:20:00+08:00,3341.7
2025-09-12 22:30:00+08:00,3322.4
2025-09-12 22:40:00+08:00,3303.4
2025-09-12 22:50:00+08:00,3276.6
2025-09-12 23:00:00+08:00,3250.9
2025-09-12 23:10:00+08:00,3229.3
2025-09-12 23:20:00+08:00,3214.2
2025-09-12 23:30:00+08:00,3183.9
2025-09-12 23:40:00+08:00,3157.5
2025-09-12 23:50:00+08:00,3122.2
2025-09-13 00:00:00+08:00,3095.5
2025-09-13 00:10:00+08:00,3099.4
2025-09-13 00:20:00+08:00,3074.7
2025-09-13 00:30:00+08:00,3068.9
2025-09-13 00:40:00+08:00,3056.4
2025-09-13 00:50:00+08:00,3025.5
2025-09-13 01:00:00+08:00,3011.5
2025-09-13 01:10:00+08:00,2990.9
2025-09-13 01:20:00+08:00,2981.0
2025-09-13 01:30:00+08:00,2957.8
2025-09-13 01:40:00+08:00,2928.7
2025-09-13 01:50:00+08:00,2903.0
2025-09-13 02:00:00+08:00,2904.5
2025-09-13 02:10:00+08:00,2887.3
2025-09-13 02:20:00+08:00,2862.7
2025-09-13 02:30:00+08:00,2859.6
2025-09-13 02:40:00+08:00,2852.7
2025-09-13 02:50:00+08:00,2829.4
2025-09-13 03:00:00+08:00,2824.0
2025-09-13 03:10:00+08:00,2800.7
2025-09-13 03:20:00+08:00,2793.0
2025-09-13 03:30:00+08:00,2784.9
2025-09-13 03:40:00+08:00,2777.2
2025-09-13 03:50:00+08:00,2758.2
2025-09-13 04:00:00+08:00,2776.1
2025-09-13 04:10:00+08:00,2755.0
2025-09-13 04:20:00+08:00,2744.7
2025-09-13 04:30:00+08:00,2714.8
2025-09-13 04:40:00+08:00,2734.3
2025-09-13 04:50:00+08:00,2713.9
2025-09-13 05:00:00+08:00,2729.2
2025-09-13 05:10:00+08:00,2712.9
2025-09-13 05:20:00+08:00,2724.3
2025-09-13 05:30:00+08:00,2701.0
2025-09-13 05:40:00+08:00,2700.4
2025-09-13 05:50:00+08:00,2685.7
2025-09-13 06:00:00+08:00,2672.0
2025-09-13 06:10:00+08:00,2692.0
2025-09-13 06:20:00+08:00,2680.7
2025-09-13 06:30:00+08:00,2675.4
2025-09-13 06:40:00+08:00,2676.9
2025-09-13 06:50:00+08:00,2682.9
2025-09-13 07:00:00+08:00,2700.3
2025-09-13 07:10:00+08:00,2706.9
2025-09-13 07:20:00+08:00,2734.6
2025-09-13 07:30:00+08:00,2739.1
2025-09-13 07:40:00+08:00,2771.9
2025-09-13 07:50:00+08:00,2809.7
2025-09-13 08:00:00+08:00,2816.4
2025-09-13 08:10:00+08:00,2884.1
2025-09-13 08:20:00+08:00,2952.4
2025-09-13 08:30:00+08:00,2956.0
2025-09-13 08:40:00+08:00,2985.1
2025-09-13 08:50:00+08:00,3019.8
2025-09-13 09:00:00+08:00,3072.2
2025-09-13 09:10:00+08:00,3113.6
2025-09-13 09:20:00+08:00,3104.0
2025-09-13 09:30:00+08:00,3133.7
2025-09-13 09:40:00+08:00,3148.3
2025-09-13 09:50:00+08:00,3191.2
2025-09-13 10:00:00+08:00,3188.0
2025-09-13 10:10:00+08:00,3184.5
2025-09-13 10:20:00+08:00,3236.3
2025-09-13 10:30:00+08:00,3277.5
2025-09-13 10:40:00+08:00,3275.4
2025-09-13 10:50:00+08:00,3304.0
2025-09-13 11:00:00+08:00,3298.9
2025-09-13 11:10:00+08:00,3329.2
2025-09-13 11:20:00+08:00,3368.5
2025-09-13 11:30:00+08:00,3359.7
2025-09-13 11:40:00+08:00,3359.7
2025-09-13 11:50:00+08:00,3362.9
2025-09-13 12:00:00+08:00,3393.4
2025-09-13 12:10:00+08:00,3373.5
2025-09-13 12:20:00+08:00,3375.7
2025-09-13 12:30:00+08:00,3384.3
2025-09-13 12:40:00+08:00,3411.0
2025-09-13 12:50:00+08:00,3433.2
2025-09-13 13:00:00+08:00,3425.6
2025-09-13 13:10:00+08:00,3461.8
2025-09-13 13:20:00+08:00,3490.5
2025-09-13 13:30:00+08:00,3503.1
2025-09-13 13:40:00+08:00,3472.1
2025-09-13 13:50:00+08:00,3492.7
2025-09-13 14:00:00+08:00,3493.1
2025-09-13 14:10:00+08:00,3488.1
2025-09-13 14:20:00+08:00,3498.2
2025-09-13 14:30:00+08:00,3457.0
2025-09-13 14:40:00+08:00,3470.6
2025-09-13 14:50:00+08:00,3505.2
2025-09-13 15:00:00+08:00,3444.4
2025-09-13 15:10:00+08:00,3486.3
2025-09-13 15:20:00+08:00,3472.0
2025-09-13 15:30:00+08:00,3451.6
2025-09-13 15:40:00+08:00,3458.6
2025-09-13 15:50:00+08:00,3428.1
2025-09-13 16:00:00+08:00,3455.7
2025-09-13 16:10:00+08:00,3469.2
2025-09-13 16:20:00+08:00,3447.2
2025-09-13 16:30:00+08:00,3439.0
2025-09-13 16:40:00+08:00,3415.2
2025-09-13 16:50:00+08:00,3417.1
2025-09-13 17:00:00+08:00,3413.6
2025-09-13 17:10:00+08:00,3392.8
2025-09-13 17:20:00+08:00,3360.3
2025-09-13 17:30:00+08:00,3370.1
2025-09-13 17:40:00+08:00,3366.3
2025-09-13 17:50:00+08:00,3387.5
2025-09-13 18:00:00+08:00,3397.9
2025-09-13 18:10:00+08:00,3404.2
2025-09-13 18:20:00+08:00,3412.3
2025-09-13 18:30:00+08:00,3391.2
2025-09-13 18:40:00+08:00,3417.4
2025-09-13 18:50:00+08:00,3410.3
2025-09-13 19:00:00+08:00,3439.0
2025-09-13 19:10:00+08:00,3371.1
2025-09-13 19:20:00+08:00,3386.4
2025-09-13 19:30:00+08:00,3382.3
2025-09-13 19:40:00+08:00,3366.0
2025-09-13 19:50:00+08:00,3365.0
2025-09-13 20:00:00+08:00,3363.2
2025-09-13 20:10:00+08:00,3376.4
2025-09-13 20:20:00+08:00,3377.4
2025-09-13 20:30:00+08:00,3373.1
2025-09-13 20:40:00+08:00,3349.9
2025-09-13 20:50:00+08:00,3349.8
2025-09-13 21:00:00+08:00,3359.0
2025-09-13 21:10:00+08:00,3358.3
2025-09-13 21:20:00+08:00,3316.6
2025-09-13 21:30:00+08:00,3340.9
2025-09-13 21:40:00+08:00,3311.0
2025-09-13 21:50:00+08:00,3307.9
2025-09-13 22:00:00+08:00,3275.0
2025-09-13 22:10:00+08:00,3263.0
2025-09-13 22:20:00+08:00,3258.8
2025-09-13 22:30:00+08:00,3226.8
2025-09-13 22:40:00+08:00,3222.5
2025-09-13 22:50:00+08:00,3189.5
2025-09-13 23:00:00+08:00,3167.9
2025-09-13 23:10:00+08:00,3166.4
2025-09-13 23:20:00+08:00,3129.4
2025-09-13 23:30:00+08:00,3107.0
2025-09-13 23:40:00+08:00,3107.4
2025-09-13 23:50:00+08:00,3072.8
2025-09-14 00:00:00+08:00,3039.2
2025-09-14 00:10:00+08:00,3040.2
2025-09-14 00:20:00+08:00,3017.7
2025-09-14 00:30:00+08:00,2995.3
2025-09-14 00:40:00+08:00,2964.9
2025-09-14 00:50:00+08:00,2944.0
2025-09-14 01:00:00+08:00,2950.9
2025-09-14 01:10:00+08:00,2923.4
2025-09-14 01:20:00+08:00,2909.4
2025-09-14 01:30:00+08:00,2887.7
2025-09-14 01:40:00+08:00,2863.6
2025-09-14 01:50:00+08:00,2844.5
2025-09-14 02:00:00+08:00,2827.4
2025-09-14 02:10:00+08:00,2810.5
2025-09-14 02:20:00+08:00,2790.7
2025-09-14 02:30:00+08:00,2790.8
2025-09-14 02:40:00+08:00,2783.9
2025-09-14 02:50:00+08:00,2771.4
2025-09-14 03:00:00+08:00,2762.9
2025-09-14 03:10:00+08:00,2732.3
2025-09-14 03:20:00+08:00,2731.0
2025-09-14 03:30:00+08:00,2745.2
2025-09-14 03:40:00+08:00,2712.0
2025-09-14 03:50:00+08:00,2718.1
2025-09-14 04:00:00+08:00,2691.3
2025-09-14 04:10:00+08:00,2687.6
2025-09-14 04:20:00+08:00,2672.0
2025-09-14 04:30:00+08:00,2664.7
2025-09-14 04:40:00+08:00,2653.8
2025-09-14 04:50:00+08:00,2664.9
2025-09-14 05:00:00+08:00,2670.0
2025-09-14 05:10:00+08:00,2669.7
2025-09-14 05:20:00+08:00,2659.9
2025-09-14 05:30:00+08:00,2635.0
2025-09-14 05:40:00+08:00,2622.0
2025-09-14 05:50:00+08:00,2612.4
2025-09-14 06:00:00+08:00,2612.1
2025-09-14 06:10:00+08:00,2617.4
2025-09-14 06:20:00+08:00,2605.6
2025-09-14 06:30:00+08:00,2595.7
2025-09-14 06:40:00+08:00,2627.1
2025-09-14 06:50:00+08:00,2629.1
2025-09-14 07:00:00+08:00,2611.0
2025-09-14 07:10:00+08:00,2664.8
2025-09-14 07:20:00+08:00,2643.1
2025-09-14 07:30:00+08:00,2663.1
2025-09-14 07:40:00+08:00,2672.3
2025-09-14 07:50:00+08:00,2701.2
2025-09-14 08:00:00+08:00,2709.7
2025-09-14 08:10:00+08:00,2769.3
2025-09-14 08:20:00+08:00,2794.9
2025-09-14 08:30:00+08:00,2832.7
2025-09-14 08:40:00+08:00,2805.4
2025-09-14 08:50:00+08:00,2841.3
2025-09-14 09:00:00+08:00,2875.2
2025-09-14 09:10:00+08:00,2902.0
2025-09-14 09:20:00+08:00,2931.5
2025-09-14 09:30:00+08:00,2944.1
2025-09-14 09:40:00+08:00,2980.5
2025-09-14 09:50:00+08:00,3003.6
2025-09-14 10:00:00+08:00,3032.0
2025-09-14 10:10:00+08:00,3048.6
2025-09-14 10:20:00+08:00,3071.1
2025-09-14 10:30:00+08:00,3075.2
2025-09-14 10:40:00+08:00,3099.9
2025-09-14 10:50:00+08:00,3137.0
2025-09-14 11:00:00+08:00,3169.7
2025-09-14 11:10:00+08:00,3183.9
2025-09-14 11:20:00+08:00,3215.7
2025-09-14 11:30:00+08:00,3195.0
2025-09-14 11:40:00+08:00,3218.4
2025-09-14 11:50:00+08:00,3230.6
2025-09-14 12:00:00+08:00,3264.3
2025-09-14 12:10:00+08:00,3269.5
2025-09-14 12:20:00+08:00,3263.8
2025-09-14 12:30:00+08:00,3256.1
2025-09-14 12:40:00+08:00,3279.9
2025-09-14 12:50:00+08:00,3308.3
2025-09-14 13:00:00+08:00,3293.6
2025-09-14 13:10:00+08:00,3307.3
2025-09-14 13:20:00+08:00,3284.9
2025-09-14 13:30:00+08:00,3286.0
2025-09-14 13:40:00+08:00,3303.0
2025-09-14 13:50:00+08:00,3290.9
2025-09-14 14:00:00+08:00,3298.3
2025-09-14 14:10:00+08:00,3256.2
2025-09-14 14:20:00+08:00,3271.1
2025-09-14 14:30:00+08:00,3298.8
2025-09-14 14:40:00+08:00,3250.3
2025-09-14 14:50:00+08:00,3261.8
2025-09-14 15:00:00+08:00,3255.7
2025-09-14 15:10:00+08:00,3285.1
2025-09-14 15:20:00+08:00,3269.2
2025-09-14 15:30:00+08:00,3246.1
2025-09-14 15:40:00+08:00,3243.5
2025-09-14 15:50:00+08:00,3242.9
2025-09-14 16:00:00+08:00,3271.4
2025-09-14 16:10:00+08:00,3251.1
2025-09-14 16:20:00+08:00,3223.6
2025-09-14 16:30:00+08:00,3219.8
2025-09-14 16:40:00+08:00,3233.7
2025-09-14 16:50:00+08:00,3245.5
2025-09-14 17:00:00+08:00,3258.1
2025-09-14 17:10:00+08:00,3250.7
2025-09-14 17:20:00+08:00,3262.3
2025-09-14 17:30:00+08:00,3262.2
2025-09-14 17:40:00+08:00,3283.2
2025-09-14 17:50:00+08:00,3320.3
2025-09-14 18:00:00+08:00,3307.8
2025-09-14 18:10:00+08:00,3324.7
2025-09-14 18:20:00+08:00,3335.3
2025-09-14 18:30:00+08:00,3310.1
2025-09-14 18:40:00+08:00,3321.2
2025-09-14 18:50:00+08:00,3320.2
2025-09-14 19:00:00+08:00,3325.0
2025-09-14 19:10:00+08:00,3344.7
2025-09-14 19:20:00+08:00,3312.7
2025-09-14 19:30:00+08:00,3313.9
2025-09-14 19:40:00+08:00,3311.1
2025-09-14 19:50:00+08:00,3322.5
2025-09-14 20:00:00+08:00,3309.5
2025-09-14 20:10:00+08:00,3313.9
2025-09-14 20:20:00+08:00,3339.2
2025-09-14 20:30:00+08:00,3317.1
2025-09-14 20:40:00+08:00,3315.2
2025-09-14 20:50:00+08:00,3309.9
2025-09-14 21:00:00+08:00,3305.1
2025-09-14 21:10:00+08:00,3302.8
2025-09-14 21:20:00+08:00,3300.2
2025-09-14 21:30:00+08:00,3299.9
2025-09-14 21:40:00+08:00,3285.1
2025-09-14 21:50:00+08:00,3241.4
2025-09-14 22:00:00+08:00,3239.8
2025-09-14 22:10:00+08:00,3182.5
2025-09-14 22:20:00+08:00,3189.4
2025-09-14 22:30:00+08:00,3174.8
2025-09-14 22:40:00+08:00,3167.8
2025-09-14 22:50:00+08:00,3145.0
2025-09-14 23:00:00+08:00,3098.9
2025-09-14 23:10:00+08:00,3081.3
2025-09-14 23:20:00+08:00,3050.3
2025-09-14 23:30:00+08:00,3020.6
2025-09-14 23:40:00+08:00,3011.6
2025-09-14 23:50:00+08:00,2968.1
2025-09-15 00:00:00+08:00,2958.5
2025-09-15 00:10:00+08:00,2931.4
2025-09-15 00:20:00+08:00,2901.7
2025-09-15 00:30:00+08:00,2882.8
2025-09-15 00:40:00+08:00,2873.1
2025-09-15 00:50:00+08:00,2858.7
2025-09-15 01:00:00+08:00,2809.8
2025-09-15 01:10:00+08:00,2814.4
2025-09-15 01:20:00+08:00,2801.2
2025-09-15 01:30:00+08:00,2787.0
2025-09-15 01:40:00+08:00,2763.5
2025-09-15 01:50:00+08:00,2734.9
2025-09-15 02:00:00+08:00,2713.8
2025-09-15 02:10:00+08:00,2718.9
2025-09-15 02:20:00+08:00,2709.5
2025-09-15 02:30:00+08:00,2703.1
2025-09-15 02:40:00+08:00,2686.2
2025-09-15 02:50:00+08:00,2684.1
2025-09-15 03:00:00+08:00,2659.3
2025-09-15 03:10:00+08:00,2660.0
2025-09-15 03:20:00+08:00,2670.0
2025-09-15 03:30:00+08:00,2651.8
2025-09-15 03:40:00+08:00,2635.9
2025-09-15 03:50:00+08:00,2626.9
2025-09-15 04:00:00+08:00,2626.4
2025-09-15 04:10:00+08:00,2622.2
2025-09-15 04:20:00+08:00,2611.5
2025-09-15 04:30:00+08:00,2619.1
2025-09-15 04:40:00+08:00,2613.1
2025-09-15 04:50:00+08:00,2608.8
2025-09-15 05:00:00+08:00,2586.4
2025-09-15 05:10:00+08:00,2594.7
2025-09-15 05:20:00+08:00,2626.4
2025-09-15 05:30:00+08:00,2597.1
2025-09-15 05:40:00+08:00,2612.2
2025-09-15 05:50:00+08:00,2609.9
2025-09-15 06:00:00+08:00,2602.9
2025-09-15 06:10:00+08:00,2642.1
2025-09-15 06:20:00+08:00,2618.1
2025-09-15 06:30:00+08:00,2655.4
2025-09-15 06:40:00+08:00,2696.9
2025-09-15 06:50:00+08:00,2693.1
2025-09-15 07:00:00+08:00,2732.7
2025-09-15 07:10:00+08:00,2773.6
2025-09-15 07:20:00+08:00,2812.2
2025-09-15 07:30:00+08:00,2865.2
2025-09-15 07:40:00+08:00,2952.4
2025-09-15 07:50:00+08:00,2999.4
2025-09-15 08:00:00+08:00,3115.5
2025-09-15 08:10:00+08:00,3281.7
2025-09-15 08:20:00+08:00,3347.0
2025-09-15 08:40:00+08:00,3467.9
2025-09-15 08:50:00+08:00,3519.4
2025-09-15 09:00:00+08:00,3545.7
2025-09-15 09:10:00+08:00,3569.8
2025-09-15 09:20:00+08:00,3601.9
2025-09-15 09:30:00+08:00,3583.9
2025-09-15 09:40:00+08:00,3598.0
2025-09-15 09:50:00+08:00,3625.4
2025-09-15 10:00:00+08:00,3664.8
2025-09-15 10:10:00+08:00,3711.4
2025-09-15 10:20:00+08:00,3728.0
2025-09-15 10:30:00+08:00,3744.8
2025-09-15 10:40:00+08:00,3779.8
2025-09-15 10:50:00+08:00,3808.4
2025-09-15 11:00:00+08:00,3824.7
2025-09-15 11:10:00+08:00,3835.7
2025-09-15 11:20:00+08:00,3853.6
2025-09-15 11:30:00+08:00,3861.1
2025-09-15 11:40:00+08:00,3853.8
2025-09-15 11:50:00+08:00,3847.6
2025-09-15 12:00:00+08:00,3793.0
2025-09-15 12:10:00+08:00,3761.4
2025-09-15 12:20:00+08:00,3744.0
2025-09-15 12:30:00+08:00,3738.8
2025-09-15 12:40:00+08:00,3740.0
2025-09-15 12:50:00+08:00,3760.9
2025-09-15 13:00:00+08:00,3785.1
2025-09-15 13:10:00+08:00,3905.7
2025-09-15 13:20:00+08:00,3927.0
2025-09-15 13:30:00+08:00,3917.6
2025-09-15 13:40:00+08:00,3932.3
2025-09-15 13:50:00+08:00,3937.1
2025-09-15 14:00:00+08:00,3930.5
2025-09-15 14:10:00+08:00,3941.0
2025-09-15 14:20:00+08:00,3934.8
2025-09-15 14:30:00+08:00,3949.1
2025-09-15 14:40:00+08:00,3941.3
2025-09-15 14:50:00+08:00,3922.8
2025-09-15 15:00:00+08:00,3925.0
2025-09-15 15:10:00+08:00,3920.2
2025-09-15 15:20:00+08:00,3897.7
2025-09-15 15:30:00+08:00,3902.3
2025-09-15 15:40:00+08:00,3898.0
2025-09-15 15:50:00+08:00,3885.4
2025-09-15 16:00:00+08:00,3875.5
2025-09-15 16:10:00+08:00,3853.5
2025-09-15 16:20:00+08:00,3845.0
2025-09-15 16:30:00+08:00,3849.4
2025-09-15 16:40:00+08:00,3819.8
2025-09-15 16:50:00+08:00,3795.2
2025-09-15 17:00:00+08:00,3735.0
2025-09-15 17:10:00+08:00,3668.1
2025-09-15 17:20:00+08:00,3653.3
2025-09-15 17:30:00+08:00,3631.5
2025-09-15 17:40:00+08:00,3637.0
2025-09-15 17:50:00+08:00,3611.1
2025-09-15 18:00:00+08:00,3612.2
2025-09-15 18:10:00+08:00,3614.2
2025-09-15 18:20:00+08:00,3609.4
2025-09-15 18:30:00+08:00,3580.3
2025-09-15 18:40:00+08:00,3577.5
2025-09-15 18:50:00+08:00,3588.7
2025-09-15 19:00:00+08:00,3581.5
2025-09-15 19:10:00+08:00,3573.9
2025-09-15 19:20:00+08:00,3564.7
2025-09-15 19:30:00+08:00,3558.2
2025-09-15 19:40:00+08:00,3551.2
2025-09-15 19:50:00+08:00,3551.6
2025-09-15 20:00:00+08:00,3543.9
2025-09-15 20:10:00+08:00,3544.0
2025-09-15 20:20:00+08:00,3527.5
2025-09-15 20:30:00+08:00,3515.4
2025-09-15 20:40:00+08:00,3495.7
2025-09-15 20:50:00+08:00,3484.4
2025-09-15 21:00:00+08:00,3470.9
2025-09-15 21:10:00+08:00,3455.5
2025-09-15 21:20:00+08:00,3452.2
2025-09-15 21:30:00+08:00,3443.9
2025-09-15 21:40:00+08:00,3429.8
2025-09-15 21:50:00+08:00,3417.0
2025-09-15 22:00:00+08:00,3393.4
2025-09-15 22:10:00+08:00,3406.2
2025-09-15 22:20:00+08:00,3399.2
2025-09-15 22:30:00+08:00,3383.5
2025-09-15 22:40:00+08:00,3347.2
2025-09-15 22:50:00+08:00,3341.7
2025-09-15 23:00:00+08:00,3300.1
2025-09-15 23:10:00+08:00,3277.4
2025-09-15 23:20:00+08:00,3255.8
2025-09-15 23:30:00+08:00,3213.0
2025-09-15 23:40:00+08:00,3185.2
2025-09-15 23:50:00+08:00,3160.9
2025-09-16 00:00:00+08:00,3137.2
2025-09-16 00:10:00+08:00,3139.9
2025-09-16 00:20:00+08:00,3113.4
2025-09-16 00:30:00+08:00,3095.6
2025-09-16 00:40:00+08:00,3079.5
2025-09-16 00:50:00+08:00,3038.3
2025-09-16 01:00:00+08:00,3021.3
2025-09-16 01:10:00+08:00,3016.8
2025-09-16 01:20:00+08:00,3005.0
2025-09-16 01:30:00+08:00,2971.2
2025-09-16 01:40:00+08:00,2959.5
2025-09-16 01:50:00+08:00,2939.1
2025-09-16 02:00:00+08:00,2932.2
2025-09-16 02:10:00+08:00,2904.1
2025-09-16 02:20:00+08:00,2899.9
2025-09-16 02:30:00+08:00,2897.3
2025-09-16 02:40:00+08:00,2891.7
2025-09-16 02:50:00+08:00,2870.5
2025-09-16 03:00:00+08:00,2859.7
2025-09-16 03:10:00+08:00,2829.9
2025-09-16 03:20:00+08:00,2846.6
2025-09-16 03:30:00+08:00,2806.5
2025-09-16 03:40:00+08:00,2832.5
2025-09-16 03:50:00+08:00,2809.0
2025-09-16 04:00:00+08:00,2790.8
2025-09-16 04:10:00+08:00,2796.0
2025-09-16 04:20:00+08:00,2787.0
2025-09-16 04:30:00+08:00,2774.7
2025-09-16 04:40:00+08:00,2778.0
2025-09-16 04:50:00+08:00,2795.8
2025-09-16 05:00:00+08:00,2771.2
2025-09-16 05:10:00+08:00,2771.5
2025-09-16 05:20:00+08:00,2772.9
2025-09-16 05:30:00+08:00,2776.4
2025-09-16 05:40:00+08:00,2779.9
2025-09-16 05:50:00+08:00,2777.3
2025-09-16 06:00:00+08:00,2770.0
2025-09-16 06:10:00+08:00,2783.0
2025-09-16 06:20:00+08:00,2790.0
2025-09-16 06:30:00+08:00,2797.7
2025-09-16 06:40:00+08:00,2840.1
2025-09-16 06:50:00+08:00,2863.0
2025-09-16 07:00:00+08:00,2888.8
2025-09-16 07:10:00+08:00,2940.3
2025-09-16 07:20:00+08:00,2930.1
2025-09-16 07:30:00+08:00,2993.4
2025-09-16 07:40:00+08:00,3029.5
2025-09-16 07:50:00+08:00,3103.0
2025-09-16 08:00:00+08:00,3217.5
2025-09-16 08:10:00+08:00,3375.7
2025-09-16 08:20:00+08:00,3455.2
2025-09-16 08:30:00+08:00,3555.2
2025-09-16 08:40:00+08:00,3608.4
2025-09-16 08:50:00+08:00,3612.9
2025-09-16 09:00:00+08:00,3629.8
2025-09-16 09:10:00+08:00,3655.5
2025-09-16 09:20:00+08:00,3673.8
2025-09-16 09:30:00+08:00,3711.9
2025-09-16 09:40:00+08:00,3691.1
2025-09-16 09:50:00+08:00,3707.3
2025-09-16 10:00:00+08:00,3733.4
2025-09-16 10:10:00+08:00,3744.3
2025-09-16 10:20:00+08:00,3827.5
2025-09-16 10:30:00+08:00,3802.2
2025-09-16 10:40:00+08:00,3789.4
2025-09-16 10:50:00+08:00,3830.7
2025-09-16 11:00:00+08:00,3882.2
2025-09-16 11:10:00+08:00,3891.1
2025-09-16 11:20:00+08:00,3881.3
2025-09-16 11:30:00+08:00,3900.4
2025-09-16 11:40:00+08:00,3913.2
2025-09-16 11:50:00+08:00,3855.2
2025-09-16 12:00:00+08:00,3820.4
2025-09-16 12:10:00+08:00,3791.2
2025-09-16 12:20:00+08:00,3769.7
2025-09-16 12:30:00+08:00,3778.8
2025-09-16 12:40:00+08:00,3773.4
2025-09-16 12:50:00+08:00,3774.4
2025-09-16 13:00:00+08:00,3806.4
2025-09-16 13:10:00+08:00,3907.1
2025-09-16 13:20:00+08:00,3938.1
2025-09-16 13:30:00+08:00,3953.3
2025-09-16 13:40:00+08:00,3934.6
2025-09-16 13:50:00+08:00,3936.5
2025-09-16 14:00:00+08:00,3963.0
2025-09-16 14:10:00+08:00,3950.3
2025-09-16 14:20:00+08:00,3889.8
2025-09-16 14:30:00+08:00,3907.8
2025-09-16 14:40:00+08:00,3909.0
2025-09-16 14:50:00+08:00,3908.1
2025-09-16 15:00:00+08:00,3865.1
2025-09-16 15:10:00+08:00,3823.1
2025-09-16 15:20:00+08:00,3821.4
2025-09-16 15:30:00+08:00,3821.5
2025-09-16 15:40:00+08:00,3797.7
2025-09-16 15:50:00+08:00,3778.8
2025-09-16 16:00:00+08:00,3766.4
2025-09-16 16:10:00+08:00,3746.1
2025-09-16 16:20:00+08:00,3729.5
2025-09-16 16:30:00+08:00,3727.9
2025-09-16 16:40:00+08:00,3710.3
2025-09-16 16:50:00+08:00,3691.5
2025-09-16 17:00:00+08:00,3650.5
2025-09-16 17:10:00+08:00,3590.4
2025-09-16 17:20:00+08:00,3582.3
2025-09-16 17:30:00+08:00,3576.8
2025-09-16 17:40:00+08:00,3578.3
2025-09-16 17:50:00+08:00,3572.0
2025-09-16 18:00:00+08:00,3584.5
2025-09-16 18:10:00+08:00,3593.8
2025-09-16 18:20:00+08:00,3605.1
2025-09-16 18:30:00+08:00,3602.2
2025-09-16 18:40:00+08:00,3600.0
2025-09-16 18:50:00+08:00,3602.9
2025-09-16 19:00:00+08:00,3611.8
2025-09-16 19:10:00+08:00,3609.3
2025-09-16 19:20:00+08:00,3597.6
2025-09-16 19:30:00+08:00,3593.2
2025-09-16 19:40:00+08:00,3582.0
2025-09-16 19:50:00+08:00,3577.7
2025-09-16 20:00:00+08:00,3562.8
2025-09-16 20:10:00+08:00,3550.0
2025-09-16 20:20:00+08:00,3537.2
2025-09-16 20:30:00+08:00,3530.5
2025-09-16 20:40:00+08:00,3513.1
2025-09-16 20:50:00+08:00,3501.4
2025-09-16 21:00:00+08:00,3498.7
2025-09-16 21:10:00+08:00,3484.3
2025-09-16 21:20:00+08:00,3480.8
2025-09-16 21:30:00+08:00,3475.8
2025-09-16 21:40:00+08:00,3464.1
2025-09-16 21:50:00+08:00,3449.0
2025-09-16 22:00:00+08:00,3430.4
2025-09-16 22:10:00+08:00,3459.8
2025-09-16 22:20:00+08:00,3444.3
2025-09-16 22:30:00+08:00,3427.6
2025-09-16 22:40:00+08:00,3401.0
2025-09-16 22:50:00+08:00,3366.1
2025-09-16 23:00:00+08:00,3312.2
2025-09-16 23:10:00+08:00,3315.6
2025-09-16 23:20:00+08:00,3289.9
2025-09-16 23:30:00+08:00,3261.7
2025-09-16 23:40:00+08:00,3235.0
2025-09-16 23:50:00+08:00,3200.0
2025-09-17 00:00:00+08:00,3170.4
2025-09-17 00:10:00+08:00,3177.4
2025-09-17 00:20:00+08:00,3157.8
2025-09-17 00:30:00+08:00,3135.4
2025-09-17 00:40:00+08:00,3128.0
2025-09-17 00:50:00+08:00,3085.2
2025-09-17 01:00:00+08:00,3075.0
2025-09-17 01:10:00+08:00,3052.3
2025-09-17 01:20:00+08:00,3043.5
2025-09-17 01:30:00+08:00,3001.4
2025-09-17 01:40:00+08:00,2985.5
2025-09-17 01:50:00+08:00,2977.0
2025-09-17 02:00:00+08:00,2951.1
2025-09-17 02:10:00+08:00,2961.0
2025-09-17 02:20:00+08:00,2938.7
2025-09-17 02:30:00+08:00,2922.3
2025-09-17 02:40:00+08:00,2920.6
2025-09-17 02:50:00+08:00,2912.3
2025-09-17 03:00:00+08:00,2894.4
2025-09-17 03:10:00+08:00,2867.8
2025-09-17 03:20:00+08:00,2870.3
2025-09-17 03:30:00+08:00,2871.8
2025-09-17 03:40:00+08:00,2862.6
2025-09-17 03:50:00+08:00,2856.5
2025-09-17 04:00:00+08:00,2859.2
2025-09-17 04:10:00+08:00,2822.8
2025-09-17 04:20:00+08:00,2827.8
2025-09-17 04:30:00+08:00,2804.0
2025-09-17 04:40:00+08:00,2813.0
2025-09-17 04:50:00+08:00,2821.5
2025-09-17 05:00:00+08:00,2816.4
2025-09-17 05:10:00+08:00,2824.3
2025-09-17 05:20:00+08:00,2813.8
2025-09-17 05:30:00+08:00,2819.9
2025-09-17 05:40:00+08:00,2809.6
2025-09-17 05:50:00+08:00,2823.0
2025-09-17 06:00:00+08:00,2814.9
2025-09-17 06:10:00+08:00,2847.4
2025-09-17 06:20:00+08:00,2844.0
2025-09-17 06:30:00+08:00,2846.2
2025-09-17 06:40:00+08:00,2871.9
2025-09-17 06:50:00+08:00,2884.6
2025-09-17 07:00:00+08:00,2927.0
2025-09-17 07:10:00+08:00,2966.9
2025-09-17 07:20:00+08:00,2991.4
2025-09-17 07:30:00+08:00,3026.4
2025-09-17 07:40:00+08:00,3092.2
2025-09-17 07:50:00+08:00,3143.2
2025-09-17 08:00:00+08:00,3250.8
2025-09-17 08:10:00+08:00,3394.8
2025-09-17 08:20:00+08:00,3478.3
2025-09-17 08:30:00+08:00,3535.0
2025-09-17 08:40:00+08:00,3599.8
2025-09-17 08:50:00+08:00,3618.2
2025-09-17 09:00:00+08:00,3652.6
2025-09-17 09:10:00+08:00,3674.0
2025-09-17 09:20:00+08:00,3696.7
2025-09-17 09:30:00+08:00,3690.5
2025-09-17 09:40:00+08:00,3693.9
2025-09-17 09:50:00+08:00,3719.3
2025-09-17 10:00:00+08:00,3732.2
2025-09-17 10:10:00+08:00,3737.7
2025-09-17 10:20:00+08:00,3771.5
2025-09-17 10:30:00+08:00,3801.4
2025-09-17 10:40:00+08:00,3812.4
2025-09-17 10:50:00+08:00,3849.4
2025-09-17 11:00:00+08:00,3857.5
2025-09-17 11:10:00+08:00,3899.6
2025-09-17 11:20:00+08:00,3892.0
2025-09-17 11:30:00+08:00,3894.0
2025-09-17 11:40:00+08:00,3906.5
2025-09-17 11:50:00+08:00,3923.3
2025-09-17 12:00:00+08:00,3882.9
2025-09-17 12:10:00+08:00,3813.9
2025-09-17 12:20:00+08:00,3791.8
2025-09-17 12:30:00+08:00,3787.7
2025-09-17 12:40:00+08:00,3782.4
2025-09-17 12:50:00+08:00,3774.8
2025-09-17 13:00:00+08:00,3825.7
2025-09-17 13:10:00+08:00,3914.7
2025-09-17 13:20:00+08:00,3937.9
2025-09-17 13:30:00+08:00,3965.1
2025-09-17 13:40:00+08:00,3966.7
2025-09-17 13:50:00+08:00,3962.6
2025-09-17 14:00:00+08:00,3957.9
2025-09-17 14:10:00+08:00,3946.1
2025-09-17 14:20:00+08:00,3954.4
2025-09-17 14:30:00+08:00,3955.6
2025-09-17 14:40:00+08:00,3932.5
2025-09-17 14:50:00+08:00,3893.5
2025-09-17 15:00:00+08:00,3896.4
2025-09-17 15:10:00+08:00,3887.7
2025-09-17 15:20:00+08:00,3865.9
2025-09-17 15:30:00+08:00,3862.6
2025-09-17 15:40:00+08:00,3839.1
2025-09-17 15:50:00+08:00,3836.2
2025-09-17 16:00:00+08:00,3857.5
2025-09-17 16:10:00+08:00,3838.0
2025-09-17 16:20:00+08:00,3825.0
2025-09-17 16:30:00+08:00,3802.7
2025-09-17 16:40:00+08:00,3788.1
2025-09-17 16:50:00+08:00,3752.9
2025-09-17 17:00:00+08:00,3689.9
2025-09-17 17:10:00+08:00,3632.8
2025-09-17 17:20:00+08:00,3632.6
2025-09-17 17:30:00+08:00,3621.0
2025-09-17 17:40:00+08:00,3618.0
2025-09-17 17:50:00+08:00,3638.3
2025-09-17 18:00:00+08:00,3644.3
2025-09-17 18:10:00+08:00,3653.3
2025-09-17 18:20:00+08:00,3652.0
2025-09-17 18:30:00+08:00,3644.2
2025-09-17 18:40:00+08:00,3643.2
2025-09-17 18:50:00+08:00,3644.0
2025-09-17 19:00:00+08:00,3628.1
2025-09-17 19:10:00+08:00,3621.9
2025-09-17 19:20:00+08:00,3617.0
2025-09-17 19:30:00+08:00,3604.0
2025-09-17 19:40:00+08:00,3596.2
2025-09-17 19:50:00+08:00,3588.5
2025-09-17 20:00:00+08:00,3574.1
2025-09-17 20:10:00+08:00,3565.8
2025-09-17 20:20:00+08:00,3563.8
2025-09-17 20:30:00+08:00,3546.6
2025-09-17 20:40:00+08:00,3525.5
2025-09-17 20:50:00+08:00,3514.8
2025-09-17 21:00:00+08:00,3499.3
2025-09-17 21:10:00+08:00,3478.3
2025-09-17 21:20:00+08:00,3475.8
2025-09-17 21:30:00+08:00,3458.6
2025-09-17 21:40:00+08:00,3458.0
2025-09-17 21:50:00+08:00,3445.5
2025-09-17 22:00:00+08:00,3426.7
2025-09-17 22:10:00+08:00,3443.3
2025-09-17 22:20:00+08:00,3434.8
2025-09-17 22:30:00+08:00,3418.2
2025-09-17 22:40:00+08:00,3402.6
2025-09-17 22:50:00+08:00,3367.9
2025-09-17 23:00:00+08:00,3333.4
2025-09-17 23:10:00+08:00,3300.8
2025-09-17 23:20:00+08:00,3287.3
2025-09-17 23:30:00+08:00,3234.1
2025-09-17 23:40:00+08:00,3223.2
2025-09-17 23:50:00+08:00,3201.7
2025-09-18 00:00:00+08:00,3181.9
2025-09-18 00:10:00+08:00,3171.5
2025-09-18 00:20:00+08:00,3157.9
2025-09-18 00:30:00+08:00,3132.6
2025-09-18 00:40:00+08:00,3121.6
2025-09-18 00:50:00+08:00,3076.2
2025-09-18 01:00:00+08:00,3060.1
2025-09-18 01:10:00+08:00,3042.5
2025-09-18 01:20:00+08:00,3043.1
2025-09-18 01:30:00+08:00,3016.1
2025-09-18 01:40:00+08:00,2995.2
2025-09-18 01:50:00+08:00,2979.1
2025-09-18 02:00:00+08:00,2973.8
2025-09-18 02:10:00+08:00,2942.1
2025-09-18 02:20:00+08:00,2933.2
2025-09-18 02:30:00+08:00,2914.0
2025-09-18 02:40:00+08:00,2905.5
2025-09-18 02:50:00+08:00,2908.3
2025-09-18 03:00:00+08:00,2888.1
2025-09-18 03:10:00+08:00,2860.9
2025-09-18 03:20:00+08:00,2873.9
2025-09-18 03:30:00+08:00,2835.2
2025-09-18 03:40:00+08:00,2839.8
2025-09-18 03:50:00+08:00,2849.9
2025-09-18 04:00:00+08:00,2825.2
2025-09-18 04:10:00+08:00,2818.8
2025-09-18 04:20:00+08:00,2823.1
2025-09-18 04:30:00+08:00,2821.8
2025-09-18 04:40:00+08:00,2812.0
2025-09-18 04:50:00+08:00,2811.6
2025-09-18 05:00:00+08:00,2793.9
2025-09-18 05:10:00+08:00,2800.6
2025-09-18 05:20:00+08:00,2812.8
2025-09-18 05:30:00+08:00,2802.1
2025-09-18 05:40:00+08:00,2804.9
2025-09-18 05:50:00+08:00,2801.6
2025-09-18 06:00:00+08:00,2788.0
2025-09-18 06:10:00+08:00,2811.3
2025-09-18 06:20:00+08:00,2824.6
2025-09-18 06:30:00+08:00,2829.6
2025-09-18 06:40:00+08:00,2849.4
2025-09-18 06:50:00+08:00,2867.3
2025-09-18 07:00:00+08:00,2869.4
2025-09-18 07:10:00+08:00,2944.5
2025-09-18 07:20:00+08:00,2994.5
2025-09-18 07:30:00+08:00,3029.9
2025-09-18 07:40:00+08:00,3052.0
2025-09-18 07:50:00+08:00,3140.2
2025-09-18 08:00:00+08:00,3254.0
2025-09-18 08:10:00+08:00,3424.9
2025-09-18 08:20:00+08:00,3475.4
2025-09-18 08:30:00+08:00,3517.4
2025-09-18 08:40:00+08:00,3570.9
2025-09-18 08:50:00+08:00,3631.4
2025-09-18 09:00:00+08:00,3662.8
2025-09-18 09:10:00+08:00,3698.5
2025-09-18 09:20:00+08:00,3671.9
2025-09-18 09:30:00+08:00,3711.0
2025-09-18 09:40:00+08:00,3731.5
2025-09-18 09:50:00+08:00,3742.6
2025-09-18 10:00:00+08:00,3771.4
2025-09-18 10:10:00+08:00,3773.8
2025-09-18 10:20:00+08:00,3777.7
2025-09-18 10:30:00+08:00,3798.9
2025-09-18 10:40:00+08:00,3837.5
2025-09-18 10:50:00+08:00,3807.1
2025-09-18 11:00:00+08:00,3808.7
2025-09-18 11:10:00+08:00,3838.1
2025-09-18 11:20:00+08:00,3894.4
2025-09-18 11:30:00+08:00,3858.3
2025-09-18 11:40:00+08:00,3854.2
2025-09-18 11:50:00+08:00,3837.3
2025-09-18 12:00:00+08:00,3807.0
2025-09-18 12:10:00+08:00,3767.5
2025-09-18 12:20:00+08:00,3759.9
2025-09-18 12:30:00+08:00,3760.6
2025-09-18 12:40:00+08:00,3748.3
2025-09-18 12:50:00+08:00,3741.0
2025-09-18 13:00:00+08:00,3782.2
2025-09-18 13:10:00+08:00,3869.3
2025-09-18 13:20:00+08:00,3859.8
2025-09-18 13:30:00+08:00,3881.0
2025-09-18 13:40:00+08:00,3888.5
2025-09-18 13:50:00+08:00,3889.0
2025-09-18 14:00:00+08:00,3854.4
2025-09-18 14:10:00+08:00,3861.6
2025-09-18 14:20:00+08:00,3848.6
2025-09-18 14:30:00+08:00,3813.9
2025-09-18 14:40:00+08:00,3810.8
2025-09-18 14:50:00+08:00,3800.9
2025-09-18 15:00:00+08:00,3809.8
2025-09-18 15:10:00+08:00,3777.5
2025-09-18 15:20:00+08:00,3760.0
2025-09-18 15:30:00+08:00,3764.3
2025-09-18 15:40:00+08:00,3738.4
2025-09-18 15:50:00+08:00,3723.4
2025-09-18 16:00:00+08:00,3711.5
2025-09-18 16:10:00+08:00,3719.2
2025-09-18 16:20:00+08:00,3712.6
2025-09-18 16:30:00+08:00,3708.3
2025-09-18 16:40:00+08:00,3682.9
2025-09-18 16:50:00+08:00,3651.1
2025-09-18 17:00:00+08:00,3594.7
2025-09-18 17:10:00+08:00,3554.2
2025-09-18 17:20:00+08:00,3542.1
2025-09-18 17:30:00+08:00,3534.6
2025-09-18 17:40:00+08:00,3540.3
2025-09-18 17:50:00+08:00,3551.1
2025-09-18 18:00:00+08:00,3570.1
2025-09-18 18:10:00+08:00,3571.7
2025-09-18 18:20:00+08:00,3567.8
2025-09-18 18:30:00+08:00,3562.8
2025-09-18 18:40:00+08:00,3552.7
2025-09-18 18:50:00+08:00,3548.0
2025-09-18 19:00:00+08:00,3536.3
2025-09-18 19:10:00+08:00,3526.8
2025-09-18 19:20:00+08:00,3515.9
2025-09-18 19:30:00+08:00,3513.7
2025-09-18 19:40:00+08:00,3499.6
2025-09-18 19:50:00+08:00,3497.9
2025-09-18 20:00:00+08:00,3481.6
2025-09-18 20:10:00+08:00,3464.7
2025-09-18 20:20:00+08:00,3460.1
2025-09-18 20:30:00+08:00,3441.7
2025-09-18 20:40:00+08:00,3430.4
2025-09-18 20:50:00+08:00,3430.2
2025-09-18 21:00:00+08:00,3413.9
2025-09-18 21:10:00+08:00,3396.6
2025-09-18 21:20:00+08:00,3385.7
2025-09-18 21:30:00+08:00,3384.6
2025-09-18 21:40:00+08:00,3382.3
2025-09-18 21:50:00+08:00,3372.5
2025-09-18 22:00:00+08:00,3346.9
2025-09-18 22:10:00+08:00,3376.2
2025-09-18 22:20:00+08:00,3355.2
2025-09-18 22:30:00+08:00,3328.0
2025-09-18 22:40:00+08:00,3297.0
2025-09-18 22:50:00+08:00,3267.9
2025-09-18 23:00:00+08:00,3246.6
2025-09-18 23:10:00+08:00,3216.8
2025-09-18 23:20:00+08:00,3196.1
2025-09-18 23:30:00+08:00,3169.4
2025-09-18 23:40:00+08:00,3142.0
2025-09-18 23:50:00+08:00,3114.0
2025-09-19 00:00:00+08:00,3082.3
2025-09-19 00:10:00+08:00,3090.8
2025-09-19 00:20:00+08:00,3081.1
2025-09-19 00:30:00+08:00,3061.3
2025-09-19 00:40:00+08:00,3043.6
2025-09-19 00:50:00+08:00,3021.3
2025-09-19 01:00:00+08:00,3001.3
2025-09-19 01:10:00+08:00,2981.5
2025-09-19 01:20:00+08:00,2965.8
2025-09-19 01:30:00+08:00,2948.4
2025-09-19 01:40:00+08:00,2913.7
2025-09-19 01:50:00+08:00,2915.6
2025-09-19 02:00:00+08:00,2878.6
2025-09-19 02:10:00+08:00,2880.3
2025-09-19 02:20:00+08:00,2871.4
2025-09-19 02:30:00+08:00,2857.3
2025-09-19 02:40:00+08:00,2846.2
2025-09-19 02:50:00+08:00,2839.1
2025-09-19 03:00:00+08:00,2816.8
2025-09-19 03:10:00+08:00,2819.1
2025-09-19 03:20:00+08:00,2823.5
2025-09-19 03:30:00+08:00,2778.4
2025-09-19 03:40:00+08:00,2798.3
2025-09-19 03:50:00+08:00,2775.5
2025-09-19 04:00:00+08:00,2775.9
2025-09-19 04:10:00+08:00,2757.8
2025-09-19 04:20:00+08:00,2756.6
2025-09-19 04:30:00+08:00,2763.0
2025-09-19 04:40:00+08:00,2757.4
2025-09-19 04:50:00+08:00,2745.8
2025-09-19 05:00:00+08:00,2746.8
2025-09-19 05:10:00+08:00,2761.6
2025-09-19 05:20:00+08:00,2756.0
2025-09-19 05:30:00+08:00,2742.3
2025-09-19 05:40:00+08:00,2736.6
2025-09-19 05:50:00+08:00,2757.2
2025-09-19 06:00:00+08:00,2760.3
2025-09-19 06:10:00+08:00,2770.2
2025-09-19 06:20:00+08:00,2773.9
2025-09-19 06:30:00+08:00,2788.4
2025-09-19 06:40:00+08:00,2807.7
2025-09-19 06:50:00+08:00,2825.9
2025-09-19 07:00:00+08:00,2834.0
2025-09-19 07:10:00+08:00,2871.2
2025-09-19 07:20:00+08:00,2899.0
2025-09-19 07:30:00+08:00,2945.8
2025-09-19 07:40:00+08:00,2984.0
2025-09-19 07:50:00+08:00,3091.9
2025-09-19 08:00:00+08:00,3176.2
2025-09-19 08:10:00+08:00,3308.5
2025-09-19 08:20:00+08:00,3384.6
2025-09-19 08:30:00+08:00,3421.5
2025-09-19 08:40:00+08:00,3487.5
2025-09-19 08:50:00+08:00,3509.1
2025-09-19 09:00:00+08:00,3527.8
2025-09-19 09:10:00+08:00,3568.3
2025-09-19 09:20:00+08:00,3577.6
2025-09-19 09:30:00+08:00,3555.4
2025-09-19 09:40:00+08:00,3585.2
2025-09-19 09:50:00+08:00,3617.2
2025-09-19 10:00:00+08:00,3658.8
2025-09-19 10:10:00+08:00,3673.7
2025-09-19 10:20:00+08:00,3676.5
2025-09-19 10:30:00+08:00,3683.1
2025-09-19 10:40:00+08:00,3728.5
2025-09-19 10:50:00+08:00,3775.6
2025-09-19 11:00:00+08:00,3783.4
2025-09-19 11:10:00+08:00,3807.8
2025-09-19 11:20:00+08:00,3823.6
2025-09-19 11:30:00+08:00,3830.3
2025-09-19 11:40:00+08:00,3843.8
2025-09-19 11:50:00+08:00,3842.2
2025-09-19 12:00:00+08:00,3823.7
2025-09-19 12:10:00+08:00,3761.2
2025-09-19 12:20:00+08:00,3734.8
2025-09-19 12:30:00+08:00,3758.5
2025-09-19 12:40:00+08:00,3784.5
2025-09-19 12:50:00+08:00,3800.2
2025-09-19 13:00:00+08:00,3800.8
2025-09-19 13:10:00+08:00,3881.3
2025-09-19 13:20:00+08:00,3860.5
2025-09-19 13:30:00+08:00,3904.5
2025-09-19 13:40:00+08:00,3906.1
2025-09-19 13:50:00+08:00,3909.6
2025-09-19 14:00:00+08:00,3933.5
2025-09-19 14:10:00+08:00,3906.7
2025-09-19 14:20:00+08:00,3886.1
2025-09-19 14:30:00+08:00,3868.4
2025-09-19 14:40:00+08:00,3895.1
2025-09-19 14:50:00+08:00,3908.3
2025-09-19 15:00:00+08:00,3871.3
2025-09-19 15:10:00+08:00,3853.8
2025-09-19 15:20:00+08:00,3836.5
2025-09-19 15:30:00+08:00,3815.9
2025-09-19 15:40:00+08:00,3790.8
2025-09-19 15:50:00+08:00,3768.0
2025-09-19 16:00:00+08:00,3718.3
2025-09-19 16:10:00+08:00,3704.2
2025-09-19 16:20:00+08:00,3710.7
2025-09-19 16:30:00+08:00,3678.3
2025-09-19 16:40:00+08:00,3645.4
2025-09-19 16:50:00+08:00,3617.0
2025-09-19 17:00:00+08:00,3568.1
2025-09-19 17:10:00+08:00,3523.8
2025-09-19 17:20:00+08:00,3516.6
2025-09-19 17:30:00+08:00,3508.1
2025-09-19 17:40:00+08:00,3500.8
2025-09-19 17:50:00+08:00,3504.7
2025-09-19 18:00:00+08:00,3497.6
2025-09-19 18:10:00+08:00,3494.4
2025-09-19 18:20:00+08:00,3471.1
2025-09-19 18:30:00+08:00,3462.9
2025-09-19 18:40:00+08:00,3452.6
2025-09-19 18:50:00+08:00,3447.3
2025-09-19 19:00:00+08:00,3436.8
2025-09-19 19:10:00+08:00,3432.3
2025-09-19 19:20:00+08:00,3412.1
2025-09-19 19:30:00+08:00,3409.0
2025-09-19 19:40:00+08:00,3393.2
2025-09-19 19:50:00+08:00,3385.2
2025-09-19 20:00:00+08:00,3382.2
2025-09-19 20:10:00+08:00,3368.3
2025-09-19 20:20:00+08:00,3366.6
2025-09-19 20:30:00+08:00,3359.8
2025-09-19 20:40:00+08:00,3345.1
2025-09-19 20:50:00+08:00,3338.7
2025-09-19 21:00:00+08:00,3327.6
2025-09-19 21:10:00+08:00,3308.1
2025-09-19 21:20:00+08:00,3300.7
2025-09-19 21:30:00+08:00,3288.3
2025-09-19 21:40:00+08:00,3277.1
2025-09-19 21:50:00+08:00,3284.0
2025-09-19 22:00:00+08:00,3272.7
2025-09-19 22:10:00+08:00,3290.2
2025-09-19 22:20:00+08:00,3291.5
2025-09-19 22:30:00+08:00,3276.5
2025-09-19 22:40:00+08:00,3252.1
2025-09-19 22:50:00+08:00,3243.4
2025-09-19 23:00:00+08:00,3199.7
2025-09-19 23:10:00+08:00,3182.4
2025-09-19 23:20:00+08:00,3180.4
2025-09-19 23:30:00+08:00,3128.3
2025-09-19 23:40:00+08:00,3112.4
2025-09-19 23:50:00+08:00,3092.6
2025-09-20 00:00:00+08:00,3059.5
2025-09-20 00:10:00+08:00,3059.0
2025-09-20 00:20:00+08:00,3044.4
2025-09-20 00:30:00+08:00,3051.2
2025-09-20 00:40:00+08:00,3006.0
2025-09-20 00:50:00+08:00,2995.0
2025-09-20 01:00:00+08:00,2966.7
2025-09-20 01:10:00+08:00,2936.5
2025-09-20 01:20:00+08:00,2936.4
2025-09-20 01:30:00+08:00,2918.4
2025-09-20 01:40:00+08:00,2912.2
2025-09-20 01:50:00+08:00,2887.1
2025-09-20 02:00:00+08:00,2877.0
2025-09-20 02:10:00+08:00,2859.4
2025-09-20 02:20:00+08:00,2851.2
2025-09-20 02:30:00+08:00,2816.7
2025-09-20 02:40:00+08:00,2816.4
2025-09-20 02:50:00+08:00,2806.4
2025-09-20 03:00:00+08:00,2786.3
2025-09-20 03:10:00+08:00,2788.8
2025-09-20 03:20:00+08:00,2778.0
2025-09-20 03:30:00+08:00,2772.0
2025-09-20 03:40:00+08:00,2750.7
2025-09-20 03:50:00+08:00,2736.6
2025-09-20 04:00:00+08:00,2758.3
2025-09-20 04:10:00+08:00,2727.2
2025-09-20 04:20:00+08:00,2728.4
2025-09-20 04:30:00+08:00,2728.2
2025-09-20 04:40:00+08:00,2720.5
2025-09-20 04:50:00+08:00,2693.2
2025-09-20 05:00:00+08:00,2686.2
2025-09-20 05:10:00+08:00,2722.5
2025-09-20 05:20:00+08:00,2692.0
2025-09-20 05:30:00+08:00,2713.9
2025-09-20 05:40:00+08:00,2672.1
2025-09-20 05:50:00+08:00,2679.3
2025-09-20 06:00:00+08:00,2652.2
2025-09-20 06:10:00+08:00,2666.0
2025-09-20 06:20:00+08:00,2669.0
2025-09-20 06:30:00+08:00,2660.7
2025-09-20 06:40:00+08:00,2680.9
2025-09-20 06:50:00+08:00,2690.5
2025-09-20 07:00:00+08:00,2710.1
2025-09-20 07:10:00+08:00,2744.2
2025-09-20 07:20:00+08:00,2724.9
2025-09-20 07:30:00+08:00,2748.2
2025-09-20 07:40:00+08:00,2773.6
2025-09-20 07:50:00+08:00,2788.5
2025-09-20 08:00:00+08:00,2847.6
2025-09-20 08:10:00+08:00,2899.1
2025-09-20 08:20:00+08:00,2922.4
2025-09-20 08:30:00+08:00,2983.3
2025-09-20 08:40:00+08:00,2973.5
2025-09-20 08:50:00+08:00,3023.0
2025-09-20 09:00:00+08:00,3041.7
2025-09-20 09:10:00+08:00,3062.6
2025-09-20 09:20:00+08:00,3087.5
2025-09-20 09:30:00+08:00,3098.2
2025-09-20 09:40:00+08:00,3148.6
2025-09-20 09:50:00+08:00,3177.4
2025-09-20 10:00:00+08:00,3201.2
2025-09-20 10:10:00+08:00,3216.9
2025-09-20 10:20:00+08:00,3240.8
2025-09-20 10:30:00+08:00,3262.8
2025-09-20 10:40:00+08:00,3273.9
2025-09-20 10:50:00+08:00,3320.9
2025-09-20 11:00:00+08:00,3331.5
2025-09-20 11:10:00+08:00,3364.0
2025-09-20 11:20:00+08:00,3405.2
2025-09-20 11:30:00+08:00,3362.1
2025-09-20 11:40:00+08:00,3406.3
2025-09-20 11:50:00+08:00,3431.3
2025-09-20 12:00:00+08:00,3411.1
2025-09-20 12:10:00+08:00,3376.7
2025-09-20 12:20:00+08:00,3392.5
2025-09-20 12:30:00+08:00,3409.9
2025-09-20 12:40:00+08:00,3396.5
2025-09-20 12:50:00+08:00,3430.3
2025-09-20 13:00:00+08:00,3456.7
2025-09-20 13:10:00+08:00,3464.0
2025-09-20 13:20:00+08:00,3488.3
2025-09-20 13:30:00+08:00,3514.8
2025-09-20 13:40:00+08:00,3483.9
2025-09-20 13:50:00+08:00,3488.9
2025-09-20 14:00:00+08:00,3478.9
2025-09-20 14:10:00+08:00,3487.7
2025-09-20 14:20:00+08:00,3472.1
2025-09-20 14:30:00+08:00,3487.9
2025-09-20 14:40:00+08:00,3482.7
2025-09-20 14:50:00+08:00,3466.5
2025-09-20 15:00:00+08:00,3463.4
2025-09-20 15:10:00+08:00,3477.4
2025-09-20 15:20:00+08:00,3434.8
2025-09-20 15:30:00+08:00,3454.8
2025-09-20 15:40:00+08:00,3428.1
2025-09-20 15:50:00+08:00,3421.8
2025-09-20 16:00:00+08:00,3444.3
2025-09-20 16:10:00+08:00,3402.1
2025-09-20 16:20:00+08:00,3387.0
2025-09-20 16:30:00+08:00,3356.5
2025-09-20 16:40:00+08:00,3396.8
2025-09-20 16:50:00+08:00,3361.8
2025-09-20 17:00:00+08:00,3330.3
2025-09-20 17:10:00+08:00,3355.1
2025-09-20 17:20:00+08:00,3347.3
2025-09-20 17:30:00+08:00,3364.3
2025-09-20 17:40:00+08:00,3349.4
2025-09-20 17:50:00+08:00,3360.9
2025-09-20 18:00:00+08:00,3365.0
2025-09-20 18:10:00+08:00,3379.2
2025-09-20 18:20:00+08:00,3377.4
2025-09-20 18:30:00+08:00,3342.5
2025-09-20 18:40:00+08:00,3350.5
2025-09-20 18:50:00+08:00,3359.3
2025-09-20 19:00:00+08:00,3367.6
2025-09-20 19:10:00+08:00,3367.6
2025-09-20 19:20:00+08:00,3334.6
2025-09-20 19:30:00+08:00,3333.5
2025-09-20 19:40:00+08:00,3338.6
2025-09-20 19:50:00+08:00,3324.4
2025-09-20 20:00:00+08:00,3321.4
2025-09-20 20:10:00+08:00,3327.2
2025-09-20 20:20:00+08:00,3307.8
2025-09-20 20:30:00+08:00,3306.7
2025-09-20 20:40:00+08:00,3332.4
2025-09-20 20:50:00+08:00,3310.3
2025-09-20 21:00:00+08:00,3294.2
2025-09-20 21:10:00+08:00,3292.0
2025-09-20 21:20:00+08:00,3289.3
2025-09-20 21:30:00+08:00,3264.1
2025-09-20 21:40:00+08:00,3277.7
2025-09-20 21:50:00+08:00,3275.5
2025-09-20 22:00:00+08:00,3223.3
2025-09-20 22:10:00+08:00,3210.6
2025-09-20 22:20:00+08:00,3216.0
2025-09-20 22:30:00+08:00,3194.1
2025-09-20 22:40:00+08:00,3154.2
2025-09-20 22:50:00+08:00,3148.2
2025-09-20 23:00:00+08:00,3121.2
2025-09-20 23:10:00+08:00,3097.8
2025-09-20 23:20:00+08:00,3065.8
2025-09-20 23:30:00+08:00,3068.4
2025-09-20 23:40:00+08:00,3042.9
2025-09-20 23:50:00+08:00,3002.7
2025-09-21 00:00:00+08:00,2987.4
2025-09-21 00:10:00+08:00,2944.7
2025-09-21 00:20:00+08:00,2946.3
2025-09-21 00:30:00+08:00,2930.8
2025-09-21 00:40:00+08:00,2910.8
2025-09-21 00:50:00+08:00,2895.6
2025-09-21 01:00:00+08:00,2866.7
2025-09-21 01:10:00+08:00,2848.7
2025-09-21 01:20:00+08:00,2831.1
2025-09-21 01:30:00+08:00,2825.5
2025-09-21 01:40:00+08:00,2799.5
2025-09-21 01:50:00+08:00,2786.4
2025-09-21 02:00:00+08:00,2763.3
2025-09-21 02:10:00+08:00,2747.9
2025-09-21 02:20:00+08:00,2754.0
2025-09-21 02:30:00+08:00,2736.0
2025-09-21 02:40:00+08:00,2712.7
2025-09-21 02:50:00+08:00,2713.4
2025-09-21 03:00:00+08:00,2688.6
2025-09-21 03:10:00+08:00,2681.2
2025-09-21 03:20:00+08:00,2683.0
2025-09-21 03:30:00+08:00,2689.5
2025-09-21 03:40:00+08:00,2659.5
2025-09-21 03:50:00+08:00,2651.4
2025-09-21 04:00:00+08:00,2651.8
2025-09-21 04:10:00+08:00,2627.5
2025-09-21 04:20:00+08:00,2627.7
2025-09-21 04:30:00+08:00,2637.6
2025-09-21 04:40:00+08:00,2606.9
2025-09-21 04:50:00+08:00,2605.7
2025-09-21 05:00:00+08:00,2602.4
2025-09-21 05:10:00+08:00,2604.3
2025-09-21 05:20:00+08:00,2600.3
2025-09-21 05:30:00+08:00,2588.9
2025-09-21 05:40:00+08:00,2602.9
2025-09-21 05:50:00+08:00,2592.1
2025-09-21 06:00:00+08:00,2573.6
2025-09-21 06:10:00+08:00,2594.9
2025-09-21 06:20:00+08:00,2552.6
2025-09-21 06:30:00+08:00,2582.4
2025-09-21 06:40:00+08:00,2601.0
2025-09-21 06:50:00+08:00,2583.9
2025-09-21 07:00:00+08:00,2592.7
2025-09-21 07:10:00+08:00,2621.3
2025-09-21 07:20:00+08:00,2624.5
2025-09-21 07:30:00+08:00,2634.7
2025-09-21 07:40:00+08:00,2638.8
2025-09-21 07:50:00+08:00,2650.6
2025-09-21 08:00:00+08:00,2691.1
2025-09-21 08:10:00+08:00,2708.0
2025-09-21 08:20:00+08:00,2766.0
2025-09-21 08:30:00+08:00,2781.2
2025-09-21 08:40:00+08:00,2804.7
2025-09-21 08:50:00+08:00,2849.1
2025-09-21 09:00:00+08:00,2887.2
2025-09-21 09:10:00+08:00,2883.3
2025-09-21 09:20:00+08:00,2912.5
2025-09-21 09:30:00+08:00,2942.7
2025-09-21 09:40:00+08:00,2989.3
2025-09-21 09:50:00+08:00,2991.4
2025-09-21 10:00:00+08:00,3017.7
2025-09-21 10:10:00+08:00,3049.3
2025-09-21 10:20:00+08:00,3054.8
2025-09-21 10:30:00+08:00,3082.6
2025-09-21 10:40:00+08:00,3087.5
2025-09-21 10:50:00+08:00,3111.9
2025-09-21 11:00:00+08:00,3144.5
2025-09-21 11:10:00+08:00,3162.5
2025-09-21 11:20:00+08:00,3167.7
2025-09-21 11:30:00+08:00,3197.1
2025-09-21 11:40:00+08:00,3214.4
2025-09-21 11:50:00+08:00,3228.2
2025-09-21 12:00:00+08:00,3232.8
2025-09-21 12:10:00+08:00,3237.6
2025-09-21 12:20:00+08:00,3233.3
2025-09-21 12:30:00+08:00,3257.9
2025-09-21 12:40:00+08:00,3235.6
2025-09-21 12:50:00+08:00,3249.0
2025-09-21 13:00:00+08:00,3253.8
2025-09-21 13:10:00+08:00,3272.1
2025-09-21 13:20:00+08:00,3283.9
2025-09-21 13:30:00+08:00,3298.5
2025-09-21 13:40:00+08:00,3279.2
2025-09-21 13:50:00+08:00,3280.8
2025-09-21 14:00:00+08:00,3300.0
2025-09-21 14:10:00+08:00,3274.3
2025-09-21 14:20:00+08:00,3268.2
2025-09-21 14:30:00+08:00,3282.0
2025-09-21 14:40:00+08:00,3282.1
2025-09-21 14:50:00+08:00,3274.7
2025-09-21 15:00:00+08:00,3267.3
2025-09-21 15:10:00+08:00,3242.2
2025-09-21 15:20:00+08:00,3226.6
2025-09-21 15:30:00+08:00,3220.8
2025-09-21 15:40:00+08:00,3236.1
2025-09-21 15:50:00+08:00,3252.1
2025-09-21 16:00:00+08:00,3248.9
2025-09-21 16:10:00+08:00,3257.4
2025-09-21 16:20:00+08:00,3250.8
2025-09-21 16:30:00+08:00,3240.6
2025-09-21 16:40:00+08:00,3258.9
2025-09-21 16:50:00+08:00,3263.9
2025-09-21 17:00:00+08:00,3261.0
2025-09-21 17:10:00+08:00,3258.2
2025-09-21 17:20:00+08:00,3230.1
2025-09-21 17:30:00+08:00,3252.9
2025-09-21 17:40:00+08:00,3241.0
2025-09-21 17:50:00+08:00,3264.5
2025-09-21 18:00:00+08:00,3277.5
2025-09-21 18:10:00+08:00,3286.2
2025-09-21 18:20:00+08:00,3276.0
2025-09-21 18:30:00+08:00,3281.3
2025-09-21 18:40:00+08:00,3302.6
2025-09-21 18:50:00+08:00,3294.6
2025-09-21 19:00:00+08:00,3308.0
2025-09-21 19:10:00+08:00,3300.7
2025-09-21 19:20:00+08:00,3265.7
2025-09-21 19:30:00+08:00,3293.1
2025-09-21 19:40:00+08:00,3289.3
2025-09-21 19:50:00+08:00,3304.4
2025-09-21 20:00:00+08:00,3297.7
2025-09-21 20:10:00+08:00,3296.2
2025-09-21 20:20:00+08:00,3306.4
2025-09-21 20:30:00+08:00,3299.4
2025-09-21 20:40:00+08:00,3316.0
2025-09-21 20:50:00+08:00,3310.2
2025-09-21 21:00:00+08:00,3303.9
2025-09-21 21:10:00+08:00,3283.7
2025-09-21 21:20:00+08:00,3255.8
2025-09-21 21:30:00+08:00,3262.5
2025-09-21 21:40:00+08:00,3246.5
2025-09-21 21:50:00+08:00,3227.0
2025-09-21 22:00:00+08:00,3217.5
2025-09-21 22:10:00+08:00,3182.7
2025-09-21 22:20:00+08:00,3165.6
2025-09-21 22:30:00+08:00,3146.3
2025-09-21 22:40:00+08:00,3090.5
2025-09-21 22:50:00+08:00,3104.9
2025-09-21 23:00:00+08:00,3075.8
2025-09-21 23:10:00+08:00,3039.5
2025-09-21 23:20:00+08:00,3023.7
2025-09-21 23:30:00+08:00,2993.7
2025-09-21 23:40:00+08:00,2973.9
2025-09-21 23:50:00+08:00,2952.7
2025-09-22 00:00:00+08:00,2936.4
2025-09-22 00:10:00+08:00,2902.0
2025-09-22 00:30:00+08:00,2890.4
2025-09-22 00:40:00+08:00,2890.4
2025-09-22 00:50:00+08:00,2890.4
2025-09-22 01:00:00+08:00,2890.4
2025-09-22 01:10:00+08:00,2890.4
2025-09-22 01:20:00+08:00,2890.4
2025-09-22 01:30:00+08:00,2890.4
2025-09-22 01:40:00+08:00,2890.4
2025-09-22 01:50:00+08:00,2890.4
2025-09-22 02:00:00+08:00,2890.4
2025-09-22 02:10:00+08:00,2890.4
2025-09-22 02:20:00+08:00,2890.4
2025-09-22 02:30:00+08:00,2890.4
2025-09-22 02:40:00+08:00,2890.4
2025-09-22 02:50:00+08:00,2890.4
2025-09-22 03:00:00+08:00,2890.4
2025-09-22 03:10:00+08:00,2890.4
2025-09-22 03:20:00+08:00,2890.4
2025-09-22 03:30:00+08:00,2616.1
2025-09-22 03:40:00+08:00,2594.0
2025-09-22 03:50:00+08:00,2586.9
2025-09-22 04:00:00+08:00,2581.7
2025-09-22 04:10:00+08:00,2570.5
2025-09-22 04:20:00+08:00,2588.9
2025-09-22 04:30:00+08:00,2569.3
2025-09-22 04:40:00+08:00,2554.0
2025-09-22 04:50:00+08:00,2583.3
2025-09-22 05:00:00+08:00,2570.9
2025-09-22 05:10:00+08:00,2572.7
2025-09-22 05:20:00+08:00,2587.5
2025-09-22 05:30:00+08:00,2582.6
2025-09-22 05:40:00+08:00,2598.8
2025-09-22 05:50:00+08:00,2568.0
2025-09-22 06:00:00+08:00,2605.6
2025-09-22 06:10:00+08:00,2617.6
2025-09-22 06:20:00+08:00,2611.7
2025-09-22 06:30:00+08:00,2642.3
2025-09-22 06:40:00+08:00,2641.7
2025-09-22 06:50:00+08:00,2685.6
2025-09-22 07:00:00+08:00,2698.8
2025-09-22 07:10:00+08:00,2771.3
2025-09-22 07:20:00+08:00,2820.4
2025-09-22 07:30:00+08:00,2831.6
2025-09-22 07:40:00+08:00,2895.7
2025-09-22 07:50:00+08:00,2944.4
2025-09-22 08:00:00+08:00,3082.0
2025-09-22 08:10:00+08:00,3224.9
2025-09-22 08:20:00+08:00,3294.9
2025-09-22 08:30:00+08:00,3362.4
2025-09-22 08:40:00+08:00,3414.8
2025-09-22 08:50:00+08:00,3426.4
2025-09-22 09:00:00+08:00,3492.2
2025-09-22 09:10:00+08:00,3527.9
2025-09-22 09:20:00+08:00,3518.1
2025-09-22 09:30:00+08:00,3558.0
2025-09-22 09:40:00+08:00,3560.5
2025-09-22 09:50:00+08:00,3594.0
2025-09-22 10:00:00+08:00,3576.4
2025-09-22 10:10:00+08:00,3632.0
2025-09-22 10:20:00+08:00,3628.0
2025-09-22 10:30:00+08:00,3653.0
2025-09-22 10:40:00+08:00,3730.3
2025-09-22 10:50:00+08:00,3740.8
2025-09-22 11:00:00+08:00,3748.3
2025-09-22 11:10:00+08:00,3782.6
2025-09-22 11:20:00+08:00,3785.9
2025-09-22 11:30:00+08:00,3828.2
2025-09-22 11:40:00+08:00,3804.8
2025-09-22 11:50:00+08:00,3735.6
2025-09-22 12:00:00+08:00,3693.4
2025-09-22 12:10:00+08:00,3641.9
2025-09-22 12:20:00+08:00,3626.6
2025-09-22 12:30:00+08:00,3609.9
2025-09-22 12:40:00+08:00,3646.6
2025-09-22 12:50:00+08:00,3680.7
2025-09-22 13:00:00+08:00,3700.1
2025-09-22 13:10:00+08:00,3764.7
2025-09-22 13:20:00+08:00,3784.9
2025-09-22 13:30:00+08:00,3788.1
2025-09-22 13:40:00+08:00,3809.2
2025-09-22 13:50:00+08:00,3825.7
2025-09-22 14:00:00+08:00,3799.4
2025-09-22 14:10:00+08:00,3813.2
2025-09-22 14:20:00+08:00,3814.6
2025-09-22 14:30:00+08:00,3822.4
2025-09-22 14:40:00+08:00,3786.8
2025-09-22 14:50:00+08:00,3788.7
2025-09-22 15:00:00+08:00,3763.4
2025-09-22 15:10:00+08:00,3779.0
2025-09-22 15:20:00+08:00,3777.8
2025-09-22 15:30:00+08:00,3758.8
2025-09-22 15:40:00+08:00,3767.7
2025-09-22 15:50:00+08:00,3720.3
2025-09-22 16:00:00+08:00,3720.0
2025-09-22 16:10:00+08:00,3703.5
2025-09-22 16:20:00+08:00,3703.1
2025-09-22 16:30:00+08:00,3672.3
2025-09-22 16:40:00+08:00,3655.9
2025-09-22 16:50:00+08:00,3641.9
2025-09-22 17:00:00+08:00,3592.3
2025-09-22 17:10:00+08:00,3539.7
2025-09-22 17:20:00+08:00,3534.5
2025-09-22 17:30:00+08:00,3522.1
2025-09-22 17:40:00+08:00,3526.5
2025-09-22 17:50:00+08:00,3540.6
2025-09-22 18:00:00+08:00,3552.5
2025-09-22 18:10:00+08:00,3557.7
2025-09-22 18:20:00+08:00,3549.3
2025-09-22 18:30:00+08:00,3545.8
2025-09-22 18:40:00+08:00,3541.0
2025-09-22 18:50:00+08:00,3529.9
2025-09-22 19:00:00+08:00,3527.6
2025-09-22 19:10:00+08:00,3512.4
2025-09-22 19:20:00+08:00,3502.5
2025-09-22 19:30:00+08:00,3493.4
2025-09-22 19:40:00+08:00,3485.1
2025-09-22 19:50:00+08:00,3469.5
2025-09-22 20:00:00+08:00,3461.4
2025-09-22 20:10:00+08:00,3452.3
2025-09-22 20:20:00+08:00,3444.7
2025-09-22 20:30:00+08:00,3431.2
2025-09-22 20:40:00+08:00,3415.8
2025-09-22 20:50:00+08:00,3393.9
2025-09-22 21:00:00+08:00,3371.2
2025-09-22 21:10:00+08:00,3350.9
2025-09-22 21:20:00+08:00,3341.7
2025-09-22 21:30:00+08:00,3325.6
2025-09-22 21:40:00+08:00,3302.5
2025-09-22 21:50:00+08:00,3302.6
2025-09-22 22:00:00+08:00,3273.2
2025-09-22 22:10:00+08:00,3291.3
2025-09-22 22:20:00+08:00,3271.1
2025-09-22 22:30:00+08:00,3255.0
2025-09-22 22:40:00+08:00,3233.3
2025-09-22 22:50:00+08:00,3213.2
2025-09-22 23:00:00+08:00,3164.0
2025-09-22 23:10:00+08:00,3143.9
2025-09-22 23:20:00+08:00,3128.9
2025-09-22 23:30:00+08:00,3112.0
2025-09-22 23:40:00+08:00,3079.2
2025-09-22 23:50:00+08:00,3027.0
2025-09-23 00:00:00+08:00,3020.5
2025-09-23 00:10:00+08:00,3029.6
2025-09-23 00:20:00+08:00,3007.2
2025-09-23 00:30:00+08:00,2981.9
2025-09-23 00:40:00+08:00,2962.0
2025-09-23 00:50:00+08:00,2948.4
2025-09-23 01:00:00+08:00,2926.1
2025-09-23 01:10:00+08:00,2899.6
2025-09-23 01:20:00+08:00,2894.9
2025-09-23 01:30:00+08:00,2846.6
2025-09-23 01:40:00+08:00,2860.3
2025-09-23 01:50:00+08:00,2853.7
2025-09-23 02:00:00+08:00,2826.4
2025-09-23 02:10:00+08:00,2808.6
2025-09-23 02:20:00+08:00,2800.4
2025-09-23 02:30:00+08:00,2786.5
2025-09-23 02:40:00+08:00,2789.9
2025-09-23 02:50:00+08:00,2792.8
2025-09-23 03:00:00+08:00,2756.0
2025-09-23 03:10:00+08:00,2770.7
2025-09-23 03:20:00+08:00,2749.5
2025-09-23 03:30:00+08:00,2711.5
2025-09-23 03:40:00+08:00,2740.2
2025-09-23 03:50:00+08:00,2735.5
2025-09-23 04:00:00+08:00,2725.3
2025-09-23 04:10:00+08:00,2725.7
2025-09-23 04:20:00+08:00,2719.0
2025-09-23 04:30:00+08:00,2707.7
2025-09-23 04:40:00+08:00,2702.7
2025-09-23 04:50:00+08:00,2693.8
2025-09-23 05:00:00+08:00,2701.4
2025-09-23 05:10:00+08:00,2707.1
2025-09-23 05:20:00+08:00,2701.4
2025-09-23 05:30:00+08:00,2714.9
2025-09-23 05:40:00+08:00,2704.0
2025-09-23 05:50:00+08:00,2726.6
2025-09-23 06:00:00+08:00,2722.1
2025-09-23 06:10:00+08:00,2732.8
2025-09-23 06:20:00+08:00,2745.9
2025-09-23 06:30:00+08:00,2754.4
2025-09-23 06:40:00+08:00,2783.4
2025-09-23 06:50:00+08:00,2809.9
2025-09-23 07:00:00+08:00,2822.5
2025-09-23 07:10:00+08:00,2856.9
2025-09-23 07:20:00+08:00,2897.2
2025-09-23 07:30:00+08:00,2928.9
2025-09-23 07:40:00+08:00,2999.1
2025-09-23 07:50:00+08:00,2998.4
2025-09-23 08:00:00+08:00,3085.5
2025-09-23 08:10:00+08:00,3220.7
2025-09-23 08:20:00+08:00,3310.1
2025-09-23 08:30:00+08:00,3354.0
2025-09-23 08:40:00+08:00,3391.3
2025-09-23 08:50:00+08:00,3413.7
2025-09-23 09:00:00+08:00,3437.7
2025-09-23 09:10:00+08:00,3482.9
2025-09-23 09:20:00+08:00,3480.4
2025-09-23 09:30:00+08:00,3489.6
2025-09-23 09:40:00+08:00,3494.5
2025-09-23 09:50:00+08:00,3514.2
2025-09-23 10:00:00+08:00,3509.2
2025-09-23 10:10:00+08:00,3486.8
2025-09-23 10:20:00+08:00,3501.4
2025-09-23 10:30:00+08:00,3490.8
2025-09-23 10:40:00+08:00,3500.1
2025-09-23 10:50:00+08:00,3510.2
2025-09-23 11:00:00+08:00,3526.5
2025-09-23 11:10:00+08:00,3555.4
2025-09-23 11:20:00+08:00,3556.4
2025-09-23 11:30:00+08:00,3532.8
2025-09-23 11:40:00+08:00,3536.3
2025-09-23 11:50:00+08:00,3563.1
2025-09-23 12:00:00+08:00,3516.7
2025-09-23 12:10:00+08:00,3446.1
2025-09-23 12:20:00+08:00,3416.6
2025-09-23 12:30:00+08:00,3377.9
2025-09-23 12:40:00+08:00,3372.0
2025-09-23 12:50:00+08:00,3396.8
2025-09-23 13:00:00+08:00,3432.0
2025-09-23 13:10:00+08:00,3492.0
2025-09-23 13:20:00+08:00,3508.5
2025-09-23 13:30:00+08:00,3533.8
2025-09-23 13:40:00+08:00,3559.9
2025-09-23 13:50:00+08:00,3540.8
2025-09-23 14:00:00+08:00,3537.7
2025-09-23 14:10:00+08:00,3544.5
2025-09-23 14:20:00+08:00,3534.3
2025-09-23 14:30:00+08:00,3529.4
2025-09-23 14:40:00+08:00,3537.3
2025-09-23 14:50:00+08:00,3528.7
2025-09-23 15:00:00+08:00,3532.8
2025-09-23 15:10:00+08:00,3526.7
2025-09-23 15:20:00+08:00,3522.2
2025-09-23 15:30:00+08:00,3518.8
2025-09-23 15:40:00+08:00,3512.0
2025-09-23 15:50:00+08:00,3484.9
2025-09-23 16:00:00+08:00,3487.1
2025-09-23 16:10:00+08:00,3470.5
2025-09-23 16:20:00+08:00,3473.6
2025-09-23 16:30:00+08:00,3469.1
2025-09-23 16:40:00+08:00,3469.2
2025-09-23 16:50:00+08:00,3452.8
2025-09-23 17:00:00+08:00,3395.2
2025-09-23 17:10:00+08:00,3364.2
2025-09-23 17:20:00+08:00,3359.5
2025-09-23 17:30:00+08:00,3354.2
2025-09-23 17:40:00+08:00,3367.3
2025-09-23 17:50:00+08:00,3376.0
2025-09-23 18:00:00+08:00,3378.5
2025-09-23 18:10:00+08:00,3388.6
2025-09-23 18:20:00+08:00,3392.0
2025-09-23 18:30:00+08:00,3379.3
2025-09-23 18:40:00+08:00,3379.9
2025-09-23 18:50:00+08:00,3376.8
2025-09-23 19:00:00+08:00,3360.4
2025-09-23 19:10:00+08:00,3358.7
2025-09-23 19:20:00+08:00,3353.8
2025-09-23 19:30:00+08:00,3341.0
2025-09-23 19:40:00+08:00,3329.3
2025-09-23 19:50:00+08:00,3320.8
2025-09-23 20:00:00+08:00,3307.8
2025-09-23 20:10:00+08:00,3304.3
2025-09-23 20:20:00+08:00,3294.8
2025-09-23 20:30:00+08:00,3284.0
2025-09-23 20:40:00+08:00,3273.8
2025-09-23 20:50:00+08:00,3256.1
2025-09-23 21:00:00+08:00,3254.7
2025-09-23 21:10:00+08:00,3227.0
2025-09-23 21:20:00+08:00,3210.3
2025-09-23 21:30:00+08:00,3200.9
2025-09-23 21:40:00+08:00,3186.8
2025-09-23 21:50:00+08:00,3183.6
2025-09-23 22:00:00+08:00,3155.2
2025-09-23 22:10:00+08:00,3188.3
2025-09-23 22:20:00+08:00,3166.2
2025-09-23 22:30:00+08:00,3156.2
2025-09-23 22:40:00+08:00,3126.6
2025-09-23 22:50:00+08:00,3097.5
2025-09-23 23:00:00+08:00,3055.0
2025-09-23 23:10:00+08:00,3041.7
2025-09-23 23:20:00+08:00,3026.3
2025-09-23 23:30:00+08:00,2993.8
2025-09-23 23:40:00+08:00,2972.5
2025-09-23 23:50:00+08:00,2943.6
2025-09-24 00:00:00+08:00,2910.0
2025-09-24 00:10:00+08:00,2929.4
2025-09-24 00:20:00+08:00,2911.8
2025-09-24 00:30:00+08:00,2872.5
2025-09-24 00:40:00+08:00,2881.0
2025-09-24 00:50:00+08:00,2855.6
2025-09-24 01:00:00+08:00,2838.8
2025-09-24 01:10:00+08:00,2822.5
2025-09-24 01:20:00+08:00,2798.3
2025-09-24 01:30:00+08:00,2788.9
2025-09-24 01:40:00+08:00,2782.1
2025-09-24 01:50:00+08:00,2762.1
2025-09-24 02:00:00+08:00,2742.1
2025-09-24 02:10:00+08:00,2756.5
2025-09-24 02:20:00+08:00,2737.1
2025-09-24 02:30:00+08:00,2718.1
2025-09-24 02:40:00+08:00,2724.5
2025-09-24 02:50:00+08:00,2689.6
2025-09-24 03:00:00+08:00,2690.0
2025-09-24 03:10:00+08:00,2676.9
2025-09-24 03:20:00+08:00,2668.4
2025-09-24 03:30:00+08:00,2657.3
2025-09-24 03:40:00+08:00,2644.2
2025-09-24 03:50:00+08:00,2657.2
2025-09-24 04:00:00+08:00,2629.3
2025-09-24 04:10:00+08:00,2641.8
2025-09-24 04:20:00+08:00,2661.9
2025-09-24 04:30:00+08:00,2634.9
2025-09-24 04:40:00+08:00,2642.4
2025-09-24 04:50:00+08:00,2647.7
2025-09-24 05:00:00+08:00,2647.7
2025-09-24 05:10:00+08:00,2670.2
2025-09-24 05:20:00+08:00,2674.7
2025-09-24 05:30:00+08:00,2671.4
2025-09-24 05:40:00+08:00,2662.7
2025-09-24 05:50:00+08:00,2646.7
2025-09-24 06:00:00+08:00,2638.0
2025-09-24 06:10:00+08:00,2701.6
2025-09-24 06:20:00+08:00,2729.5
2025-09-24 06:30:00+08:00,2763.3
2025-09-24 06:40:00+08:00,2778.8
2025-09-24 06:50:00+08:00,2825.2
2025-09-24 07:00:00+08:00,2837.0
2025-09-24 07:10:00+08:00,2879.3
2025-09-24 07:20:00+08:00,2906.4
2025-09-24 07:30:00+08:00,2944.9
2025-09-24 07:40:00+08:00,2985.4
2025-09-24 07:50:00+08:00,3022.4
2025-09-24 08:00:00+08:00,3156.8
2025-09-24 08:10:00+08:00,3251.7
2025-09-24 08:20:00+08:00,3341.7
2025-09-24 08:30:00+08:00,3382.8
2025-09-24 08:40:00+08:00,3442.8
2025-09-24 08:50:00+08:00,3463.2
2025-09-24 09:00:00+08:00,3476.6
2025-09-24 09:10:00+08:00,3480.2
2025-09-24 09:20:00+08:00,3496.3
2025-09-24 09:30:00+08:00,3498.9
2025-09-24 09:40:00+08:00,3519.4
2025-09-24 09:50:00+08:00,3533.1
2025-09-24 10:00:00+08:00,3530.5
2025-09-24 10:10:00+08:00,3572.3
2025-09-24 10:20:00+08:00,3582.3
2025-09-24 10:30:00+08:00,3600.5
2025-09-24 10:40:00+08:00,3551.2
2025-09-24 10:50:00+08:00,3576.8
2025-09-24 11:00:00+08:00,3564.0
2025-09-24 11:10:00+08:00,3638.4
2025-09-24 11:20:00+08:00,3706.6
2025-09-24 11:30:00+08:00,3718.0
2025-09-24 11:40:00+08:00,3701.1
2025-09-24 11:50:00+08:00,3657.9
2025-09-24 12:00:00+08:00,3671.5
2025-09-24 12:10:00+08:00,3585.5
2025-09-24 12:20:00+08:00,3559.9
2025-09-24 12:30:00+08:00,3562.4
2025-09-24 12:40:00+08:00,3560.8
2025-09-24 12:50:00+08:00,3547.1
2025-09-24 13:00:00+08:00,3547.1
2025-09-24 13:10:00+08:00,3666.1
2025-09-24 13:20:00+08:00,3674.1
2025-09-24 13:30:00+08:00,3673.4
2025-09-24 13:40:00+08:00,3684.7
2025-09-24 13:50:00+08:00,3740.7
2025-09-24 14:00:00+08:00,3760.3
2025-09-24 14:10:00+08:00,3727.1
2025-09-24 14:20:00+08:00,3729.4
2025-09-24 14:30:00+08:00,3715.1
2025-09-24 14:40:00+08:00,3684.4
2025-09-24 14:50:00+08:00,3661.9
2025-09-24 15:00:00+08:00,3651.3
2025-09-24 15:10:00+08:00,3718.6
2025-09-24 15:20:00+08:00,3715.2
2025-09-24 15:30:00+08:00,3693.2
2025-09-24 15:40:00+08:00,3676.9
2025-09-24 15:50:00+08:00,3674.8
2025-09-24 16:00:00+08:00,3667.7
2025-09-24 16:10:00+08:00,3648.5
2025-09-24 16:20:00+08:00,3635.2
2025-09-24 16:30:00+08:00,3620.5
2025-09-24 16:40:00+08:00,3607.5
2025-09-24 16:50:00+08:00,3585.4
2025-09-24 17:00:00+08:00,3556.5
2025-09-24 17:10:00+08:00,3499.2
2025-09-24 17:20:00+08:00,3481.2
2025-09-24 17:30:00+08:00,3475.8
2025-09-24 17:40:00+08:00,3475.5
2025-09-24 17:50:00+08:00,3483.6
2025-09-24 18:00:00+08:00,3493.6
2025-09-24 18:10:00+08:00,3492.0
2025-09-24 18:20:00+08:00,3486.8
2025-09-24 18:30:00+08:00,3485.0
2025-09-24 18:40:00+08:00,3478.8
2025-09-24 18:50:00+08:00,3480.5
2025-09-24 19:00:00+08:00,3461.0
2025-09-24 19:10:00+08:00,3450.3
2025-09-24 19:20:00+08:00,3446.3
2025-09-24 19:30:00+08:00,3440.1
2025-09-24 19:40:00+08:00,3426.9
2025-09-24 19:50:00+08:00,3411.3
2025-09-24 20:00:00+08:00,3406.5
2025-09-24 20:10:00+08:00,3392.9
2025-09-24 20:20:00+08:00,3382.1
2025-09-24 20:30:00+08:00,3371.1
2025-09-24 20:40:00+08:00,3353.3
2025-09-24 20:50:00+08:00,3338.8
2025-09-24 21:00:00+08:00,3322.7
2025-09-24 21:10:00+08:00,3302.1
2025-09-24 21:20:00+08:00,3289.1
2025-09-24 21:30:00+08:00,3278.8
2025-09-24 21:40:00+08:00,3272.5
2025-09-24 21:50:00+08:00,3266.7
2025-09-24 22:00:00+08:00,3237.0
2025-09-24 22:10:00+08:00,3261.1
2025-09-24 22:20:00+08:00,3233.7
2025-09-24 22:30:00+08:00,3226.4
2025-09-24 22:40:00+08:00,3186.9
2025-09-24 22:50:00+08:00,3176.5
2025-09-24 23:00:00+08:00,3127.7
2025-09-24 23:10:00+08:00,3100.7
2025-09-24 23:20:00+08:00,3092.9
2025-09-24 23:30:00+08:00,3045.4
2025-09-24 23:40:00+08:00,3025.5
2025-09-24 23:50:00+08:00,3006.2
2025-09-25 00:00:00+08:00,2973.7
2025-09-25 00:10:00+08:00,2974.5
2025-09-25 00:20:00+08:00,2959.3
2025-09-25 00:30:00+08:00,2946.8
2025-09-25 00:40:00+08:00,2899.7
2025-09-25 00:50:00+08:00,2897.6
2025-09-25 01:00:00+08:00,2876.0
2025-09-25 01:10:00+08:00,2865.4
2025-09-25 01:20:00+08:00,2854.3
2025-09-25 01:30:00+08:00,2849.8
2025-09-25 01:40:00+08:00,2804.9
2025-09-25 01:50:00+08:00,2787.8
2025-09-25 02:00:00+08:00,2792.5
2025-09-25 02:10:00+08:00,2787.2
2025-09-25 02:20:00+08:00,2762.5
2025-09-25 02:30:00+08:00,2761.6
2025-09-25 02:40:00+08:00,2733.9
2025-09-25 02:50:00+08:00,2734.3
2025-09-25 03:00:00+08:00,2717.4
2025-09-25 03:10:00+08:00,2696.6
2025-09-25 03:20:00+08:00,2697.6
2025-09-25 03:30:00+08:00,2685.3
2025-09-25 03:40:00+08:00,2693.2
2025-09-25 03:50:00+08:00,2684.1
2025-09-25 04:00:00+08:00,2668.8
2025-09-25 04:10:00+08:00,2671.0
2025-09-25 04:20:00+08:00,2664.8
2025-09-25 04:30:00+08:00,2660.9
2025-09-25 04:40:00+08:00,2661.0
2025-09-25 04:50:00+08:00,2660.6
2025-09-25 05:00:00+08:00,2664.8
2025-09-25 05:10:00+08:00,2675.2
2025-09-25 05:20:00+08:00,2662.8
2025-09-25 05:30:00+08:00,2658.7
2025-09-25 05:40:00+08:00,2654.8
2025-09-25 05:50:00+08:00,2650.2
2025-09-25 06:00:00+08:00,2671.9
2025-09-25 06:10:00+08:00,2683.4
2025-09-25 06:20:00+08:00,2685.9
2025-09-25 06:30:00+08:00,2669.7
2025-09-25 06:40:00+08:00,2719.1
2025-09-25 06:50:00+08:00,2724.6
2025-09-25 07:00:00+08:00,2748.3
2025-09-25 07:10:00+08:00,2792.2
2025-09-25 07:20:00+08:00,2854.4
2025-09-25 07:30:00+08:00,2889.0
2025-09-25 07:40:00+08:00,2943.8
2025-09-25 07:50:00+08:00,3049.8
2025-09-25 08:00:00+08:00,3124.8
2025-09-25 08:10:00+08:00,3276.7
2025-09-25 08:20:00+08:00,3357.0
2025-09-25 08:30:00+08:00,3426.6
2025-09-25 08:40:00+08:00,3438.1
2025-09-25 08:50:00+08:00,3447.9
2025-09-25 09:00:00+08:00,3526.1
2025-09-25 09:10:00+08:00,3532.7
2025-09-25 09:20:00+08:00,3555.9
2025-09-25 09:30:00+08:00,3567.8
2025-09-25 09:40:00+08:00,3565.8
2025-09-25 09:50:00+08:00,3598.1
2025-09-25 10:00:00+08:00,3631.6
2025-09-25 10:10:00+08:00,3649.1
2025-09-25 10:20:00+08:00,3683.7
2025-09-25 10:30:00+08:00,3692.4
2025-09-25 10:40:00+08:00,3710.2
2025-09-25 10:50:00+08:00,3706.1
2025-09-25 11:00:00+08:00,3738.9
2025-09-25 11:10:00+08:00,3739.5
2025-09-25 11:20:00+08:00,3771.7
2025-09-25 11:30:00+08:00,3784.5
2025-09-25 11:40:00+08:00,3766.7
2025-09-25 11:50:00+08:00,3766.8
2025-09-25 12:00:00+08:00,3726.0
2025-09-25 12:10:00+08:00,3653.1
2025-09-25 12:20:00+08:00,3668.6
2025-09-25 12:30:00+08:00,3658.0
2025-09-25 12:40:00+08:00,3676.3
2025-09-25 12:50:00+08:00,3669.8
2025-09-25 13:00:00+08:00,3716.0
2025-09-25 13:10:00+08:00,3807.3
2025-09-25 13:20:00+08:00,3829.0
2025-09-25 13:30:00+08:00,3862.5
2025-09-25 13:40:00+08:00,3883.1
2025-09-25 13:50:00+08:00,3866.7
2025-09-25 14:00:00+08:00,3896.9
2025-09-25 14:10:00+08:00,3888.7
2025-09-25 14:20:00+08:00,3879.1
2025-09-25 14:30:00+08:00,3867.7
2025-09-25 14:40:00+08:00,3868.7
2025-09-25 14:50:00+08:00,3868.5
2025-09-25 15:00:00+08:00,3841.5
2025-09-25 15:10:00+08:00,3840.8
2025-09-25 15:20:00+08:00,3835.6
2025-09-25 15:30:00+08:00,3827.6
2025-09-25 15:40:00+08:00,3819.2
2025-09-25 15:50:00+08:00,3838.5
2025-09-25 16:00:00+08:00,3787.9
2025-09-25 16:10:00+08:00,3774.6
2025-09-25 16:20:00+08:00,3762.0
2025-09-25 16:30:00+08:00,3761.7
2025-09-25 16:40:00+08:00,3748.6
2025-09-25 16:50:00+08:00,3716.3
2025-09-25 17:00:00+08:00,3656.0
2025-09-25 17:10:00+08:00,3597.9
2025-09-25 17:20:00+08:00,3561.2
2025-09-25 17:30:00+08:00,3555.4
2025-09-25 17:40:00+08:00,3547.9
2025-09-25 17:50:00+08:00,3559.8
2025-09-25 18:00:00+08:00,3550.4
2025-09-25 18:10:00+08:00,3540.4
2025-09-25 18:20:00+08:00,3539.2
2025-09-25 18:30:00+08:00,3540.4
2025-09-25 18:40:00+08:00,3535.8
2025-09-25 18:50:00+08:00,3526.6
2025-09-25 19:00:00+08:00,3518.7
2025-09-25 19:10:00+08:00,3502.1
2025-09-25 19:20:00+08:00,3505.9
2025-09-25 19:30:00+08:00,3493.4
2025-09-25 19:40:00+08:00,3483.5
2025-09-25 19:50:00+08:00,3484.0
2025-09-25 20:00:00+08:00,3470.0
2025-09-25 20:10:00+08:00,3455.4
2025-09-25 20:20:00+08:00,3451.1
2025-09-25 20:30:00+08:00,3440.7
2025-09-25 20:40:00+08:00,3433.8
2025-09-25 20:50:00+08:00,3425.8
2025-09-25 21:00:00+08:00,3418.2
2025-09-25 21:10:00+08:00,3397.6
2025-09-25 21:20:00+08:00,3381.1
2025-09-25 21:30:00+08:00,3370.8
2025-09-25 21:40:00+08:00,3363.0
2025-09-25 21:50:00+08:00,3349.4
2025-09-25 22:00:00+08:00,3326.9
2025-09-25 22:10:00+08:00,3349.3
2025-09-25 22:20:00+08:00,3329.3
2025-09-25 22:30:00+08:00,3304.8
2025-09-25 22:40:00+08:00,3292.5
2025-09-25 22:50:00+08:00,3273.2
2025-09-25 23:00:00+08:00,3230.9
2025-09-25 23:10:00+08:00,3211.6
2025-09-25 23:20:00+08:00,3194.3
2025-09-25 23:30:00+08:00,3166.9
2025-09-25 23:40:00+08:00,3145.7
2025-09-25 23:50:00+08:00,3113.2
2025-09-26 00:00:00+08:00,3060.3
2025-09-26 00:10:00+08:00,3082.0
2025-09-26 00:20:00+08:00,3074.9
2025-09-26 00:30:00+08:00,3028.3
2025-09-26 00:40:00+08:00,3028.1
2025-09-26 00:50:00+08:00,2995.1
2025-09-26 01:00:00+08:00,2985.8
2025-09-26 01:10:00+08:00,2971.2
2025-09-26 01:20:00+08:00,2936.0
2025-09-26 01:30:00+08:00,2920.9
2025-09-26 01:40:00+08:00,2908.2
2025-09-26 01:50:00+08:00,2905.2
2025-09-26 02:00:00+08:00,2883.7
2025-09-26 02:10:00+08:00,2879.2
2025-09-26 02:20:00+08:00,2864.2
2025-09-26 02:30:00+08:00,2848.3
2025-09-26 02:40:00+08:00,2838.3
2025-09-26 02:50:00+08:00,2810.2
2025-09-26 03:00:00+08:00,2808.2
2025-09-26 03:10:00+08:00,2802.1
2025-09-26 03:20:00+08:00,2810.1
2025-09-26 03:30:00+08:00,2779.1
2025-09-26 03:40:00+08:00,2773.6
2025-09-26 03:50:00+08:00,2776.7
2025-09-26 04:00:00+08:00,2770.3
2025-09-26 04:10:00+08:00,2766.5
2025-09-26 04:20:00+08:00,2770.4
2025-09-26 04:30:00+08:00,2739.8
2025-09-26 04:40:00+08:00,2744.5
2025-09-26 04:50:00+08:00,2747.1
2025-09-26 05:00:00+08:00,2736.5
2025-09-26 05:10:00+08:00,2742.3
2025-09-26 05:20:00+08:00,2736.6
2025-09-26 05:30:00+08:00,2738.3
2025-09-26 05:40:00+08:00,2741.1
2025-09-26 05:50:00+08:00,2734.0
2025-09-26 06:00:00+08:00,2738.6
2025-09-26 06:10:00+08:00,2757.8
2025-09-26 06:20:00+08:00,2766.2
2025-09-26 06:30:00+08:00,2784.3
2025-09-26 06:40:00+08:00,2807.1
2025-09-26 06:50:00+08:00,2825.4
2025-09-26 07:00:00+08:00,2842.2
2025-09-26 07:10:00+08:00,2878.6
2025-09-26 07:20:00+08:00,2885.9
2025-09-26 07:30:00+08:00,2953.7
2025-09-26 07:40:00+08:00,2990.8
2025-09-26 07:50:00+08:00,3061.7
2025-09-26 08:00:00+08:00,3158.2
2025-09-26 08:10:00+08:00,3308.4
2025-09-26 08:20:00+08:00,3371.1
2025-09-26 08:30:00+08:00,3403.8
2025-09-26 08:40:00+08:00,3451.0
2025-09-26 08:50:00+08:00,3493.4
2025-09-26 09:00:00+08:00,3506.5
2025-09-26 09:10:00+08:00,3498.3
2025-09-26 09:20:00+08:00,3514.4
2025-09-26 09:30:00+08:00,3544.8
2025-09-26 09:40:00+08:00,3573.5
2025-09-26 09:50:00+08:00,3571.6
2025-09-26 10:00:00+08:00,3595.7
2025-09-26 10:10:00+08:00,3588.9
2025-09-26 10:20:00+08:00,3600.7
2025-09-26 10:30:00+08:00,3631.3
2025-09-26 10:40:00+08:00,3661.8
2025-09-26 10:50:00+08:00,3670.6
2025-09-26 11:00:00+08:00,3673.7
2025-09-26 11:10:00+08:00,3700.1
2025-09-26 11:20:00+08:00,3687.2
2025-09-26 11:30:00+08:00,3684.9
2025-09-26 11:40:00+08:00,3668.8
2025-09-26 11:50:00+08:00,3667.9
2025-09-26 12:00:00+08:00,3598.3
2025-09-26 12:10:00+08:00,3574.8
2025-09-26 12:20:00+08:00,3569.7
2025-09-26 12:30:00+08:00,3549.3
2025-09-26 12:40:00+08:00,3545.6
2025-09-26 12:50:00+08:00,3540.0
2025-09-26 13:00:00+08:00,3594.1
2025-09-26 13:10:00+08:00,3673.0
2025-09-26 13:20:00+08:00,3686.8
2025-09-26 13:30:00+08:00,3688.6
2025-09-26 13:40:00+08:00,3717.9
2025-09-26 13:50:00+08:00,3710.4
2025-09-26 14:00:00+08:00,3676.1
2025-09-26 14:10:00+08:00,3678.8
2025-09-26 14:20:00+08:00,3662.5
2025-09-26 14:30:00+08:00,3687.2
2025-09-26 14:40:00+08:00,3690.6
2025-09-26 14:50:00+08:00,3662.0
2025-09-26 15:00:00+08:00,3643.5
2025-09-26 15:10:00+08:00,3632.9
2025-09-26 15:20:00+08:00,3638.7
2025-09-26 15:30:00+08:00,3627.0
2025-09-26 15:40:00+08:00,3625.2
2025-09-26 15:50:00+08:00,3620.9
2025-09-26 16:00:00+08:00,3602.5
2025-09-26 16:10:00+08:00,3591.5
2025-09-26 16:20:00+08:00,3577.1
2025-09-26 16:30:00+08:00,3561.5
2025-09-26 16:40:00+08:00,3549.2
2025-09-26 16:50:00+08:00,3534.6
2025-09-26 17:00:00+08:00,3467.0
2025-09-26 17:10:00+08:00,3439.9
2025-09-26 17:20:00+08:00,3449.1
2025-09-26 17:30:00+08:00,3439.4
2025-09-26 17:40:00+08:00,3438.7
2025-09-26 17:50:00+08:00,3447.2
2025-09-26 18:00:00+08:00,3448.9
2025-09-26 18:10:00+08:00,3456.2
2025-09-26 18:20:00+08:00,3465.0
2025-09-26 18:30:00+08:00,3453.4
2025-09-26 18:40:00+08:00,3445.3
2025-09-26 18:50:00+08:00,3437.6
2025-09-26 19:00:00+08:00,3426.9
2025-09-26 19:10:00+08:00,3407.6
2025-09-26 19:20:00+08:00,3400.0
2025-09-26 19:30:00+08:00,3397.2
2025-09-26 19:40:00+08:00,3388.9
2025-09-26 19:50:00+08:00,3385.0
2025-09-26 20:00:00+08:00,3366.0
2025-09-26 20:10:00+08:00,3364.6
2025-09-26 20:20:00+08:00,3358.1
2025-09-26 20:30:00+08:00,3345.2
2025-09-26 20:40:00+08:00,3329.1
2025-09-26 20:50:00+08:00,3323.3
2025-09-26 21:00:00+08:00,3309.7
2025-09-26 21:10:00+08:00,3290.9
2025-09-26 21:20:00+08:00,3275.9
2025-09-26 21:30:00+08:00,3275.9
2025-09-26 21:40:00+08:00,3272.2
2025-09-26 21:50:00+08:00,3257.0
2025-09-26 22:00:00+08:00,3237.7
2025-09-26 22:10:00+08:00,3269.2
2025-09-26 22:20:00+08:00,3255.1
2025-09-26 22:30:00+08:00,3237.2
2025-09-26 22:40:00+08:00,3211.9
2025-09-26 22:50:00+08:00,3187.1
2025-09-26 23:00:00+08:00,3172.2
2025-09-26 23:10:00+08:00,3142.4
2025-09-26 23:20:00+08:00,3142.0
2025-09-26 23:30:00+08:00,3113.2
2025-09-26 23:40:00+08:00,3092.2
2025-09-26 23:50:00+08:00,3092.6
2025-09-27 00:00:00+08:00,3037.4
2025-09-27 00:10:00+08:00,3051.6
2025-09-27 00:20:00+08:00,3023.7
2025-09-27 00:30:00+08:00,3010.8
2025-09-27 00:40:00+08:00,2996.1
2025-09-27 00:50:00+08:00,2987.0
2025-09-27 01:00:00+08:00,2970.1
2025-09-27 01:10:00+08:00,2942.5
2025-09-27 01:20:00+08:00,2927.3
2025-09-27 01:30:00+08:00,2901.1
2025-09-27 01:40:00+08:00,2898.5
2025-09-27 01:50:00+08:00,2862.8
2025-09-27 02:00:00+08:00,2846.7
2025-09-27 02:10:00+08:00,2843.8
2025-09-27 02:20:00+08:00,2823.6
2025-09-27 02:30:00+08:00,2807.8
2025-09-27 02:40:00+08:00,2785.3
2025-09-27 02:50:00+08:00,2791.3
2025-09-27 03:00:00+08:00,2764.6
2025-09-27 03:10:00+08:00,2739.0
2025-09-27 03:20:00+08:00,2738.4
2025-09-27 03:30:00+08:00,2737.1
2025-09-27 03:40:00+08:00,2727.3
2025-09-27 03:50:00+08:00,2699.5
2025-09-27 04:00:00+08:00,2707.2
2025-09-27 04:10:00+08:00,2713.6
2025-09-27 04:20:00+08:00,2701.4
2025-09-27 04:30:00+08:00,2694.7
2025-09-27 04:40:00+08:00,2700.7
2025-09-27 04:50:00+08:00,2678.7
2025-09-27 05:00:00+08:00,2681.3
2025-09-27 05:10:00+08:00,2671.2
2025-09-27 05:20:00+08:00,2669.6
2025-09-27 05:30:00+08:00,2683.8
2025-09-27 05:40:00+08:00,2664.8
2025-09-27 05:50:00+08:00,2657.4
2025-09-27 06:00:00+08:00,2641.8
2025-09-27 06:10:00+08:00,2633.8
2025-09-27 06:20:00+08:00,2651.1
2025-09-27 06:30:00+08:00,2647.7
2025-09-27 06:40:00+08:00,2636.0
2025-09-27 06:50:00+08:00,2671.4
2025-09-27 07:00:00+08:00,2680.8
2025-09-27 07:10:00+08:00,2669.7
2025-09-27 07:20:00+08:00,2724.7
2025-09-27 07:30:00+08:00,2744.3
2025-09-27 07:40:00+08:00,2732.2
2025-09-27 07:50:00+08:00,2779.7
2025-09-27 08:00:00+08:00,2798.6
2025-09-27 08:10:00+08:00,2865.0
2025-09-27 08:20:00+08:00,2864.7
2025-09-27 08:30:00+08:00,2919.8
2025-09-27 08:40:00+08:00,2969.2
2025-09-27 08:50:00+08:00,2948.3
2025-09-27 09:00:00+08:00,3005.4
2025-09-27 09:10:00+08:00,3046.4
2025-09-27 09:20:00+08:00,3046.4
2025-09-27 09:30:00+08:00,3093.6
2025-09-27 09:40:00+08:00,3115.9
2025-09-27 09:50:00+08:00,3123.5
2025-09-27 10:00:00+08:00,3139.0
2025-09-27 10:10:00+08:00,3167.8
2025-09-27 10:20:00+08:00,3194.3
2025-09-27 10:30:00+08:00,3206.5
2025-09-27 10:40:00+08:00,3247.2
2025-09-27 10:50:00+08:00,3265.7
2025-09-27 11:00:00+08:00,3276.5
2025-09-27 11:10:00+08:00,3291.2
2025-09-27 11:20:00+08:00,3313.9
2025-09-27 11:30:00+08:00,3327.9
2025-09-27 11:40:00+08:00,3328.7
2025-09-27 11:50:00+08:00,3339.3
2025-09-27 12:00:00+08:00,3337.7
2025-09-27 12:10:00+08:00,3318.1
2025-09-27 12:20:00+08:00,3321.7
2025-09-27 12:30:00+08:00,3309.9
2025-09-27 12:40:00+08:00,3364.2
2025-09-27 12:50:00+08:00,3378.8
2025-09-27 13:00:00+08:00,3376.9
2025-09-27 13:10:00+08:00,3390.0
2025-09-27 13:20:00+08:00,3400.9
2025-09-27 13:30:00+08:00,3418.1
2025-09-27 13:40:00+08:00,3402.9
2025-09-27 13:50:00+08:00,3410.5
2025-09-27 14:00:00+08:00,3403.0
2025-09-27 14:10:00+08:00,3410.9
2025-09-27 14:20:00+08:00,3402.4
2025-09-27 14:30:00+08:00,3411.0
2025-09-27 14:40:00+08:00,3412.6
2025-09-27 14:50:00+08:00,3413.1
2025-09-27 15:00:00+08:00,3406.5
2025-09-27 15:10:00+08:00,3372.9
2025-09-27 15:20:00+08:00,3371.1
2025-09-27 15:30:00+08:00,3370.4
2025-09-27 15:40:00+08:00,3364.2
2025-09-27 15:50:00+08:00,3373.6
2025-09-27 16:00:00+08:00,3363.3
2025-09-27 16:10:00+08:00,3368.2
2025-09-27 16:20:00+08:00,3364.2
2025-09-27 16:30:00+08:00,3352.0
2025-09-27 16:40:00+08:00,3352.5
2025-09-27 16:50:00+08:00,3324.3
2025-09-27 17:00:00+08:00,3320.6
2025-09-27 17:10:00+08:00,3293.5
2025-09-27 17:20:00+08:00,3302.3
2025-09-27 17:30:00+08:00,3279.9
2025-09-27 17:40:00+08:00,3300.6
2025-09-27 17:50:00+08:00,3301.7
2025-09-27 18:00:00+08:00,3325.6
2025-09-27 18:10:00+08:00,3330.7
2025-09-27 18:20:00+08:00,3306.4
2025-09-27 18:30:00+08:00,3311.3
2025-09-27 18:40:00+08:00,3304.8
2025-09-27 18:50:00+08:00,3301.7
2025-09-27 19:00:00+08:00,3313.4
2025-09-27 19:10:00+08:00,3331.0
2025-09-27 19:20:00+08:00,3302.0
2025-09-27 19:30:00+08:00,3302.7
2025-09-27 19:40:00+08:00,3281.0
2025-09-27 19:50:00+08:00,3286.3
2025-09-27 20:00:00+08:00,3279.7
2025-09-27 20:10:00+08:00,3271.7
2025-09-27 20:20:00+08:00,3257.4
2025-09-27 20:40:00+08:00,3288.4
2025-09-27 20:50:00+08:00,3266.5
2025-09-27 21:10:00+08:00,3268.0
2025-09-27 21:40:00+08:00,3255.7
2025-09-27 21:50:00+08:00,3226.5
2025-09-27 22:00:00+08:00,3213.4
2025-09-27 22:10:00+08:00,3186.4
2025-09-27 22:20:00+08:00,3172.0
2025-09-27 22:30:00+08:00,3178.9
2025-09-27 22:40:00+08:00,3143.9
2025-09-27 22:50:00+08:00,3138.2
2025-09-27 23:00:00+08:00,3098.9
2025-09-27 23:10:00+08:00,3070.7
2025-09-27 23:20:00+08:00,3067.8
2025-09-27 23:30:00+08:00,3037.8
2025-09-27 23:40:00+08:00,3018.8
2025-09-27 23:50:00+08:00,3002.6
2025-09-28 00:00:00+08:00,2954.4
2025-09-28 00:10:00+08:00,2946.4
2025-09-28 00:20:00+08:00,2936.6
2025-09-28 00:30:00+08:00,2904.5
2025-09-28 00:40:00+08:00,2907.8
2025-09-28 00:50:00+08:00,2876.3
2025-09-28 01:00:00+08:00,2865.3
2025-09-28 01:10:00+08:00,2850.7
2025-09-28 01:20:00+08:00,2826.3
2025-09-28 01:30:00+08:00,2824.7
2025-09-28 01:40:00+08:00,2806.2
2025-09-28 01:50:00+08:00,2773.5
2025-09-28 02:00:00+08:00,2765.3
2025-09-28 02:10:00+08:00,2739.8
2025-09-28 02:20:00+08:00,2738.4
2025-09-28 02:30:00+08:00,2716.6
2025-09-28 02:40:00+08:00,2705.9
2025-09-28 02:50:00+08:00,2686.7
2025-09-28 03:00:00+08:00,2671.7
2025-09-28 03:10:00+08:00,2672.8
2025-09-28 03:20:00+08:00,2664.8
2025-09-28 03:30:00+08:00,2647.2
2025-09-28 03:40:00+08:00,2623.7
2025-09-28 03:50:00+08:00,2637.7
2025-09-28 04:00:00+08:00,2612.1
2025-09-28 04:10:00+08:00,2611.8
2025-09-28 04:20:00+08:00,2614.8
2025-09-28 04:30:00+08:00,2590.8
2025-09-28 04:40:00+08:00,2588.8
2025-09-28 04:50:00+08:00,2605.4
2025-09-28 05:00:00+08:00,2614.3
2025-09-28 05:10:00+08:00,2593.7
2025-09-28 05:20:00+08:00,2597.4
2025-09-28 05:30:00+08:00,2579.6
2025-09-28 05:40:00+08:00,2605.3
2025-09-28 05:50:00+08:00,2573.1
2025-09-28 06:00:00+08:00,2566.0
2025-09-28 06:10:00+08:00,2566.9
2025-09-28 06:20:00+08:00,2561.1
2025-09-28 06:30:00+08:00,2557.0
2025-09-28 06:40:00+08:00,2546.6
2025-09-28 06:50:00+08:00,2547.2
2025-09-28 07:00:00+08:00,2550.6
2025-09-28 07:10:00+08:00,2584.4
2025-09-28 07:20:00+08:00,2594.8
2025-09-28 07:30:00+08:00,2600.9
2025-09-28 07:40:00+08:00,2608.0
2025-09-28 07:50:00+08:00,2646.6
2025-09-28 08:00:00+08:00,2660.2
2025-09-28 08:10:00+08:00,2678.5
2025-09-28 08:20:00+08:00,2717.0
2025-09-28 08:30:00+08:00,2741.1
2025-09-28 08:40:00+08:00,2782.2
2025-09-28 08:50:00+08:00,2809.4
2025-09-28 09:00:00+08:00,2841.5
2025-09-28 09:10:00+08:00,2815.8
2025-09-28 09:20:00+08:00,2842.7
2025-09-28 09:30:00+08:00,2889.9
2025-09-28 09:40:00+08:00,2892.4
2025-09-28 09:50:00+08:00,2921.9
2025-09-28 10:00:00+08:00,2950.3
2025-09-28 10:10:00+08:00,2993.2
2025-09-28 10:20:00+08:00,2990.4
2025-09-28 10:30:00+08:00,3006.7
2025-09-28 10:40:00+08:00,3034.4
2025-09-28 10:50:00+08:00,3037.6
2025-09-28 11:00:00+08:00,3063.6
2025-09-28 11:10:00+08:00,3105.2
2025-09-28 11:20:00+08:00,3117.3
2025-09-28 11:30:00+08:00,3133.4
2025-09-28 11:40:00+08:00,3134.9
2025-09-28 11:50:00+08:00,3151.4
2025-09-28 12:00:00+08:00,3160.9
2025-09-28 12:10:00+08:00,3157.7
2025-09-28 12:20:00+08:00,3156.8
2025-09-28 12:30:00+08:00,3185.4
2025-09-28 12:40:00+08:00,3205.8
2025-09-28 12:50:00+08:00,3205.0
2025-09-28 13:00:00+08:00,3201.6
2025-09-28 13:10:00+08:00,3215.1
2025-09-28 13:20:00+08:00,3193.0
2025-09-28 13:30:00+08:00,3243.1
2025-09-28 13:40:00+08:00,3229.4
2025-09-28 13:50:00+08:00,3212.9
2025-09-28 14:00:00+08:00,3244.5
2025-09-28 14:10:00+08:00,3226.6
2025-09-28 14:20:00+08:00,3229.5
2025-09-28 14:30:00+08:00,3218.6
2025-09-28 14:40:00+08:00,3206.8
2025-09-28 14:50:00+08:00,3197.4
2025-09-28 15:00:00+08:00,3225.7
2025-09-28 15:10:00+08:00,3208.5
2025-09-28 15:20:00+08:00,3202.4
2025-09-28 15:30:00+08:00,3186.5
2025-09-28 15:40:00+08:00,3201.6
2025-09-28 15:50:00+08:00,3183.4
2025-09-28 16:00:00+08:00,3189.7
2025-09-28 16:10:00+08:00,3172.9
2025-09-28 16:20:00+08:00,3187.2
2025-09-28 16:30:00+08:00,3195.1
2025-09-28 16:40:00+08:00,3187.1
2025-09-28 16:50:00+08:00,3186.9
2025-09-28 17:00:00+08:00,3178.9
2025-09-28 17:10:00+08:00,3181.4
2025-09-28 17:20:00+08:00,3180.8
2025-09-28 17:30:00+08:00,3184.9
2025-09-28 17:40:00+08:00,3198.7
2025-09-28 17:50:00+08:00,3200.4
2025-09-28 18:00:00+08:00,3221.1
2025-09-28 18:10:00+08:00,3211.3
2025-09-28 18:20:00+08:00,3244.9
2025-09-28 18:30:00+08:00,3248.8
2025-09-28 18:40:00+08:00,3226.1
2025-09-28 18:50:00+08:00,3231.6
2025-09-28 19:00:00+08:00,3231.0
2025-09-28 19:10:00+08:00,3227.4
2025-09-28 19:20:00+08:00,3221.3
2025-09-28 19:30:00+08:00,3230.0
2025-09-28 19:40:00+08:00,3248.5
2025-09-28 19:50:00+08:00,3239.1
2025-09-28 20:00:00+08:00,3218.7
2025-09-28 20:10:00+08:00,3222.9
2025-09-28 20:20:00+08:00,3224.5
2025-09-28 20:30:00+08:00,3223.4
2025-09-28 20:40:00+08:00,3218.4
2025-09-28 20:50:00+08:00,3220.1
2025-09-28 21:00:00+08:00,3219.1
2025-09-28 21:10:00+08:00,3207.9
2025-09-28 21:20:00+08:00,3201.5
2025-09-28 21:30:00+08:00,3195.9
2025-09-28 21:40:00+08:00,3196.9
2025-09-28 21:50:00+08:00,3163.9
2025-09-28 22:00:00+08:00,3136.6
2025-09-28 22:10:00+08:00,3122.0
2025-09-28 22:20:00+08:00,3143.7
2025-09-28 22:30:00+08:00,3116.9
2025-09-28 22:40:00+08:00,3092.7
2025-09-28 22:50:00+08:00,3070.2
2025-09-28 23:00:00+08:00,3048.0
2025-09-28 23:10:00+08:00,3039.7
2025-09-28 23:20:00+08:00,3008.5
2025-09-28 23:30:00+08:00,2984.9
2025-09-28 23:40:00+08:00,2969.2
2025-09-28 23:50:00+08:00,2946.9
2025-09-29 00:00:00+08:00,2917.2
2025-09-29 00:10:00+08:00,2926.4
2025-09-29 00:20:00+08:00,2889.2
2025-09-29 00:30:00+08:00,2876.8
2025-09-29 00:40:00+08:00,2862.8
2025-09-29 00:50:00+08:00,2845.4
2025-09-29 01:00:00+08:00,2839.5
2025-09-29 01:10:00+08:00,2813.8
2025-09-29 01:20:00+08:00,2766.1
2025-09-29 01:30:00+08:00,2767.3
2025-09-29 01:40:00+08:00,2751.1
2025-09-29 01:50:00+08:00,2719.6
2025-09-29 02:00:00+08:00,2713.0
2025-09-29 02:10:00+08:00,2711.5
2025-09-29 02:20:00+08:00,2683.5
2025-09-29 02:30:00+08:00,2688.6
2025-09-29 02:40:00+08:00,2665.2
2025-09-29 02:50:00+08:00,2644.7
2025-09-29 03:00:00+08:00,2656.6
2025-09-29 03:10:00+08:00,2662.6
2025-09-29 03:20:00+08:00,2623.6
2025-09-29 03:30:00+08:00,2611.7
2025-09-29 03:40:00+08:00,2608.2
2025-09-29 03:50:00+08:00,2598.1
2025-09-29 04:00:00+08:00,2607.3
2025-09-29 04:10:00+08:00,2588.9
2025-09-29 04:20:00+08:00,2605.6
2025-09-29 04:30:00+08:00,2588.5
2025-09-29 04:40:00+08:00,2585.9
2025-09-29 04:50:00+08:00,2566.6
2025-09-29 05:00:00+08:00,2549.4
2025-09-29 05:10:00+08:00,2564.0
2025-09-29 05:20:00+08:00,2579.9
2025-09-29 05:30:00+08:00,2573.5
2025-09-29 05:40:00+08:00,2542.2
2025-09-29 05:50:00+08:00,2539.4
2025-09-29 06:00:00+08:00,2541.8
2025-09-29 06:10:00+08:00,2553.9
2025-09-29 06:20:00+08:00,2542.8
2025-09-29 06:30:00+08:00,2534.6
2025-09-29 06:40:00+08:00,2569.0
2025-09-29 06:50:00+08:00,2566.1
2025-09-29 07:00:00+08:00,2570.8
2025-09-29 07:10:00+08:00,2590.4
2025-09-29 07:20:00+08:00,2598.3
2025-09-29 07:30:00+08:00,2618.5
2025-09-29 07:40:00+08:00,2663.0
2025-09-29 07:50:00+08:00,2702.2
2025-09-29 08:00:00+08:00,2740.0
2025-09-29 08:10:00+08:00,2797.3
2025-09-29 08:20:00+08:00,2819.4
2025-09-29 08:30:00+08:00,2843.0
2025-09-29 08:40:00+08:00,2899.3
2025-09-29 08:50:00+08:00,2896.0
2025-09-29 09:00:00+08:00,2920.3
2025-09-29 09:10:00+08:00,2945.8
2025-09-29 09:20:00+08:00,2983.3
2025-09-29 09:30:00+08:00,2992.6
2025-09-29 09:40:00+08:00,2996.1
2025-09-29 09:50:00+08:00,3020.8
2025-09-29 10:00:00+08:00,3029.2
2025-09-29 10:10:00+08:00,3062.8
2025-09-29 10:20:00+08:00,3067.5
2025-09-29 10:30:00+08:00,3107.3
2025-09-29 10:40:00+08:00,3115.1
2025-09-29 10:50:00+08:00,3153.2
2025-09-29 11:00:00+08:00,3186.3
2025-09-29 11:10:00+08:00,3197.2
2025-09-29 11:20:00+08:00,3207.8
2025-09-29 11:30:00+08:00,3211.0
2025-09-29 11:40:00+08:00,3247.3
2025-09-29 11:50:00+08:00,3249.8
2025-09-29 12:00:00+08:00,3250.1
2025-09-29 12:10:00+08:00,3235.7
2025-09-29 12:20:00+08:00,3212.1
2025-09-29 12:30:00+08:00,3228.8
2025-09-29 12:40:00+08:00,3238.4
2025-09-29 12:50:00+08:00,3227.7
2025-09-29 13:00:00+08:00,3261.7
2025-09-29 13:10:00+08:00,3285.8
2025-09-29 13:20:00+08:00,3288.2
2025-09-29 13:30:00+08:00,3289.6
2025-09-29 13:40:00+08:00,3294.4
2025-09-29 13:50:00+08:00,3296.4
2025-09-29 14:00:00+08:00,3316.0
2025-09-29 14:10:00+08:00,3303.6
2025-09-29 14:20:00+08:00,3299.7
2025-09-29 14:30:00+08:00,3307.2
2025-09-29 14:40:00+08:00,3289.0
2025-09-29 14:50:00+08:00,3301.4
2025-09-29 15:00:00+08:00,3277.7
2025-09-29 15:10:00+08:00,3282.1
2025-09-29 15:20:00+08:00,3264.6
2025-09-29 15:30:00+08:00,3267.5
2025-09-29 15:40:00+08:00,3259.2
2025-09-29 15:50:00+08:00,3262.3
2025-09-29 16:00:00+08:00,3255.8
2025-09-29 16:10:00+08:00,3245.3
2025-09-29 16:20:00+08:00,3251.2
2025-09-29 16:30:00+08:00,3246.9
2025-09-29 16:40:00+08:00,3238.0
2025-09-29 16:50:00+08:00,3222.9
2025-09-29 17:00:00+08:00,3213.8
2025-09-29 17:10:00+08:00,3207.7
2025-09-29 17:20:00+08:00,3216.2
2025-09-29 17:30:00+08:00,3215.0
2025-09-29 17:40:00+08:00,3220.8
2025-09-29 17:50:00+08:00,3233.8
2025-09-29 18:00:00+08:00,3233.8
2025-09-29 18:10:00+08:00,3265.4
2025-09-29 18:20:00+08:00,3265.0
2025-09-29 18:30:00+08:00,3262.8
2025-09-29 18:40:00+08:00,3267.8
2025-09-29 18:50:00+08:00,3267.7
2025-09-29 19:00:00+08:00,3272.3
2025-09-29 19:10:00+08:00,3266.2
2025-09-29 19:20:00+08:00,3241.3
2025-09-29 19:30:00+08:00,3245.5
2025-09-29 19:40:00+08:00,3243.1
2025-09-29 19:50:00+08:00,3242.4
2025-09-29 20:00:00+08:00,3254.2
2025-09-29 20:10:00+08:00,3240.5
2025-09-29 20:20:00+08:00,3237.3
2025-09-29 20:30:00+08:00,3245.8
2025-09-29 20:40:00+08:00,3236.5
2025-09-29 20:50:00+08:00,3235.4
2025-09-29 21:00:00+08:00,3217.6
2025-09-29 21:10:00+08:00,3210.2
2025-09-29 21:20:00+08:00,3192.5
2025-09-29 21:30:00+08:00,3177.5
2025-09-29 21:40:00+08:00,3169.0
2025-09-29 21:50:00+08:00,3174.4
2025-09-29 22:00:00+08:00,3156.9
2025-09-29 22:10:00+08:00,3135.3
2025-09-29 22:20:00+08:00,3139.2
2025-09-29 22:30:00+08:00,3135.8
2025-09-29 22:40:00+08:00,3076.6
2025-09-29 22:50:00+08:00,3080.6
2025-09-29 23:00:00+08:00,3055.2
2025-09-29 23:10:00+08:00,3025.9
2025-09-29 23:20:00+08:00,3016.5
2025-09-29 23:30:00+08:00,2995.5
2025-09-29 23:40:00+08:00,2940.6
2025-09-29 23:50:00+08:00,2944.9
2025-09-30 00:00:00+08:00,2907.0
2025-09-30 00:10:00+08:00,2908.0
2025-09-30 00:20:00+08:00,2911.4
2025-09-30 00:30:00+08:00,2871.2
2025-09-30 00:40:00+08:00,2858.0
2025-09-30 00:50:00+08:00,2841.8
2025-09-30 01:00:00+08:00,2830.3
2025-09-30 01:10:00+08:00,2781.5
2025-09-30 01:20:00+08:00,2776.0
2025-09-30 01:30:00+08:00,2760.1
2025-09-30 01:40:00+08:00,2744.6
2025-09-30 01:50:00+08:00,2756.4
2025-09-30 02:00:00+08:00,2719.5
2025-09-30 02:10:00+08:00,2713.4
2025-09-30 02:20:00+08:00,2706.3
2025-09-30 02:30:00+08:00,2673.2
2025-09-30 02:40:00+08:00,2662.0
2025-09-30 02:50:00+08:00,2650.8
2025-09-30 03:00:00+08:00,2660.1
2025-09-30 03:10:00+08:00,2659.8
2025-09-30 03:20:00+08:00,2648.4
2025-09-30 03:30:00+08:00,2646.4
2025-09-30 03:40:00+08:00,2623.1
2025-09-30 03:50:00+08:00,2617.3
2025-09-30 04:00:00+08:00,2627.2
2025-09-30 04:10:00+08:00,2626.2
2025-09-30 04:20:00+08:00,2621.6
2025-09-30 04:30:00+08:00,2609.4
2025-09-30 04:40:00+08:00,2605.5
2025-09-30 04:50:00+08:00,2598.2
2025-09-30 05:00:00+08:00,2627.3
2025-09-30 05:10:00+08:00,2625.5
2025-09-30 05:20:00+08:00,2628.0
2025-09-30 05:30:00+08:00,2621.1
2025-09-30 05:40:00+08:00,2632.8
2025-09-30 05:50:00+08:00,2625.3
2025-09-30 06:00:00+08:00,2624.7
2025-09-30 06:10:00+08:00,2634.3
2025-09-30 06:20:00+08:00,2647.6
2025-09-30 06:30:00+08:00,2659.5
2025-09-30 06:40:00+08:00,2672.8
2025-09-30 06:50:00+08:00,2727.8
2025-09-30 07:00:00+08:00,2729.8
2025-09-30 07:10:00+08:00,2813.2
2025-09-30 07:20:00+08:00,2842.8
2025-09-30 07:30:00+08:00,2878.8
2025-09-30 07:40:00+08:00,2949.2
2025-09-30 07:50:00+08:00,3038.0
2025-09-30 08:00:00+08:00,3159.4
2025-09-30 08:10:00+08:00,3306.4
2025-09-30 08:20:00+08:00,3354.4
2025-09-30 08:30:00+08:00,3424.4
2025-09-30 08:40:00+08:00,3483.5
2025-09-30 08:50:00+08:00,3515.7
2025-09-30 09:00:00+08:00,3531.6
2025-09-30 09:10:00+08:00,3582.5
2025-09-30 09:20:00+08:00,3576.5
2025-09-30 09:30:00+08:00,3606.8
2025-09-30 09:40:00+08:00,3642.9
2025-09-30 09:50:00+08:00,3634.8
2025-09-30 10:00:00+08:00,3660.8
2025-09-30 10:10:00+08:00,3666.2
2025-09-30 10:20:00+08:00,3681.1
2025-09-30 10:30:00+08:00,3712.5
2025-09-30 10:40:00+08:00,3720.6
2025-09-30 10:50:00+08:00,3747.3
2025-09-30 11:00:00+08:00,3768.2
2025-09-30 11:10:00+08:00,3806.5
2025-09-30 11:20:00+08:00,3801.7
2025-09-30 11:30:00+08:00,3808.1
2025-09-30 11:40:00+08:00,3814.6
2025-09-30 11:50:00+08:00,3795.9
2025-09-30 12:00:00+08:00,3746.5
2025-09-30 12:10:00+08:00,3692.8
2025-09-30 12:20:00+08:00,3698.8
2025-09-30 12:30:00+08:00,3695.2
2025-09-30 12:40:00+08:00,3702.2
2025-09-30 12:50:00+08:00,3710.2
2025-09-30 13:00:00+08:00,3744.8
2025-09-30 13:10:00+08:00,3845.0
2025-09-30 13:20:00+08:00,3857.1
2025-09-30 13:30:00+08:00,3870.6
2025-09-30 13:40:00+08:00,3869.6
2025-09-30 13:50:00+08:00,3885.6
2025-09-30 14:00:00+08:00,3905.5
2025-09-30 14:10:00+08:00,3897.3
2025-09-30 14:20:00+08:00,3887.1
2025-09-30 14:30:00+08:00,3865.8
2025-09-30 14:40:00+08:00,3893.8
2025-09-30 14:50:00+08:00,3891.6
2025-09-30 15:00:00+08:00,3887.5
2025-09-30 15:10:00+08:00,3862.6
2025-09-30 15:20:00+08:00,3867.9
2025-09-30 15:30:00+08:00,3872.2
2025-09-30 15:40:00+08:00,3859.2
2025-09-30 15:50:00+08:00,3861.2
2025-09-30 16:00:00+08:00,3826.7
2025-09-30 16:10:00+08:00,3804.0
2025-09-30 16:20:00+08:00,3811.3
2025-09-30 16:30:00+08:00,3789.9
2025-09-30 16:40:00+08:00,3761.4
2025-09-30 16:50:00+08:00,3741.2
2025-09-30 17:00:00+08:00,3666.0
2025-09-30 17:10:00+08:00,3617.7
2025-09-30 17:20:00+08:00,3617.7
2025-09-30 17:30:00+08:00,3589.2
2025-09-30 17:40:00+08:00,3592.4
2025-09-30 17:50:00+08:00,3601.6
2025-09-30 18:00:00+08:00,3605.8
2025-09-30 18:10:00+08:00,3596.8
2025-09-30 18:20:00+08:00,3584.8
2025-09-30 18:30:00+08:00,3584.1
2025-09-30 18:40:00+08:00,3579.2
2025-09-30 18:50:00+08:00,3572.9
2025-09-30 19:00:00+08:00,3566.3
2025-09-30 19:10:00+08:00,3554.9
2025-09-30 19:20:00+08:00,3547.6
2025-09-30 19:30:00+08:00,3524.3
2025-09-30 19:40:00+08:00,3530.7
2025-09-30 19:50:00+08:00,3525.3
2025-09-30 20:00:00+08:00,3522.0
2025-09-30 20:10:00+08:00,3499.0
2025-09-30 20:20:00+08:00,3491.6
2025-09-30 20:30:00+08:00,3483.5
2025-09-30 20:40:00+08:00,3470.5
2025-09-30 20:50:00+08:00,3450.7
2025-09-30 21:00:00+08:00,3438.6
2025-09-30 21:10:00+08:00,3419.8
2025-09-30 21:20:00+08:00,3391.4
2025-09-30 21:30:00+08:00,3383.3
2025-09-30 21:40:00+08:00,3367.8
2025-09-30 21:50:00+08:00,3362.9
2025-09-30 22:00:00+08:00,3341.9
2025-09-30 22:10:00+08:00,3339.1
2025-09-30 22:20:00+08:00,3339.6
2025-09-30 22:30:00+08:00,3317.4
2025-09-30 22:40:00+08:00,3300.9
2025-09-30 22:50:00+08:00,3300.4
2025-09-30 23:00:00+08:00,3247.3
2025-09-30 23:10:00+08:00,3251.2
2025-09-30 23:20:00+08:00,3210.5
2025-09-30 23:30:00+08:00,3169.3
2025-09-30 23:40:00+08:00,3156.0
2025-09-30 23:50:00+08:00,3127.6
2025-10-01 00:00:00+08:00,3089.3
2025-10-01 00:10:00+08:00,3077.8
2025-10-01 00:20:00+08:00,3081.3
2025-10-01 00:30:00+08:00,3055.2
2025-10-01 00:40:00+08:00,3042.8
2025-10-01 00:50:00+08:00,3026.9
2025-10-01 01:00:00+08:00,3003.5
2025-10-01 01:10:00+08:00,2984.8
2025-10-01 01:20:00+08:00,2958.4
2025-10-01 01:30:00+08:00,2958.4
2025-10-01 01:40:00+08:00,2928.5
2025-10-01 01:50:00+08:00,2915.4
2025-10-01 02:00:00+08:00,2903.0
2025-10-01 02:10:00+08:00,2898.0
2025-10-01 02:20:00+08:00,2881.7
2025-10-01 02:30:00+08:00,2843.3
2025-10-01 02:40:00+08:00,2832.7
2025-10-01 02:50:00+08:00,2829.4
2025-10-01 03:00:00+08:00,2817.6
2025-10-01 03:10:00+08:00,2808.3
2025-10-01 03:20:00+08:00,2797.3
2025-10-01 03:30:00+08:00,2771.9
2025-10-01 03:40:00+08:00,2787.8
2025-10-01 03:50:00+08:00,2762.1
2025-10-01 04:00:00+08:00,2762.1
2025-10-01 04:10:00+08:00,2760.7
2025-10-01 04:20:00+08:00,2738.5
2025-10-01 04:30:00+08:00,2752.7
2025-10-01 04:40:00+08:00,2744.9
2025-10-01 04:50:00+08:00,2738.6
2025-10-01 05:00:00+08:00,2737.5
2025-10-01 05:10:00+08:00,2760.6
2025-10-01 05:20:00+08:00,2762.6
2025-10-01 05:30:00+08:00,2747.4
2025-10-01 05:40:00+08:00,2769.1
2025-10-01 05:50:00+08:00,2745.1
2025-10-01 06:00:00+08:00,2765.1
2025-10-01 06:10:00+08:00,2762.8
2025-10-01 06:20:00+08:00,2756.0
2025-10-01 06:30:00+08:00,2771.7
2025-10-01 06:40:00+08:00,2801.4
2025-10-01 06:50:00+08:00,2812.0
2025-10-01 07:00:00+08:00,2857.2
2025-10-01 07:10:00+08:00,2859.6
2025-10-01 07:20:00+08:00,2921.5
2025-10-01 07:30:00+08:00,2954.8
2025-10-01 07:40:00+08:00,3004.0
2025-10-01 07:50:00+08:00,3083.9
2025-10-01 08:00:00+08:00,3210.0
2025-10-01 08:10:00+08:00,3364.3
2025-10-01 08:20:00+08:00,3432.7
2025-10-01 08:30:00+08:00,3498.0
2025-10-01 08:40:00+08:00,3523.6
2025-10-01 08:50:00+08:00,3562.5
2025-10-01 09:00:00+08:00,3589.5
2025-10-01 09:10:00+08:00,3602.9
2025-10-01 09:20:00+08:00,3620.9
2025-10-01 09:30:00+08:00,3654.0
2025-10-01 09:40:00+08:00,3620.4
2025-10-01 09:50:00+08:00,3658.8
2025-10-01 10:00:00+08:00,3664.1
2025-10-01 10:10:00+08:00,3690.3
2025-10-01 10:20:00+08:00,3714.7
2025-10-01 10:30:00+08:00,3754.4
2025-10-01 10:40:00+08:00,3756.5
2025-10-01 10:50:00+08:00,3771.2
2025-10-01 11:00:00+08:00,3820.6
2025-10-01 11:10:00+08:00,3816.6
2025-10-01 11:20:00+08:00,3820.6
2025-10-01 11:30:00+08:00,3817.4
2025-10-01 11:40:00+08:00,3833.0
2025-10-01 11:50:00+08:00,3815.8
2025-10-01 12:00:00+08:00,3790.4
2025-10-01 12:10:00+08:00,3735.7
2025-10-01 12:20:00+08:00,3690.3
2025-10-01 12:30:00+08:00,3706.0
2025-10-01 12:40:00+08:00,3730.4
2025-10-01 12:50:00+08:00,3733.0
2025-10-01 13:00:00+08:00,3773.4
2025-10-01 13:10:00+08:00,3882.5
2025-10-01 13:20:00+08:00,3873.2
2025-10-01 13:30:00+08:00,3888.7
2025-10-01 13:40:00+08:00,3896.8
2025-10-01 13:50:00+08:00,3911.6
2025-10-01 14:00:00+08:00,3901.1
2025-10-01 14:10:00+08:00,3904.0
2025-10-01 14:20:00+08:00,3895.8
2025-10-01 14:30:00+08:00,3893.2
2025-10-01 14:40:00+08:00,3882.1
2025-10-01 14:50:00+08:00,3905.4
2025-10-01 15:00:00+08:00,3895.7
2025-10-01 15:10:00+08:00,3888.0
2025-10-01 15:20:00+08:00,3883.3
2025-10-01 15:30:00+08:00,3862.4
2025-10-01 15:40:00+08:00,3839.2
2025-10-01 15:50:00+08:00,3823.0
2025-10-01 16:00:00+08:00,3803.3
2025-10-01 16:10:00+08:00,3794.6
2025-10-01 16:20:00+08:00,3765.7
2025-10-01 16:30:00+08:00,3755.8
2025-10-01 16:40:00+08:00,3736.8
2025-10-01 16:50:00+08:00,3705.6
2025-10-01 17:00:00+08:00,3639.8
2025-10-01 17:10:00+08:00,3590.0
2025-10-01 17:20:00+08:00,3580.4
2025-10-01 17:30:00+08:00,3572.3
2025-10-01 17:40:00+08:00,3573.7
2025-10-01 17:50:00+08:00,3588.1
2025-10-01 18:00:00+08:00,3603.7
2025-10-01 18:10:00+08:00,3592.3
2025-10-01 18:20:00+08:00,3594.5
2025-10-01 18:30:00+08:00,3587.8
2025-10-01 18:40:00+08:00,3577.3
2025-10-01 18:50:00+08:00,3573.4
2025-10-01 19:00:00+08:00,3554.6
2025-10-01 19:10:00+08:00,3539.4
2025-10-01 19:20:00+08:00,3530.1
2025-10-01 19:30:00+08:00,3522.8
2025-10-01 19:40:00+08:00,3510.7
2025-10-01 19:50:00+08:00,3503.4
2025-10-01 20:00:00+08:00,3494.2
2025-10-01 20:10:00+08:00,3481.7
2025-10-01 20:20:00+08:00,3472.7
2025-10-01 20:30:00+08:00,3461.7
2025-10-01 20:40:00+08:00,3444.1
2025-10-01 20:50:00+08:00,3437.1
2025-10-01 21:00:00+08:00,3423.0
2025-10-01 21:10:00+08:00,3413.2
2025-10-01 21:20:00+08:00,3405.0
2025-10-01 21:30:00+08:00,3389.2
2025-10-01 21:40:00+08:00,3387.9
2025-10-01 21:50:00+08:00,3372.4
2025-10-01 22:00:00+08:00,3347.7
2025-10-01 22:10:00+08:00,3366.2
2025-10-01 22:20:00+08:00,3340.2
2025-10-01 22:30:00+08:00,3353.6
2025-10-01 22:40:00+08:00,3302.5
2025-10-01 22:50:00+08:00,3278.3
2025-10-01 23:00:00+08:00,3271.3
2025-10-01 23:10:00+08:00,3232.3
2025-10-01 23:20:00+08:00,3226.4
2025-10-01 23:30:00+08:00,3182.4
2025-10-01 23:40:00+08:00,3151.8
2025-10-01 23:50:00+08:00,3121.4
2025-10-02 00:00:00+08:00,3092.9
2025-10-02 00:10:00+08:00,3084.5
2025-10-02 00:20:00+08:00,3092.2
2025-10-02 00:30:00+08:00,3068.7
2025-10-02 00:40:00+08:00,3057.5
2025-10-02 00:50:00+08:00,3023.4
2025-10-02 01:00:00+08:00,2993.7
2025-10-02 01:10:00+08:00,2979.5
2025-10-02 01:20:00+08:00,2974.3
2025-10-02 01:30:00+08:00,2932.8
2025-10-02 01:40:00+08:00,2919.2
2025-10-02 01:50:00+08:00,2902.7
2025-10-02 02:00:00+08:00,2889.8
2025-10-02 02:10:00+08:00,2881.2
2025-10-02 02:20:00+08:00,2865.5
2025-10-02 02:30:00+08:00,2870.6
2025-10-02 02:40:00+08:00,2828.1
2025-10-02 02:50:00+08:00,2830.1
2025-10-02 03:00:00+08:00,2824.4
2025-10-02 03:10:00+08:00,2820.9
2025-10-02 03:20:00+08:00,2803.5
2025-10-02 03:30:00+08:00,2794.7
2025-10-02 03:40:00+08:00,2796.0
2025-10-02 03:50:00+08:00,2801.3
2025-10-02 04:00:00+08:00,2764.4
2025-10-02 04:10:00+08:00,2756.8
2025-10-02 04:20:00+08:00,2754.7
2025-10-02 04:30:00+08:00,2726.2
2025-10-02 04:40:00+08:00,2751.0
2025-10-02 04:50:00+08:00,2748.3
2025-10-02 05:00:00+08:00,2746.2
2025-10-02 05:10:00+08:00,2740.9
2025-10-02 05:20:00+08:00,2729.9
2025-10-02 05:30:00+08:00,2734.5
2025-10-02 05:40:00+08:00,2728.7
2025-10-02 05:50:00+08:00,2738.7
2025-10-02 06:00:00+08:00,2762.6
2025-10-02 06:10:00+08:00,2743.4
2025-10-02 06:20:00+08:00,2766.7
2025-10-02 06:30:00+08:00,2738.7
2025-10-02 06:40:00+08:00,2780.4
2025-10-02 06:50:00+08:00,2791.6
2025-10-02 07:00:00+08:00,2814.4
2025-10-02 07:10:00+08:00,2850.7
2025-10-02 07:20:00+08:00,2888.6
2025-10-02 07:30:00+08:00,2916.6
2025-10-02 07:40:00+08:00,2981.2
2025-10-02 07:50:00+08:00,3092.3
2025-10-02 08:00:00+08:00,3170.6
2025-10-02 08:10:00+08:00,3170.6
2025-10-02 08:20:00+08:00,3366.5
2025-10-02 08:30:00+08:00,3422.9
2025-10-02 08:40:00+08:00,3473.8
2025-10-02 08:50:00+08:00,3524.4
2025-10-02 09:00:00+08:00,3524.9
2025-10-02 09:10:00+08:00,3554.6
2025-10-02 09:20:00+08:00,3553.8
2025-10-02 09:30:00+08:00,3591.9
2025-10-02 09:40:00+08:00,3590.6
2025-10-02 09:50:00+08:00,3607.5
2025-10-02 10:00:00+08:00,3655.5
2025-10-02 10:10:00+08:00,3672.3
2025-10-02 10:20:00+08:00,3699.0
2025-10-02 10:30:00+08:00,3711.3
2025-10-02 10:40:00+08:00,3729.2
2025-10-02 10:50:00+08:00,3736.3
2025-10-02 11:00:00+08:00,3764.9
2025-10-02 11:10:00+08:00,3779.1
2025-10-02 11:20:00+08:00,3779.9
2025-10-02 11:30:00+08:00,3786.9
2025-10-02 11:40:00+08:00,3809.1
2025-10-02 11:50:00+08:00,3792.0
2025-10-02 12:00:00+08:00,3745.2
2025-10-02 12:10:00+08:00,3694.7
2025-10-02 12:20:00+08:00,3682.3
2025-10-02 12:30:00+08:00,3667.2
2025-10-02 12:40:00+08:00,3673.8
2025-10-02 12:50:00+08:00,3689.7
2025-10-02 13:00:00+08:00,3729.4
2025-10-02 13:10:00+08:00,3823.1
2025-10-02 13:20:00+08:00,3834.9
2025-10-02 13:30:00+08:00,3866.4
2025-10-02 13:40:00+08:00,3877.9
2025-10-02 13:50:00+08:00,3876.2
2025-10-02 14:00:00+08:00,3873.3
2025-10-02 14:10:00+08:00,3880.4
2025-10-02 14:20:00+08:00,3877.6
2025-10-02 14:30:00+08:00,3865.0
2025-10-02 14:40:00+08:00,3852.1
2025-10-02 14:50:00+08:00,3850.1
2025-10-02 15:00:00+08:00,3851.0
2025-10-02 15:10:00+08:00,3852.6
2025-10-02 15:20:00+08:00,3831.1
2025-10-02 15:30:00+08:00,3843.0
2025-10-02 15:40:00+08:00,3830.0
2025-10-02 15:50:00+08:00,3821.7
2025-10-02 16:00:00+08:00,3804.6
2025-10-02 16:10:00+08:00,3775.2
2025-10-02 16:20:00+08:00,3775.2
2025-10-02 16:30:00+08:00,3754.7
2025-10-02 16:40:00+08:00,3733.9
2025-10-02 16:50:00+08:00,3700.4
2025-10-02 17:00:00+08:00,3638.2
2025-10-02 17:10:00+08:00,3579.7
2025-10-02 17:20:00+08:00,3568.9
2025-10-02 17:30:00+08:00,3560.2
2025-10-02 17:40:00+08:00,3560.5
2025-10-02 17:50:00+08:00,3575.9
2025-10-02 18:00:00+08:00,3576.9
2025-10-02 18:10:00+08:00,3567.8
2025-10-02 18:20:00+08:00,3569.3
2025-10-02 18:30:00+08:00,3570.4
2025-10-02 18:40:00+08:00,3558.2
2025-10-02 18:50:00+08:00,3554.9
2025-10-02 19:00:00+08:00,3541.7
2025-10-02 19:10:00+08:00,3541.9
2025-10-02 19:20:00+08:00,3537.8
2025-10-02 19:30:00+08:00,3529.9
2025-10-02 19:40:00+08:00,3527.4
2025-10-02 19:50:00+08:00,3518.6
2025-10-02 20:00:00+08:00,3500.9
2025-10-02 20:10:00+08:00,3497.2
2025-10-02 20:20:00+08:00,3488.8
2025-10-02 20:30:00+08:00,3464.1
2025-10-02 20:40:00+08:00,3453.8
2025-10-02 20:50:00+08:00,3440.2
2025-10-02 21:00:00+08:00,3432.2
2025-10-02 21:10:00+08:00,3408.6
2025-10-02 21:20:00+08:00,3405.7
2025-10-02 21:30:00+08:00,3391.6
2025-10-02 21:40:00+08:00,3388.0
2025-10-02 21:50:00+08:00,3370.2
2025-10-02 22:00:00+08:00,3345.1
2025-10-02 22:10:00+08:00,3362.3
2025-10-02 22:20:00+08:00,3341.5
2025-10-02 22:30:00+08:00,3325.9
2025-10-02 22:40:00+08:00,3290.7
2025-10-02 22:50:00+08:00,3269.4
2025-10-02 23:00:00+08:00,3244.1
2025-10-02 23:10:00+08:00,3228.5
2025-10-02 23:20:00+08:00,3187.5
2025-10-02 23:30:00+08:00,3160.8
2025-10-02 23:40:00+08:00,3145.2
2025-10-02 23:50:00+08:00,3109.1
2025-10-03 00:00:00+08:00,3082.5
2025-10-03 00:10:00+08:00,3099.7
2025-10-03 00:20:00+08:00,3071.3
2025-10-03 00:30:00+08:00,3045.9
2025-10-03 00:40:00+08:00,3039.7
2025-10-03 00:50:00+08:00,3008.2
2025-10-03 01:00:00+08:00,2991.5
2025-10-03 01:10:00+08:00,2961.0
2025-10-03 01:20:00+08:00,2958.0
2025-10-03 01:30:00+08:00,2929.7
2025-10-03 01:40:00+08:00,2909.4
2025-10-03 01:50:00+08:00,2887.9
2025-10-03 02:00:00+08:00,2882.3
2025-10-03 02:10:00+08:00,2870.9
2025-10-03 02:20:00+08:00,2866.8
2025-10-03 02:30:00+08:00,2843.6
2025-10-03 02:40:00+08:00,2844.7
2025-10-03 02:50:00+08:00,2814.8
2025-10-03 03:00:00+08:00,2787.7
2025-10-03 03:10:00+08:00,2789.5
2025-10-03 03:20:00+08:00,2793.5
2025-10-03 03:30:00+08:00,2776.0
2025-10-03 03:40:00+08:00,2769.8
2025-10-03 03:50:00+08:00,2766.9
2025-10-03 04:00:00+08:00,2736.3
2025-10-03 04:10:00+08:00,2747.0
2025-10-03 04:20:00+08:00,2740.5
2025-10-03 04:30:00+08:00,2740.5
2025-10-03 04:40:00+08:00,2724.7
2025-10-03 04:50:00+08:00,2704.5
2025-10-03 05:00:00+08:00,2734.6
2025-10-03 05:10:00+08:00,2734.3
2025-10-03 05:20:00+08:00,2722.5
2025-10-03 05:30:00+08:00,2740.6
2025-10-03 05:40:00+08:00,2725.7
2025-10-03 05:50:00+08:00,2718.4
2025-10-03 06:00:00+08:00,2718.0
2025-10-03 06:10:00+08:00,2730.6
2025-10-03 06:20:00+08:00,2735.6
2025-10-03 06:30:00+08:00,2732.3
2025-10-03 06:40:00+08:00,2751.2
2025-10-03 06:50:00+08:00,2771.2
2025-10-03 07:00:00+08:00,2807.3
2025-10-03 07:10:00+08:00,2831.2
2025-10-03 07:20:00+08:00,2892.1
2025-10-03 07:30:00+08:00,2900.7
2025-10-03 07:40:00+08:00,2947.0
2025-10-03 07:50:00+08:00,3025.9
2025-10-03 08:00:00+08:00,3129.0
2025-10-03 08:10:00+08:00,3289.8
2025-10-03 08:20:00+08:00,3341.1
2025-10-03 08:30:00+08:00,3400.2
2025-10-03 08:40:00+08:00,3452.7
2025-10-03 08:50:00+08:00,3483.3
2025-10-03 09:00:00+08:00,3514.4
2025-10-03 09:10:00+08:00,3537.1
2025-10-03 09:20:00+08:00,3552.4
2025-10-03 09:30:00+08:00,3575.5
2025-10-03 09:40:00+08:00,3590.0
2025-10-03 09:50:00+08:00,3599.9
2025-10-03 10:00:00+08:00,3639.6
2025-10-03 10:10:00+08:00,3644.0
2025-10-03 10:20:00+08:00,3665.6
2025-10-03 10:30:00+08:00,3670.1
2025-10-03 10:40:00+08:00,3708.1
2025-10-03 10:50:00+08:00,3734.2
2025-10-03 11:00:00+08:00,3781.6
2025-10-03 11:10:00+08:00,3780.2
2025-10-03 11:20:00+08:00,3782.5
2025-10-03 11:30:00+08:00,3805.3
2025-10-03 11:40:00+08:00,3816.3
2025-10-03 11:50:00+08:00,3805.5
2025-10-03 12:00:00+08:00,3758.5
2025-10-03 12:10:00+08:00,3722.6
2025-10-03 12:20:00+08:00,3719.7
2025-10-03 12:30:00+08:00,3700.4
2025-10-03 12:40:00+08:00,3708.3
2025-10-03 12:50:00+08:00,3729.4
2025-10-03 13:00:00+08:00,3758.6
2025-10-03 13:10:00+08:00,3842.3
2025-10-03 13:20:00+08:00,3843.9
2025-10-03 13:30:00+08:00,3859.7
2025-10-03 13:40:00+08:00,3877.9
2025-10-03 13:50:00+08:00,3895.0
2025-10-03 14:00:00+08:00,3884.9
2025-10-03 14:10:00+08:00,3876.8
2025-10-03 14:20:00+08:00,3863.3
2025-10-03 14:30:00+08:00,3882.5
2025-10-03 14:40:00+08:00,3887.2
2025-10-03 14:50:00+08:00,3872.3
2025-10-03 15:00:00+08:00,3861.3
2025-10-03 15:10:00+08:00,3845.4
2025-10-03 15:20:00+08:00,3840.8
2025-10-03 15:30:00+08:00,3834.1
2025-10-03 15:40:00+08:00,3842.1
2025-10-03 15:50:00+08:00,3800.6
2025-10-03 16:00:00+08:00,3771.1
2025-10-03 16:10:00+08:00,3757.4
2025-10-03 16:20:00+08:00,3747.4
2025-10-03 16:30:00+08:00,3736.5
2025-10-03 16:40:00+08:00,3710.3
2025-10-03 16:50:00+08:00,3679.4
2025-10-03 17:00:00+08:00,3608.8
2025-10-03 17:10:00+08:00,3544.1
2025-10-03 17:20:00+08:00,3544.5
2025-10-03 17:30:00+08:00,3526.5
2025-10-03 17:40:00+08:00,3518.3
2025-10-03 17:50:00+08:00,3530.3
2025-10-03 18:00:00+08:00,3517.9
2025-10-03 18:10:00+08:00,3517.4
2025-10-03 18:20:00+08:00,3506.5
2025-10-03 18:30:00+08:00,3505.0
2025-10-03 18:40:00+08:00,3502.3
2025-10-03 18:50:00+08:00,3478.1
2025-10-03 19:00:00+08:00,3487.1
2025-10-03 19:10:00+08:00,3484.9
2025-10-03 19:20:00+08:00,3478.8
2025-10-03 19:30:00+08:00,3468.7
2025-10-03 19:40:00+08:00,3464.6
2025-10-03 19:50:00+08:00,3455.1
2025-10-03 20:00:00+08:00,3438.0
2025-10-03 20:10:00+08:00,3440.4
2025-10-03 20:20:00+08:00,3429.6
2025-10-03 20:30:00+08:00,3399.1
2025-10-03 20:40:00+08:00,3403.1
2025-10-03 20:50:00+08:00,3381.7
2025-10-03 21:00:00+08:00,3375.1
2025-10-03 21:10:00+08:00,3362.3
2025-10-03 21:20:00+08:00,3346.2
2025-10-03 21:30:00+08:00,3339.5
2025-10-03 21:40:00+08:00,3329.3
2025-10-03 21:50:00+08:00,3336.2
2025-10-03 22:00:00+08:00,3318.2
2025-10-03 22:10:00+08:00,3302.7
2025-10-03 22:20:00+08:00,3310.8
2025-10-03 22:30:00+08:00,3312.4
2025-10-03 22:40:00+08:00,3279.3
2025-10-03 22:50:00+08:00,3263.6
2025-10-03 23:00:00+08:00,3236.5
2025-10-03 23:10:00+08:00,3216.3
2025-10-03 23:20:00+08:00,3207.3
2025-10-03 23:30:00+08:00,3187.0
2025-10-03 23:40:00+08:00,3155.7
2025-10-03 23:50:00+08:00,3154.0
2025-10-04 00:00:00+08:00,3120.2
2025-10-04 00:10:00+08:00,3121.7
2025-10-04 00:20:00+08:00,3104.5
2025-10-04 00:30:00+08:00,3070.2
2025-10-04 00:40:00+08:00,3071.9
2025-10-04 00:50:00+08:00,3048.3
2025-10-04 01:00:00+08:00,3017.4
2025-10-04 01:10:00+08:00,2991.9
2025-10-04 01:20:00+08:00,2982.2
2025-10-04 01:30:00+08:00,2974.4
2025-10-04 01:40:00+08:00,2950.7
2025-10-04 01:50:00+08:00,2940.8
2025-10-04 02:00:00+08:00,2903.7
2025-10-04 02:10:00+08:00,2897.1
2025-10-04 02:20:00+08:00,2877.2
2025-10-04 02:30:00+08:00,2863.4
2025-10-04 02:40:00+08:00,2847.7
2025-10-04 02:50:00+08:00,2839.9
2025-10-04 03:00:00+08:00,2808.9
2025-10-04 03:10:00+08:00,2793.6
2025-10-04 03:20:00+08:00,2803.9
2025-10-04 03:30:00+08:00,2785.6
2025-10-04 03:40:00+08:00,2755.5
2025-10-04 03:50:00+08:00,2758.8
2025-10-04 04:00:00+08:00,2771.7
2025-10-04 04:10:00+08:00,2744.7
2025-10-04 04:20:00+08:00,2757.6
2025-10-04 04:30:00+08:00,2711.5
2025-10-04 04:40:00+08:00,2720.8
2025-10-04 04:50:00+08:00,2718.5
2025-10-04 05:00:00+08:00,2695.2
2025-10-04 05:10:00+08:00,2732.2
2025-10-04 05:20:00+08:00,2721.4
2025-10-04 05:30:00+08:00,2697.0
2025-10-04 05:40:00+08:00,2701.4
2025-10-04 05:50:00+08:00,2687.3
2025-10-04 06:00:00+08:00,2682.8
2025-10-04 06:10:00+08:00,2676.0
2025-10-04 06:20:00+08:00,2667.2
2025-10-04 06:30:00+08:00,2658.6
2025-10-04 06:40:00+08:00,2674.4
2025-10-04 06:50:00+08:00,2679.4
2025-10-04 07:00:00+08:00,2690.2
2025-10-04 07:10:00+08:00,2705.1
2025-10-04 07:20:00+08:00,2725.1
2025-10-04 07:30:00+08:00,2724.3
2025-10-04 07:40:00+08:00,2741.3
2025-10-04 07:50:00+08:00,2773.0
2025-10-04 08:00:00+08:00,2787.1
2025-10-04 08:10:00+08:00,2787.1
2025-10-04 08:20:00+08:00,2826.4
2025-10-04 08:30:00+08:00,2910.2
2025-10-04 08:40:00+08:00,2962.7
2025-10-04 08:50:00+08:00,2972.8
2025-10-04 09:00:00+08:00,2979.2
2025-10-04 09:10:00+08:00,3036.5
2025-10-04 09:20:00+08:00,3047.9
2025-10-04 09:30:00+08:00,3060.7
2025-10-04 09:40:00+08:00,3099.8
2025-10-04 09:50:00+08:00,3119.0
2025-10-04 10:00:00+08:00,3161.0
2025-10-04 10:10:00+08:00,3183.1
2025-10-04 10:20:00+08:00,3195.7
2025-10-04 10:30:00+08:00,3233.7
2025-10-04 10:40:00+08:00,3240.4
2025-10-04 10:50:00+08:00,3272.1
2025-10-04 11:00:00+08:00,3311.7
2025-10-04 11:10:00+08:00,3309.2
2025-10-04 11:20:00+08:00,3320.4
2025-10-04 11:30:00+08:00,3365.0
2025-10-04 11:40:00+08:00,3356.0
2025-10-04 11:50:00+08:00,3356.2
2025-10-04 12:00:00+08:00,3361.3
2025-10-04 12:10:00+08:00,3380.2
2025-10-04 12:20:00+08:00,3371.4
2025-10-04 12:30:00+08:00,3397.9
2025-10-04 12:40:00+08:00,3402.0
2025-10-04 12:50:00+08:00,3424.2
2025-10-04 13:00:00+08:00,3397.2
2025-10-04 13:10:00+08:00,3454.4
2025-10-04 13:20:00+08:00,3472.1
2025-10-04 13:30:00+08:00,3514.1
2025-10-04 13:40:00+08:00,3491.2
2025-10-04 13:50:00+08:00,3456.4
2025-10-04 14:00:00+08:00,3458.1
2025-10-04 14:10:00+08:00,3448.3
2025-10-04 14:20:00+08:00,3460.6
2025-10-04 14:30:00+08:00,3481.6
2025-10-04 14:40:00+08:00,3457.3
2025-10-04 14:50:00+08:00,3454.0
2025-10-04 15:00:00+08:00,3462.1
2025-10-04 15:10:00+08:00,3438.5
2025-10-04 15:20:00+08:00,3440.7
2025-10-04 15:30:00+08:00,3466.6
2025-10-04 15:40:00+08:00,3437.7
2025-10-04 15:50:00+08:00,3443.8
2025-10-04 16:00:00+08:00,3434.9
2025-10-04 16:10:00+08:00,3449.1
2025-10-04 16:20:00+08:00,3428.9
2025-10-04 16:30:00+08:00,3405.1
2025-10-04 16:40:00+08:00,3363.6
2025-10-04 16:50:00+08:00,3368.8
2025-10-04 17:00:00+08:00,3354.9
2025-10-04 17:10:00+08:00,3357.7
2025-10-04 17:20:00+08:00,3323.2
2025-10-04 17:30:00+08:00,3320.4
2025-10-04 17:40:00+08:00,3313.8
2025-10-04 17:50:00+08:00,3346.1
2025-10-04 18:00:00+08:00,3331.7
2025-10-04 18:10:00+08:00,3331.6
2025-10-04 18:20:00+08:00,3313.5
2025-10-04 18:30:00+08:00,3326.1
2025-10-04 18:40:00+08:00,3301.9
2025-10-04 18:50:00+08:00,3317.7
2025-10-04 19:00:00+08:00,3307.4
2025-10-04 19:10:00+08:00,3305.0
2025-10-04 19:20:00+08:00,3299.5
2025-10-04 19:30:00+08:00,3293.7
2025-10-04 19:40:00+08:00,3287.4
2025-10-04 19:50:00+08:00,3293.5
2025-10-04 20:00:00+08:00,3298.9
2025-10-04 20:10:00+08:00,3280.3
2025-10-04 20:20:00+08:00,3280.8
2025-10-04 20:30:00+08:00,3257.0
2025-10-04 20:40:00+08:00,3280.3
2025-10-04 20:50:00+08:00,3282.8
2025-10-04 21:00:00+08:00,3258.7
2025-10-04 21:10:00+08:00,3266.2
2025-10-04 21:20:00+08:00,3259.4
2025-10-04 21:30:00+08:00,3246.7
2025-10-04 21:40:00+08:00,3228.6
2025-10-04 21:50:00+08:00,3239.5
2025-10-04 22:00:00+08:00,3205.4
2025-10-04 22:10:00+08:00,3175.5
2025-10-04 22:20:00+08:00,3175.5
2025-10-04 22:30:00+08:00,3166.8
2025-10-04 22:40:00+08:00,3154.6
2025-10-04 22:50:00+08:00,3144.7
2025-10-04 23:00:00+08:00,3086.4
2025-10-04 23:10:00+08:00,3104.7
2025-10-04 23:20:00+08:00,3077.1
2025-10-04 23:30:00+08:00,3051.1
2025-10-04 23:40:00+08:00,3047.2
2025-10-04 23:50:00+08:00,3036.5
2025-10-05 00:00:00+08:00,2992.3
2025-10-05 00:10:00+08:00,2996.1
2025-10-05 00:20:00+08:00,2961.3
2025-10-05 00:30:00+08:00,2954.0
2025-10-05 00:40:00+08:00,2934.2
2025-10-05 00:50:00+08:00,2898.0
2025-10-05 01:00:00+08:00,2879.4
2025-10-05 01:10:00+08:00,2861.7
2025-10-05 01:20:00+08:00,2826.6
2025-10-05 01:30:00+08:00,2839.1
2025-10-05 01:40:00+08:00,2821.4
2025-10-05 01:50:00+08:00,2783.5
2025-10-05 02:00:00+08:00,2777.3
2025-10-05 02:10:00+08:00,2773.4
2025-10-05 02:20:00+08:00,2761.2
2025-10-05 02:30:00+08:00,2727.9
2025-10-05 02:40:00+08:00,2711.9
2025-10-05 02:50:00+08:00,2698.4
2025-10-05 03:00:00+08:00,2696.6
2025-10-05 03:10:00+08:00,2688.6
2025-10-05 03:20:00+08:00,2669.2
2025-10-05 03:30:00+08:00,2667.9
2025-10-05 03:40:00+08:00,2654.7
2025-10-05 03:50:00+08:00,2637.8
2025-10-05 04:00:00+08:00,2641.9
2025-10-05 04:10:00+08:00,2624.2
2025-10-05 04:20:00+08:00,2609.1
2025-10-05 04:30:00+08:00,2622.0
2025-10-05 04:40:00+08:00,2613.6
2025-10-05 04:50:00+08:00,2589.4
2025-10-05 05:00:00+08:00,2595.5
2025-10-05 05:10:00+08:00,2584.0
2025-10-05 05:20:00+08:00,2597.9
2025-10-05 05:30:00+08:00,2601.6
2025-10-05 05:40:00+08:00,2570.4
2025-10-05 05:50:00+08:00,2556.8
2025-10-05 06:00:00+08:00,2569.5
2025-10-05 06:10:00+08:00,2562.0
2025-10-05 06:20:00+08:00,2523.0
2025-10-05 06:30:00+08:00,2532.9
2025-10-05 06:40:00+08:00,2555.2
2025-10-05 06:50:00+08:00,2530.9
2025-10-05 07:00:00+08:00,2526.1
2025-10-05 07:10:00+08:00,2557.1
2025-10-05 07:20:00+08:00,2575.7
2025-10-05 07:30:00+08:00,2569.7
2025-10-05 07:40:00+08:00,2609.6
2025-10-05 07:50:00+08:00,2611.5
2025-10-05 08:00:00+08:00,2640.8
2025-10-05 08:10:00+08:00,2673.1
2025-10-05 08:20:00+08:00,2679.9
2025-10-05 08:30:00+08:00,2706.7
2025-10-05 08:40:00+08:00,2724.5
2025-10-05 08:50:00+08:00,2759.7
2025-10-05 09:00:00+08:00,2804.6
2025-10-05 09:10:00+08:00,2820.1
2025-10-05 09:20:00+08:00,2837.7
2025-10-05 09:30:00+08:00,2879.5
2025-10-05 09:40:00+08:00,2872.9
2025-10-05 09:50:00+08:00,2900.2
2025-10-05 10:00:00+08:00,2938.8
2025-10-05 10:10:00+08:00,2962.7
2025-10-05 10:20:00+08:00,2980.3
2025-10-05 10:30:00+08:00,3004.7
2025-10-05 10:40:00+08:00,2996.6
2025-10-05 10:50:00+08:00,3042.4
2025-10-05 11:00:00+08:00,3068.1
2025-10-05 11:10:00+08:00,3072.2
2025-10-05 11:20:00+08:00,3091.8
2025-10-05 11:30:00+08:00,3119.5
2025-10-05 11:40:00+08:00,3131.7
2025-10-05 11:50:00+08:00,3131.6
2025-10-05 12:00:00+08:00,3176.1
2025-10-05 12:10:00+08:00,3169.2
2025-10-05 12:20:00+08:00,3156.3
2025-10-05 12:30:00+08:00,3168.5
2025-10-05 12:40:00+08:00,3153.7
2025-10-05 12:50:00+08:00,3208.7
2025-10-05 13:00:00+08:00,3217.3
2025-10-05 13:10:00+08:00,3227.0
2025-10-05 13:20:00+08:00,3217.3
2025-10-05 13:30:00+08:00,3237.1
2025-10-05 13:40:00+08:00,3240.1
2025-10-05 13:50:00+08:00,3257.9
2025-10-05 14:00:00+08:00,3253.9
2025-10-05 14:10:00+08:00,3237.1
2025-10-05 14:20:00+08:00,3250.8
2025-10-05 14:30:00+08:00,3229.8
2025-10-05 14:40:00+08:00,3236.2
2025-10-05 14:50:00+08:00,3224.4
2025-10-05 15:00:00+08:00,3238.2
2025-10-05 15:10:00+08:00,3224.9
2025-10-05 15:20:00+08:00,3235.4
2025-10-05 15:30:00+08:00,3219.9
2025-10-05 15:40:00+08:00,3229.8
2025-10-05 15:50:00+08:00,3203.5
2025-10-05 16:00:00+08:00,3206.6
2025-10-05 16:10:00+08:00,3203.0
2025-10-05 16:20:00+08:00,3234.3
2025-10-05 16:30:00+08:00,3216.6
2025-10-05 16:40:00+08:00,3220.8
2025-10-05 16:50:00+08:00,3227.7
2025-10-05 17:00:00+08:00,3198.2
2025-10-05 17:10:00+08:00,3210.5
2025-10-05 17:20:00+08:00,3177.4
2025-10-05 17:30:00+08:00,3208.2
2025-10-05 17:40:00+08:00,3214.8
2025-10-05 17:50:00+08:00,3223.2
2025-10-05 18:00:00+08:00,3229.4
2025-10-05 18:10:00+08:00,3226.9
2025-10-05 18:20:00+08:00,3217.6
2025-10-05 18:30:00+08:00,3212.9
2025-10-05 18:40:00+08:00,3218.1
2025-10-05 18:50:00+08:00,3225.4
2025-10-05 19:00:00+08:00,3231.9
2025-10-05 19:10:00+08:00,3231.9
2025-10-05 19:20:00+08:00,3212.0
2025-10-05 19:30:00+08:00,3197.2
2025-10-05 19:40:00+08:00,3202.6
2025-10-05 19:50:00+08:00,3210.3
2025-10-05 20:00:00+08:00,3223.4
2025-10-05 20:10:00+08:00,3213.8
2025-10-05 20:20:00+08:00,3214.7
2025-10-05 20:30:00+08:00,3195.4
2025-10-05 20:40:00+08:00,3213.7
2025-10-05 20:50:00+08:00,3194.9
2025-10-05 21:00:00+08:00,3196.0
2025-10-05 21:10:00+08:00,3202.8
2025-10-05 21:20:00+08:00,3190.8
2025-10-05 21:30:00+08:00,3192.1
2025-10-05 21:40:00+08:00,3190.3
2025-10-05 21:50:00+08:00,3193.6
2025-10-05 22:00:00+08:00,3167.9
2025-10-05 22:10:00+08:00,3147.2
2025-10-05 22:20:00+08:00,3127.9
2025-10-05 22:30:00+08:00,3101.0
2025-10-05 22:40:00+08:00,3118.1
2025-10-05 22:50:00+08:00,3109.0
2025-10-05 23:00:00+08:00,3079.1
2025-10-05 23:10:00+08:00,3050.0
2025-10-05 23:20:00+08:00,3057.3
2025-10-05 23:30:00+08:00,3013.1
2025-10-05 23:40:00+08:00,3012.3
2025-10-05 23:50:00+08:00,3009.7
2025-10-06 00:00:00+08:00,2977.6
2025-10-06 00:10:00+08:00,2959.9
2025-10-06 00:20:00+08:00,2933.4
2025-10-06 00:30:00+08:00,2907.4
2025-10-06 00:40:00+08:00,2898.0
2025-10-06 00:50:00+08:00,2879.4
2025-10-06 01:00:00+08:00,2829.3
2025-10-06 01:10:00+08:00,2843.7
2025-10-06 01:20:00+08:00,2833.6
2025-10-06 01:30:00+08:00,2806.1
2025-10-06 01:40:00+08:00,2801.5
2025-10-06 01:50:00+08:00,2779.5
2025-10-06 02:00:00+08:00,2753.2
2025-10-06 02:10:00+08:00,2736.2
2025-10-06 02:20:00+08:00,2721.8
2025-10-06 02:30:00+08:00,2719.6
2025-10-06 02:40:00+08:00,2704.6
2025-10-06 02:50:00+08:00,2689.1
2025-10-06 03:00:00+08:00,2676.2
2025-10-06 03:10:00+08:00,2653.7
2025-10-06 03:20:00+08:00,2667.3
2025-10-06 03:30:00+08:00,2639.8
2025-10-06 03:40:00+08:00,2627.5
2025-10-06 03:50:00+08:00,2611.0
2025-10-06 04:00:00+08:00,2599.7
2025-10-06 04:10:00+08:00,2592.2
2025-10-06 04:20:00+08:00,2595.8
2025-10-06 04:30:00+08:00,2589.4
2025-10-06 04:40:00+08:00,2601.3
2025-10-06 04:50:00+08:00,2574.4
2025-10-06 05:00:00+08:00,2591.9
2025-10-06 05:10:00+08:00,2599.2
2025-10-06 05:20:00+08:00,2587.9
2025-10-06 05:30:00+08:00,2572.4
2025-10-06 05:40:00+08:00,2576.6
2025-10-06 05:50:00+08:00,2564.8
2025-10-06 06:00:00+08:00,2559.2
2025-10-06 06:10:00+08:00,2548.7
2025-10-06 06:20:00+08:00,2546.4
2025-10-06 06:30:00+08:00,2544.2
2025-10-06 06:40:00+08:00,2552.4
2025-10-06 06:50:00+08:00,2542.8
2025-10-06 07:00:00+08:00,2547.0
2025-10-06 07:10:00+08:00,2581.1
2025-10-06 07:20:00+08:00,2579.1
2025-10-06 07:30:00+08:00,2607.3
2025-10-06 07:40:00+08:00,2642.3
2025-10-06 07:50:00+08:00,2641.1
2025-10-06 08:00:00+08:00,2679.2
2025-10-06 08:10:00+08:00,2724.4
2025-10-06 08:20:00+08:00,2733.6
2025-10-06 08:30:00+08:00,2783.6
2025-10-06 08:40:00+08:00,2797.5
2025-10-06 08:50:00+08:00,2815.2
2025-10-06 09:00:00+08:00,2851.6
2025-10-06 09:10:00+08:00,2836.7
2025-10-06 09:20:00+08:00,2891.5
2025-10-06 09:30:00+08:00,2893.6
2025-10-06 09:40:00+08:00,2917.7
2025-10-06 09:50:00+08:00,2949.9
2025-10-06 10:00:00+08:00,2966.9
2025-10-06 10:10:00+08:00,2996.3
2025-10-06 10:20:00+08:00,3009.5
2025-10-06 10:30:00+08:00,3046.8
2025-10-06 10:40:00+08:00,3069.7
2025-10-06 10:50:00+08:00,3099.1
2025-10-06 11:00:00+08:00,3088.8
2025-10-06 11:10:00+08:00,3129.9
2025-10-06 11:20:00+08:00,3154.0
2025-10-06 11:30:00+08:00,3126.9
2025-10-06 11:40:00+08:00,3161.9
2025-10-06 11:50:00+08:00,3157.9
2025-10-06 12:00:00+08:00,3202.0
2025-10-06 12:10:00+08:00,3180.9
2025-10-06 12:20:00+08:00,3182.4
2025-10-06 12:30:00+08:00,3191.6
2025-10-06 12:40:00+08:00,3198.7
2025-10-06 12:50:00+08:00,3195.5
2025-10-06 13:00:00+08:00,3190.9
2025-10-06 13:10:00+08:00,3236.0
2025-10-06 13:20:00+08:00,3261.7
2025-10-06 13:30:00+08:00,3264.3
2025-10-06 13:40:00+08:00,3259.2
2025-10-06 13:50:00+08:00,3245.4
2025-10-06 14:00:00+08:00,3253.9
2025-10-06 14:10:00+08:00,3255.7
2025-10-06 14:20:00+08:00,3275.2
2025-10-06 14:30:00+08:00,3261.8
2025-10-06 14:40:00+08:00,3239.7
2025-10-06 14:50:00+08:00,3214.8
2025-10-06 15:00:00+08:00,3256.7
2025-10-06 15:10:00+08:00,3251.1
2025-10-06 15:20:00+08:00,3239.1
2025-10-06 15:30:00+08:00,3255.9
2025-10-06 15:40:00+08:00,3255.2
2025-10-06 15:50:00+08:00,3238.9
2025-10-06 16:00:00+08:00,3225.4
2025-10-06 16:10:00+08:00,3251.6
2025-10-06 16:20:00+08:00,3241.4
2025-10-06 16:30:00+08:00,3235.6
2025-10-06 16:40:00+08:00,3215.7
2025-10-06 16:50:00+08:00,3224.8
2025-10-06 17:00:00+08:00,3210.6
2025-10-06 17:10:00+08:00,3227.8
2025-10-06 17:20:00+08:00,3218.8
2025-10-06 17:30:00+08:00,3234.5
2025-10-06 17:40:00+08:00,3224.7
2025-10-06 17:50:00+08:00,3247.9
2025-10-06 18:00:00+08:00,3270.8
2025-10-06 18:10:00+08:00,3261.2
2025-10-06 18:20:00+08:00,3260.6
2025-10-06 18:30:00+08:00,3253.7
2025-10-06 18:40:00+08:00,3246.6
2025-10-06 18:50:00+08:00,3240.5
2025-10-06 19:00:00+08:00,3248.7
2025-10-06 19:10:00+08:00,3244.4
2025-10-06 19:20:00+08:00,3248.7
2025-10-06 19:30:00+08:00,3254.1
2025-10-06 19:40:00+08:00,3244.5
2025-10-06 19:50:00+08:00,3255.9
2025-10-06 20:00:00+08:00,3249.1
2025-10-06 20:10:00+08:00,3245.0
2025-10-06 20:20:00+08:00,3244.5
2025-10-06 20:30:00+08:00,3246.3
2025-10-06 20:40:00+08:00,3261.4
2025-10-06 20:50:00+08:00,3256.9
2025-10-06 21:00:00+08:00,3257.0
2025-10-06 21:10:00+08:00,3237.4
2025-10-06 21:20:00+08:00,3217.9
2025-10-06 21:30:00+08:00,3223.6
2025-10-06 21:40:00+08:00,3220.5
2025-10-06 21:50:00+08:00,3196.9
2025-10-06 22:00:00+08:00,3172.5
2025-10-06 22:10:00+08:00,3151.0
2025-10-06 22:20:00+08:00,3133.0
2025-10-06 22:30:00+08:00,3116.0
2025-10-06 22:40:00+08:00,3104.4
2025-10-06 22:50:00+08:00,3073.4
2025-10-06 23:00:00+08:00,3051.7
2025-10-06 23:10:00+08:00,3038.3
2025-10-06 23:20:00+08:00,2988.5
2025-10-06 23:30:00+08:00,2977.5
2025-10-06 23:40:00+08:00,2960.5
2025-10-06 23:50:00+08:00,2923.9
2025-10-07 00:00:00+08:00,2901.1
2025-10-07 00:10:00+08:00,2899.4
2025-10-07 00:20:00+08:00,2875.4
2025-10-07 00:30:00+08:00,2857.6
2025-10-07 00:40:00+08:00,2845.1
2025-10-07 00:50:00+08:00,2812.4
2025-10-07 01:00:00+08:00,2797.0
2025-10-07 01:10:00+08:00,2776.9
2025-10-07 01:20:00+08:00,2754.6
2025-10-07 01:30:00+08:00,2726.0
2025-10-07 01:40:00+08:00,2722.5
2025-10-07 01:50:00+08:00,2716.5
2025-10-07 02:00:00+08:00,2679.5
2025-10-07 02:10:00+08:00,2677.8
2025-10-07 02:20:00+08:00,2658.0
2025-10-07 02:30:00+08:00,2652.7
2025-10-07 02:40:00+08:00,2647.3
2025-10-07 02:50:00+08:00,2627.5
2025-10-07 03:00:00+08:00,2630.6
2025-10-07 03:10:00+08:00,2609.9
2025-10-07 03:20:00+08:00,2617.7
2025-10-07 03:30:00+08:00,2607.4
2025-10-07 03:40:00+08:00,2591.0
2025-10-07 03:50:00+08:00,2571.7
2025-10-07 04:00:00+08:00,2573.4
2025-10-07 04:10:00+08:00,2570.3
2025-10-07 04:20:00+08:00,2572.8
2025-10-07 04:30:00+08:00,2571.6
2025-10-07 04:40:00+08:00,2574.2
2025-10-07 04:50:00+08:00,2557.3
2025-10-07 05:00:00+08:00,2573.6
2025-10-07 05:10:00+08:00,2565.7
2025-10-07 05:20:00+08:00,2567.5
2025-10-07 05:30:00+08:00,2555.7
2025-10-07 05:40:00+08:00,2589.2
2025-10-07 05:50:00+08:00,2576.4
2025-10-07 06:00:00+08:00,2595.9
2025-10-07 06:10:00+08:00,2600.2
2025-10-07 06:20:00+08:00,2577.2
2025-10-07 06:30:00+08:00,2625.6
2025-10-07 06:40:00+08:00,2617.2
2025-10-07 06:50:00+08:00,2659.0
2025-10-07 07:00:00+08:00,2669.6
2025-10-07 07:10:00+08:00,2735.3
2025-10-07 07:20:00+08:00,2759.5
2025-10-07 07:30:00+08:00,2811.1
2025-10-07 07:40:00+08:00,2860.7
2025-10-07 07:50:00+08:00,2949.7
2025-10-07 08:00:00+08:00,3080.1
2025-10-07 08:10:00+08:00,3216.4
2025-10-07 08:20:00+08:00,3299.1
2025-10-07 08:30:00+08:00,3382.0
2025-10-07 08:40:00+08:00,3407.1
2025-10-07 08:50:00+08:00,3481.7
2025-10-07 09:00:00+08:00,3511.2
2025-10-07 09:10:00+08:00,3537.2
2025-10-07 09:20:00+08:00,3539.3
2025-10-07 09:30:00+08:00,3549.8
2025-10-07 09:40:00+08:00,3572.4
2025-10-07 09:50:00+08:00,3600.6
2025-10-07 10:00:00+08:00,3635.8
2025-10-07 10:10:00+08:00,3638.0
2025-10-07 10:20:00+08:00,3644.8
2025-10-07 10:30:00+08:00,3681.8
2025-10-07 10:40:00+08:00,3725.0
2025-10-07 10:50:00+08:00,3787.3
2025-10-07 11:00:00+08:00,3801.8
2025-10-07 11:10:00+08:00,3793.7
2025-10-07 11:20:00+08:00,3799.1
2025-10-07 11:30:00+08:00,3815.5
2025-10-07 11:40:00+08:00,3772.1
2025-10-07 11:50:00+08:00,3764.3
2025-10-07 12:00:00+08:00,3768.2
2025-10-07 12:10:00+08:00,3737.1
2025-10-07 12:20:00+08:00,3727.9
2025-10-07 12:30:00+08:00,3740.8
2025-10-07 12:40:00+08:00,3754.7
2025-10-07 12:50:00+08:00,3755.3
2025-10-07 13:00:00+08:00,3770.6
2025-10-07 13:10:00+08:00,3807.0
2025-10-07 13:20:00+08:00,3827.2
2025-10-07 13:30:00+08:00,3834.3
2025-10-07 13:40:00+08:00,3858.6
2025-10-07 13:50:00+08:00,3876.7
2025-10-07 14:00:00+08:00,3871.1
2025-10-07 14:10:00+08:00,3857.2
2025-10-07 14:20:00+08:00,3862.7
2025-10-07 14:30:00+08:00,3865.0
2025-10-07 14:40:00+08:00,3862.6
2025-10-07 14:50:00+08:00,3856.9
2025-10-07 15:00:00+08:00,3841.5
2025-10-07 15:10:00+08:00,3842.7
2025-10-07 15:20:00+08:00,3839.3
2025-10-07 15:30:00+08:00,3830.3
2025-10-07 15:40:00+08:00,3844.8
2025-10-07 15:50:00+08:00,3824.2
2025-10-07 16:00:00+08:00,3806.6
2025-10-07 16:10:00+08:00,3785.6
2025-10-07 16:20:00+08:00,3781.8
2025-10-07 16:30:00+08:00,3743.9
2025-10-07 16:40:00+08:00,3724.0
2025-10-07 16:50:00+08:00,3717.1
2025-10-07 17:00:00+08:00,3660.1
2025-10-07 17:10:00+08:00,3599.3
2025-10-07 17:20:00+08:00,3591.2
2025-10-07 17:30:00+08:00,3580.5
2025-10-07 17:40:00+08:00,3581.4
2025-10-07 17:50:00+08:00,3592.6
2025-10-07 18:00:00+08:00,3603.6
2025-10-07 18:10:00+08:00,3593.6
2025-10-07 18:20:00+08:00,3585.3
2025-10-07 18:30:00+08:00,3581.9
2025-10-07 18:40:00+08:00,3566.2
2025-10-07 18:50:00+08:00,3572.4
2025-10-07 19:00:00+08:00,3553.7
2025-10-07 19:10:00+08:00,3536.6
2025-10-07 19:20:00+08:00,3535.0
2025-10-07 19:30:00+08:00,3535.2
2025-10-07 19:40:00+08:00,3524.0
2025-10-07 19:50:00+08:00,3520.8
2025-10-07 20:00:00+08:00,3500.5
2025-10-07 20:10:00+08:00,3487.2
2025-10-07 20:20:00+08:00,3499.5
2025-10-07 20:30:00+08:00,3465.3
2025-10-07 20:40:00+08:00,3446.7
2025-10-07 20:50:00+08:00,3437.7
2025-10-07 21:00:00+08:00,3426.5
2025-10-07 21:10:00+08:00,3406.2
2025-10-07 21:20:00+08:00,3403.0
2025-10-07 21:30:00+08:00,3386.3
2025-10-07 21:40:00+08:00,3373.4
2025-10-07 21:50:00+08:00,3364.7
2025-10-07 22:00:00+08:00,3338.7
2025-10-07 22:10:00+08:00,3345.4
2025-10-07 22:20:00+08:00,3323.4
2025-10-07 22:30:00+08:00,3309.1
2025-10-07 22:40:00+08:00,3296.4
2025-10-07 22:50:00+08:00,3274.9
2025-10-07 23:00:00+08:00,3235.9
2025-10-07 23:10:00+08:00,3223.6
2025-10-07 23:20:00+08:00,3203.3
2025-10-07 23:30:00+08:00,3169.7
2025-10-07 23:40:00+08:00,3143.8
2025-10-07 23:50:00+08:00,3095.2
2025-10-08 00:00:00+08:00,3078.0
2025-10-08 00:10:00+08:00,3082.3
2025-10-08 00:20:00+08:00,3052.8
2025-10-08 00:30:00+08:00,3040.8
2025-10-08 00:40:00+08:00,3040.2
2025-10-08 00:50:00+08:00,3016.4
2025-10-08 01:00:00+08:00,2987.6
2025-10-08 01:10:00+08:00,2985.5
2025-10-08 01:20:00+08:00,2937.3
2025-10-08 01:30:00+08:00,2940.3
2025-10-08 01:40:00+08:00,2933.5
2025-10-08 01:50:00+08:00,2895.9
2025-10-08 02:00:00+08:00,2899.5
2025-10-08 02:10:00+08:00,2870.8
2025-10-08 02:20:00+08:00,2856.4
2025-10-08 02:30:00+08:00,2845.2
2025-10-08 02:40:00+08:00,2821.7
2025-10-08 02:50:00+08:00,2801.8
2025-10-08 03:00:00+08:00,2823.4
2025-10-08 03:10:00+08:00,2804.5
2025-10-08 03:20:00+08:00,2798.5
2025-10-08 03:30:00+08:00,2791.7
2025-10-08 03:40:00+08:00,2773.3
2025-10-08 03:50:00+08:00,2754.8
2025-10-08 04:00:00+08:00,2739.8
2025-10-08 04:10:00+08:00,2756.5
2025-10-08 04:20:00+08:00,2726.1
2025-10-08 04:30:00+08:00,2721.0
2025-10-08 04:40:00+08:00,2735.1
2025-10-08 04:50:00+08:00,2719.0
2025-10-08 05:00:00+08:00,2738.8
2025-10-08 05:10:00+08:00,2755.3
2025-10-08 05:20:00+08:00,2724.0
2025-10-08 05:30:00+08:00,2726.6
2025-10-08 05:40:00+08:00,2733.1
2025-10-08 05:50:00+08:00,2724.6
2025-10-08 06:00:00+08:00,2737.6
2025-10-08 06:10:00+08:00,2744.0
2025-10-08 06:20:00+08:00,2736.1
2025-10-08 06:30:00+08:00,2751.4
2025-10-08 06:40:00+08:00,2775.0
2025-10-08 06:50:00+08:00,2807.4
2025-10-08 07:00:00+08:00,2819.2
2025-10-08 07:10:00+08:00,2862.6
2025-10-08 07:20:00+08:00,2888.6
2025-10-08 07:30:00+08:00,2922.3
2025-10-08 07:40:00+08:00,2986.8
2025-10-08 07:50:00+08:00,3053.6
2025-10-08 08:00:00+08:00,3175.1
2025-10-08 08:10:00+08:00,3319.7
2025-10-08 08:20:00+08:00,3390.5
2025-10-08 08:30:00+08:00,3438.2
2025-10-08 08:40:00+08:00,3497.3
2025-10-08 08:50:00+08:00,3526.5
2025-10-08 09:00:00+08:00,3559.1
2025-10-08 09:10:00+08:00,3572.8
2025-10-08 09:20:00+08:00,3616.8
2025-10-08 09:30:00+08:00,3602.8
2025-10-08 09:40:00+08:00,3608.9
2025-10-08 09:50:00+08:00,3631.4
2025-10-08 10:00:00+08:00,3652.8
2025-10-08 10:10:00+08:00,3641.9
2025-10-08 10:20:00+08:00,3694.5
2025-10-08 10:30:00+08:00,3699.9
2025-10-08 10:40:00+08:00,3718.4
2025-10-08 10:50:00+08:00,3763.2
2025-10-08 11:00:00+08:00,3746.6
2025-10-08 11:10:00+08:00,3783.0
2025-10-08 11:20:00+08:00,3764.3
2025-10-08 11:30:00+08:00,3773.2
2025-10-08 11:40:00+08:00,3779.4
2025-10-08 11:50:00+08:00,3785.5
2025-10-08 12:00:00+08:00,3737.1
2025-10-08 12:10:00+08:00,3686.3
2025-10-08 12:20:00+08:00,3697.8
2025-10-08 12:30:00+08:00,3706.0
2025-10-08 12:40:00+08:00,3685.3
2025-10-08 12:50:00+08:00,3700.9
2025-10-08 13:00:00+08:00,3722.4
2025-10-08 13:10:00+08:00,3801.1
2025-10-08 13:20:00+08:00,3818.1
2025-10-08 13:30:00+08:00,3836.9
2025-10-08 13:40:00+08:00,3840.7
2025-10-08 13:50:00+08:00,3829.0
2025-10-08 14:00:00+08:00,3820.8
2025-10-08 14:10:00+08:00,3822.8
2025-10-08 14:20:00+08:00,3816.9
2025-10-08 14:30:00+08:00,3804.6
2025-10-08 14:40:00+08:00,3817.6
2025-10-08 14:50:00+08:00,3791.8
2025-10-08 15:00:00+08:00,3800.6
2025-10-08 15:10:00+08:00,3787.0
2025-10-08 15:20:00+08:00,3786.5
2025-10-08 15:30:00+08:00,3790.4
2025-10-08 15:40:00+08:00,3777.5
2025-10-08 15:50:00+08:00,3783.6
2025-10-08 16:00:00+08:00,3776.8
2025-10-08 16:10:00+08:00,3748.3
2025-10-08 16:20:00+08:00,3726.9
2025-10-08 16:30:00+08:00,3695.6
2025-10-08 16:40:00+08:00,3704.0
2025-10-08 16:50:00+08:00,3673.4
2025-10-08 17:00:00+08:00,3614.1
2025-10-08 17:10:00+08:00,3564.1
2025-10-08 17:20:00+08:00,3550.5
2025-10-08 17:30:00+08:00,3548.8
2025-10-08 17:40:00+08:00,3544.9
2025-10-08 17:50:00+08:00,3559.5
2025-10-08 18:00:00+08:00,3570.4
2025-10-08 18:10:00+08:00,3560.7
2025-10-08 18:20:00+08:00,3569.0
2025-10-08 18:30:00+08:00,3562.5
2025-10-08 18:40:00+08:00,3557.9
2025-10-08 18:50:00+08:00,3557.7
2025-10-08 19:00:00+08:00,3544.0
2025-10-08 19:10:00+08:00,3526.9
2025-10-08 19:20:00+08:00,3508.6
2025-10-08 19:30:00+08:00,3500.6
2025-10-08 19:40:00+08:00,3486.8
2025-10-08 19:50:00+08:00,3473.5
2025-10-08 20:00:00+08:00,3464.2
2025-10-08 20:10:00+08:00,3457.7
2025-10-08 20:20:00+08:00,3452.5
2025-10-08 20:30:00+08:00,3430.8
2025-10-08 20:40:00+08:00,3414.0
2025-10-08 20:50:00+08:00,3403.9
2025-10-08 21:00:00+08:00,3382.5
2025-10-08 21:10:00+08:00,3362.2
2025-10-08 21:20:00+08:00,3346.1
2025-10-08 21:30:00+08:00,3336.6
2025-10-08 21:40:00+08:00,3339.5
2025-10-08 21:50:00+08:00,3323.4
2025-10-08 22:00:00+08:00,3298.1
2025-10-08 22:10:00+08:00,3306.4
2025-10-08 22:20:00+08:00,3301.1
2025-10-08 22:30:00+08:00,3278.0
2025-10-08 22:40:00+08:00,3257.4
2025-10-08 22:50:00+08:00,3251.6
2025-10-08 23:00:00+08:00,3223.4
2025-10-08 23:10:00+08:00,3205.6
2025-10-08 23:20:00+08:00,3184.6
2025-10-08 23:30:00+08:00,3148.8
2025-10-08 23:40:00+08:00,3107.5
2025-10-08 23:50:00+08:00,3086.0
2025-10-09 00:00:00+08:00,3055.7
2025-10-09 00:10:00+08:00,3078.0
2025-10-09 00:20:00+08:00,3051.9
2025-10-09 00:30:00+08:00,3047.1
2025-10-09 00:40:00+08:00,3016.5
2025-10-09 00:50:00+08:00,3017.5
2025-10-09 01:00:00+08:00,2976.8
2025-10-09 01:10:00+08:00,2959.9
2025-10-09 01:20:00+08:00,2941.6
2025-10-09 01:30:00+08:00,2920.9
2025-10-09 01:40:00+08:00,2903.7
2025-10-09 01:50:00+08:00,2893.8
2025-10-09 02:00:00+08:00,2877.8
2025-10-09 02:10:00+08:00,2868.2
2025-10-09 02:20:00+08:00,2849.8
2025-10-09 02:30:00+08:00,2827.0
2025-10-09 02:40:00+08:00,2833.5
2025-10-09 02:50:00+08:00,2820.6
2025-10-09 03:00:00+08:00,2792.2
2025-10-09 03:10:00+08:00,2781.3
2025-10-09 03:20:00+08:00,2776.3
2025-10-09 03:30:00+08:00,2773.4
2025-10-09 03:40:00+08:00,2776.9
2025-10-09 03:50:00+08:00,2759.8
2025-10-09 04:00:00+08:00,2729.1
2025-10-09 04:10:00+08:00,2732.0
2025-10-09 04:20:00+08:00,2715.5
2025-10-09 04:30:00+08:00,2717.1
2025-10-09 04:40:00+08:00,2727.3
2025-10-09 04:50:00+08:00,2734.7
2025-10-09 05:00:00+08:00,2720.2
2025-10-09 05:10:00+08:00,2737.0
2025-10-09 05:20:00+08:00,2718.1
2025-10-09 05:30:00+08:00,2699.5
2025-10-09 05:40:00+08:00,2727.0
2025-10-09 05:50:00+08:00,2713.4
2025-10-09 06:00:00+08:00,2725.5
2025-10-09 06:10:00+08:00,2726.1
2025-10-09 06:20:00+08:00,2731.0
2025-10-09 06:30:00+08:00,2738.9
2025-10-09 06:40:00+08:00,2764.5
2025-10-09 06:50:00+08:00,2756.9
2025-10-09 07:00:00+08:00,2797.9
2025-10-09 07:10:00+08:00,2839.8
2025-10-09 07:20:00+08:00,2887.2
2025-10-09 07:30:00+08:00,2925.4
2025-10-09 07:40:00+08:00,2963.5
2025-10-09 07:50:00+08:00,3041.1
2025-10-09 08:00:00+08:00,3161.4
2025-10-09 08:10:00+08:00,3271.2
2025-10-09 08:20:00+08:00,3315.3
2025-10-09 08:30:00+08:00,3381.2
2025-10-09 08:40:00+08:00,3430.8
2025-10-09 08:50:00+08:00,3450.3
2025-10-09 09:00:00+08:00,3473.8
2025-10-09 09:10:00+08:00,3498.4
2025-10-09 09:20:00+08:00,3516.3
2025-10-09 09:30:00+08:00,3557.4
2025-10-09 09:40:00+08:00,3566.4
2025-10-09 09:50:00+08:00,3583.1
2025-10-09 10:00:00+08:00,3596.6
2025-10-09 10:10:00+08:00,3620.2
2025-10-09 10:20:00+08:00,3647.4
2025-10-09 10:30:00+08:00,3652.0
2025-10-09 10:40:00+08:00,3687.8
2025-10-09 10:50:00+08:00,3706.4
2025-10-09 11:00:00+08:00,3695.2
2025-10-09 11:10:00+08:00,3726.4
2025-10-09 11:20:00+08:00,3759.0
2025-10-09 11:30:00+08:00,3748.1
2025-10-09 11:40:00+08:00,3742.5
2025-10-09 11:50:00+08:00,3733.8
2025-10-09 12:00:00+08:00,3682.1
2025-10-09 12:10:00+08:00,3641.4
2025-10-09 12:20:00+08:00,3619.3
2025-10-09 12:30:00+08:00,3617.9
2025-10-09 12:40:00+08:00,3625.3
2025-10-09 12:50:00+08:00,3634.5
2025-10-09 13:00:00+08:00,3677.6
2025-10-09 13:10:00+08:00,3772.9
2025-10-09 13:20:00+08:00,3789.5
2025-10-09 13:30:00+08:00,3783.7
2025-10-09 13:40:00+08:00,3798.2
2025-10-09 13:50:00+08:00,3817.1
2025-10-09 14:00:00+08:00,3806.2
2025-10-09 14:10:00+08:00,3793.7
2025-10-09 14:20:00+08:00,3784.8
2025-10-09 14:30:00+08:00,3782.6
2025-10-09 14:40:00+08:00,3773.1
2025-10-09 14:50:00+08:00,3769.8
2025-10-09 15:00:00+08:00,3762.4
2025-10-09 15:10:00+08:00,3757.3
2025-10-09 15:20:00+08:00,3754.2
2025-10-09 15:30:00+08:00,3764.1
2025-10-09 15:40:00+08:00,3755.3
2025-10-09 15:50:00+08:00,3757.4
2025-10-09 16:00:00+08:00,3731.2
2025-10-09 16:10:00+08:00,3728.6
2025-10-09 16:20:00+08:00,3714.3
2025-10-09 16:30:00+08:00,3691.5
2025-10-09 16:40:00+08:00,3666.7
2025-10-09 16:50:00+08:00,3625.4
2025-10-09 17:00:00+08:00,3566.6
2025-10-09 17:10:00+08:00,3503.6
2025-10-09 17:20:00+08:00,3491.2
2025-10-09 17:30:00+08:00,3479.9
2025-10-09 17:40:00+08:00,3483.6
2025-10-09 17:50:00+08:00,3491.3
2025-10-09 18:00:00+08:00,3492.8
2025-10-09 18:10:00+08:00,3488.4
2025-10-09 18:20:00+08:00,3475.8
2025-10-09 18:30:00+08:00,3476.9
2025-10-09 18:40:00+08:00,3463.0
2025-10-09 18:50:00+08:00,3464.8
2025-10-09 19:00:00+08:00,3445.7
2025-10-09 19:10:00+08:00,3434.8
2025-10-09 19:20:00+08:00,3421.0
2025-10-09 19:30:00+08:00,3419.5
2025-10-09 19:40:00+08:00,3408.1
2025-10-09 19:50:00+08:00,3398.0
2025-10-09 20:00:00+08:00,3375.2
2025-10-09 20:10:00+08:00,3359.8
2025-10-09 20:20:00+08:00,3344.0
2025-10-09 20:30:00+08:00,3338.6
2025-10-09 20:40:00+08:00,3321.0
2025-10-09 20:50:00+08:00,3319.9
2025-10-09 21:00:00+08:00,3306.1
2025-10-09 21:10:00+08:00,3286.0
2025-10-09 21:20:00+08:00,3269.4
2025-10-09 21:30:00+08:00,3261.0
2025-10-09 21:40:00+08:00,3249.2
2025-10-09 21:50:00+08:00,3261.2
2025-10-09 22:00:00+08:00,3242.6
2025-10-09 22:10:00+08:00,3241.8
2025-10-09 22:20:00+08:00,3231.4
2025-10-09 22:30:00+08:00,3234.2
2025-10-09 22:40:00+08:00,3211.8
2025-10-09 22:50:00+08:00,3187.7
2025-10-09 23:00:00+08:00,3168.3
2025-10-09 23:10:00+08:00,3148.5
2025-10-09 23:20:00+08:00,3143.8
2025-10-09 23:30:00+08:00,3097.3
2025-10-09 23:40:00+08:00,3070.8
2025-10-09 23:50:00+08:00,3066.2
2025-10-10 00:00:00+08:00,3037.2
2025-10-10 00:10:00+08:00,3046.9
2025-10-10 00:20:00+08:00,3031.4
2025-10-10 00:30:00+08:00,3022.2
2025-10-10 00:40:00+08:00,3003.2
2025-10-10 00:50:00+08:00,2991.8
2025-10-10 01:00:00+08:00,2953.3
2025-10-10 01:10:00+08:00,2938.7
2025-10-10 01:20:00+08:00,2928.6
2025-10-10 01:30:00+08:00,2913.4
2025-10-10 01:40:00+08:00,2892.7
2025-10-10 01:50:00+08:00,2875.9
2025-10-10 02:00:00+08:00,2860.2
2025-10-10 02:10:00+08:00,2843.4
2025-10-10 02:20:00+08:00,2818.1
2025-10-10 02:30:00+08:00,2817.9
2025-10-10 02:40:00+08:00,2812.5
2025-10-10 02:50:00+08:00,2774.7
2025-10-10 03:00:00+08:00,2794.3
2025-10-10 03:10:00+08:00,2772.0
2025-10-10 03:20:00+08:00,2777.2
2025-10-10 03:30:00+08:00,2743.2
2025-10-10 03:40:00+08:00,2744.4
2025-10-10 03:50:00+08:00,2719.9
2025-10-10 04:00:00+08:00,2715.7
2025-10-10 04:10:00+08:00,2721.1
2025-10-10 04:20:00+08:00,2714.5
2025-10-10 04:30:00+08:00,2710.9
2025-10-10 04:40:00+08:00,2687.7
2025-10-10 04:50:00+08:00,2684.0
2025-10-10 05:00:00+08:00,2691.8
2025-10-10 05:10:00+08:00,2696.2
2025-10-10 05:20:00+08:00,2689.9
2025-10-10 05:30:00+08:00,2667.2
2025-10-10 05:40:00+08:00,2659.6
2025-10-10 05:50:00+08:00,2652.8
2025-10-10 06:00:00+08:00,2654.4
2025-10-10 06:10:00+08:00,2657.4
2025-10-10 06:20:00+08:00,2671.6
2025-10-10 06:30:00+08:00,2647.5
2025-10-10 06:40:00+08:00,2654.9
2025-10-10 06:50:00+08:00,2654.0
2025-10-10 07:00:00+08:00,2662.4
2025-10-10 07:10:00+08:00,2711.2
2025-10-10 07:20:00+08:00,2699.8
2025-10-10 07:30:00+08:00,2715.7
2025-10-10 07:40:00+08:00,2705.8
2025-10-10 07:50:00+08:00,2757.5
2025-10-10 08:00:00+08:00,2776.7
2025-10-10 08:10:00+08:00,2834.1
2025-10-10 08:20:00+08:00,2851.4
2025-10-10 08:30:00+08:00,2860.4
2025-10-10 08:40:00+08:00,2902.9
2025-10-10 08:50:00+08:00,2936.1
2025-10-10 09:00:00+08:00,2965.7
2025-10-10 09:10:00+08:00,2988.6
2025-10-10 09:20:00+08:00,3012.1
2025-10-10 09:30:00+08:00,3018.5
2025-10-10 09:40:00+08:00,3052.3
2025-10-10 09:50:00+08:00,3063.8
2025-10-10 10:00:00+08:00,3096.8
2025-10-10 10:10:00+08:00,3129.1
2025-10-10 10:20:00+08:00,3148.1
2025-10-10 10:30:00+08:00,3183.0
2025-10-10 10:40:00+08:00,3195.0
2025-10-10 10:50:00+08:00,3210.5
2025-10-10 11:00:00+08:00,3254.6
2025-10-10 11:10:00+08:00,3265.6
2025-10-10 11:20:00+08:00,3276.4
2025-10-10 11:30:00+08:00,3287.6
2025-10-10 11:40:00+08:00,3297.6
2025-10-10 11:50:00+08:00,3307.2
2025-10-10 12:00:00+08:00,3288.8
2025-10-10 12:10:00+08:00,3288.4
2025-10-10 12:20:00+08:00,3306.8
2025-10-10 12:30:00+08:00,3300.3
2025-10-10 12:40:00+08:00,3323.9
2025-10-10 12:50:00+08:00,3337.0
2025-10-10 13:00:00+08:00,3356.0
2025-10-10 13:10:00+08:00,3369.1
2025-10-10 13:20:00+08:00,3397.9
2025-10-10 13:30:00+08:00,3386.1
2025-10-10 13:40:00+08:00,3370.2
2025-10-10 13:50:00+08:00,3393.6
2025-10-10 14:00:00+08:00,3385.9
2025-10-10 14:10:00+08:00,3386.0
2025-10-10 14:20:00+08:00,3392.7
2025-10-10 14:30:00+08:00,3389.3
2025-10-10 14:40:00+08:00,3374.9
2025-10-10 14:50:00+08:00,3374.2
2025-10-10 15:00:00+08:00,3363.1
2025-10-10 15:10:00+08:00,3359.5
2025-10-10 15:20:00+08:00,3379.9
2025-10-10 15:30:00+08:00,3379.7
2025-10-10 15:40:00+08:00,3371.4
2025-10-10 15:50:00+08:00,3356.8
2025-10-10 16:00:00+08:00,3380.8
2025-10-10 16:10:00+08:00,3360.5
2025-10-10 16:20:00+08:00,3367.9
2025-10-10 16:30:00+08:00,3343.1
2025-10-10 16:40:00+08:00,3329.8
2025-10-10 16:50:00+08:00,3306.7
2025-10-10 17:00:00+08:00,3307.2
2025-10-10 17:10:00+08:00,3309.2
2025-10-10 17:20:00+08:00,3298.6
2025-10-10 17:30:00+08:00,3315.8
2025-10-10 17:40:00+08:00,3328.3
2025-10-10 17:50:00+08:00,3317.9
2025-10-10 18:00:00+08:00,3336.3
2025-10-10 18:10:00+08:00,3337.5
2025-10-10 18:20:00+08:00,3313.6
2025-10-10 18:30:00+08:00,3332.9
2025-10-10 18:40:00+08:00,3334.0
2025-10-10 18:50:00+08:00,3323.6
2025-10-10 19:00:00+08:00,3321.0
2025-10-10 19:10:00+08:00,3303.7
2025-10-10 19:20:00+08:00,3294.8
2025-10-10 19:30:00+08:00,3303.1
2025-10-10 19:40:00+08:00,3295.4
2025-10-10 19:50:00+08:00,3312.0
2025-10-10 20:00:00+08:00,3299.6
2025-10-10 20:10:00+08:00,3290.6
2025-10-10 20:20:00+08:00,3292.3
2025-10-10 20:30:00+08:00,3284.3
2025-10-10 20:40:00+08:00,3266.7
2025-10-10 20:50:00+08:00,3251.8
2025-10-10 21:00:00+08:00,3258.0
2025-10-10 21:10:00+08:00,3266.0
2025-10-10 21:20:00+08:00,3245.5
2025-10-10 21:30:00+08:00,3238.0
2025-10-10 21:40:00+08:00,3236.8
2025-10-10 21:50:00+08:00,3216.8
2025-10-10 22:00:00+08:00,3214.8
2025-10-10 22:10:00+08:00,3200.1
2025-10-10 22:20:00+08:00,3175.9
2025-10-10 22:30:00+08:00,3158.8
2025-10-10 22:40:00+08:00,3134.4
2025-10-10 22:50:00+08:00,3145.5
2025-10-10 23:00:00+08:00,3100.1
2025-10-10 23:10:00+08:00,3091.6
2025-10-10 23:20:00+08:00,3069.5
2025-10-10 23:30:00+08:00,3048.5
2025-10-10 23:40:00+08:00,3013.0
2025-10-10 23:50:00+08:00,2981.8
2025-10-11 00:00:00+08:00,2970.7
2025-10-11 00:10:00+08:00,2971.2
2025-10-11 00:20:00+08:00,2944.7
2025-10-11 00:30:00+08:00,2931.5
2025-10-11 00:40:00+08:00,2920.6
2025-10-11 00:50:00+08:00,2898.2
2025-10-11 01:00:00+08:00,2892.4
2025-10-11 01:10:00+08:00,2871.0
2025-10-11 01:20:00+08:00,2854.4
2025-10-11 01:30:00+08:00,2832.4
2025-10-11 01:40:00+08:00,2807.7
2025-10-11 01:50:00+08:00,2798.6
2025-10-11 02:00:00+08:00,2788.0
2025-10-11 02:10:00+08:00,2771.1
2025-10-11 02:20:00+08:00,2736.7
2025-10-11 02:30:00+08:00,2717.9
2025-10-11 02:40:00+08:00,2726.9
2025-10-11 02:50:00+08:00,2724.9
2025-10-11 03:00:00+08:00,2702.1
2025-10-11 03:10:00+08:00,2682.2
2025-10-11 03:20:00+08:00,2685.2
2025-10-11 03:30:00+08:00,2679.3
2025-10-11 03:40:00+08:00,2645.2
2025-10-11 03:50:00+08:00,2653.6
2025-10-11 04:00:00+08:00,2641.7
2025-10-11 04:10:00+08:00,2637.1
2025-10-11 04:20:00+08:00,2637.5
2025-10-11 04:30:00+08:00,2635.4
2025-10-11 04:40:00+08:00,2609.5
2025-10-11 04:50:00+08:00,2618.6
2025-10-11 05:00:00+08:00,2610.2
2025-10-11 05:10:00+08:00,2623.0
2025-10-11 05:20:00+08:00,2603.6
2025-10-11 05:30:00+08:00,2591.4
2025-10-11 05:40:00+08:00,2604.4
2025-10-11 05:50:00+08:00,2586.2
2025-10-11 06:00:00+08:00,2594.3
2025-10-11 06:10:00+08:00,2608.2
2025-10-11 06:20:00+08:00,2580.1
2025-10-11 06:30:00+08:00,2569.9
2025-10-11 06:40:00+08:00,2585.1
2025-10-11 06:50:00+08:00,2579.6
2025-10-11 07:00:00+08:00,2588.5
2025-10-11 07:10:00+08:00,2602.8
2025-10-11 07:20:00+08:00,2607.4
2025-10-11 07:30:00+08:00,2632.9
2025-10-11 07:40:00+08:00,2657.5
2025-10-11 07:50:00+08:00,2683.8
2025-10-11 08:00:00+08:00,2722.0
2025-10-11 08:10:00+08:00,2739.3
2025-10-11 08:20:00+08:00,2776.6
2025-10-11 08:30:00+08:00,2809.9
2025-10-11 08:40:00+08:00,2825.4
2025-10-11 08:50:00+08:00,2849.1
2025-10-11 09:00:00+08:00,2878.6
2025-10-11 09:10:00+08:00,2905.5
2025-10-11 09:20:00+08:00,2943.6
2025-10-11 09:30:00+08:00,2954.2
2025-10-11 09:40:00+08:00,2977.2
2025-10-11 09:50:00+08:00,2999.2
2025-10-11 10:00:00+08:00,3027.8
2025-10-11 10:10:00+08:00,3039.2
2025-10-11 10:20:00+08:00,3071.8
2025-10-11 10:30:00+08:00,3104.6
2025-10-11 10:40:00+08:00,3121.9
2025-10-11 10:50:00+08:00,3130.4
2025-10-11 11:00:00+08:00,3174.3
2025-10-11 11:10:00+08:00,3183.6
2025-10-11 11:20:00+08:00,3198.4
2025-10-11 11:30:00+08:00,3225.3
2025-10-11 11:40:00+08:00,3227.6
2025-10-11 11:50:00+08:00,3238.4
2025-10-11 12:00:00+08:00,3229.6
2025-10-11 12:10:00+08:00,3223.8
2025-10-11 12:20:00+08:00,3242.7
2025-10-11 12:30:00+08:00,3252.5
2025-10-11 12:40:00+08:00,3254.0
2025-10-11 12:50:00+08:00,3277.2
2025-10-11 13:00:00+08:00,3266.4
2025-10-11 13:10:00+08:00,3305.9
2025-10-11 13:20:00+08:00,3307.4
2025-10-11 13:30:00+08:00,3292.4
2025-10-11 13:40:00+08:00,3322.5
2025-10-11 13:50:00+08:00,3311.3
2025-10-11 14:00:00+08:00,3313.1
2025-10-11 14:10:00+08:00,3297.9
2025-10-11 14:20:00+08:00,3307.0
2025-10-11 14:30:00+08:00,3313.9
2025-10-11 14:40:00+08:00,3301.5
2025-10-11 14:50:00+08:00,3327.8
2025-10-11 15:00:00+08:00,3314.4
2025-10-11 15:10:00+08:00,3314.8
2025-10-11 15:20:00+08:00,3304.1
2025-10-11 15:30:00+08:00,3289.3
2025-10-11 15:40:00+08:00,3268.8
2025-10-11 15:50:00+08:00,3274.4
2025-10-11 16:00:00+08:00,3283.9
2025-10-11 16:10:00+08:00,3265.7
2025-10-11 16:20:00+08:00,3260.1
2025-10-11 16:30:00+08:00,3265.1
2025-10-11 16:40:00+08:00,3246.9
2025-10-11 16:50:00+08:00,3221.8
2025-10-11 17:00:00+08:00,3228.7
2025-10-11 17:10:00+08:00,3243.7
2025-10-11 17:20:00+08:00,3232.1
2025-10-11 17:30:00+08:00,3234.5
2025-10-11 17:40:00+08:00,3236.8
2025-10-11 17:50:00+08:00,3265.6
2025-10-11 18:00:00+08:00,3278.4
2025-10-11 18:10:00+08:00,3275.6
2025-10-11 18:20:00+08:00,3252.6
2025-10-11 18:30:00+08:00,3252.7
2025-10-11 18:40:00+08:00,3231.2
2025-10-11 18:50:00+08:00,3230.6
2025-10-11 19:00:00+08:00,3247.7
2025-10-11 19:10:00+08:00,3249.0
2025-10-11 19:20:00+08:00,3229.4
2025-10-11 19:30:00+08:00,3245.2
2025-10-11 19:40:00+08:00,3233.1
2025-10-11 19:50:00+08:00,3242.4
2025-10-11 20:00:00+08:00,3240.6
2025-10-11 20:10:00+08:00,3225.7
2025-10-11 20:20:00+08:00,3213.9
2025-10-11 20:30:00+08:00,3220.6
2025-10-11 20:40:00+08:00,3205.6
2025-10-11 20:50:00+08:00,3230.7
2025-10-11 21:00:00+08:00,3226.0
2025-10-11 21:10:00+08:00,3212.0
2025-10-11 21:20:00+08:00,3208.2
2025-10-11 21:30:00+08:00,3189.5
2025-10-11 21:40:00+08:00,3177.2
2025-10-11 21:50:00+08:00,3164.2
2025-10-11 22:00:00+08:00,3134.3
2025-10-11 22:10:00+08:00,3126.3
2025-10-11 22:20:00+08:00,3114.2
2025-10-11 22:30:00+08:00,3097.6
2025-10-11 22:40:00+08:00,3092.3
2025-10-11 22:50:00+08:00,3057.1
2025-10-11 23:00:00+08:00,3035.6
2025-10-11 23:10:00+08:00,3039.6
2025-10-11 23:20:00+08:00,3013.3
2025-10-11 23:30:00+08:00,2976.9
2025-10-11 23:40:00+08:00,2936.9
2025-10-11 23:50:00+08:00,2944.7
2025-10-12 00:00:00+08:00,2932.4
2025-10-12 00:10:00+08:00,2920.4
2025-10-12 00:20:00+08:00,2894.7
2025-10-12 00:30:00+08:00,2876.2
2025-10-12 00:40:00+08:00,2858.5
2025-10-12 00:50:00+08:00,2823.6
2025-10-12 01:00:00+08:00,2814.4
2025-10-12 01:10:00+08:00,2804.9
2025-10-12 01:20:00+08:00,2792.2
2025-10-12 01:30:00+08:00,2765.8
2025-10-12 01:40:00+08:00,2754.6
2025-10-12 01:50:00+08:00,2722.9
2025-10-12 02:00:00+08:00,2729.5
2025-10-12 02:10:00+08:00,2709.7
2025-10-12 02:20:00+08:00,2693.7
2025-10-12 02:30:00+08:00,2656.1
2025-10-12 02:40:00+08:00,2667.9
2025-10-12 02:50:00+08:00,2655.1
2025-10-12 03:00:00+08:00,2635.9
2025-10-12 03:10:00+08:00,2633.7
2025-10-12 03:20:00+08:00,2614.4
2025-10-12 03:30:00+08:00,2597.2
2025-10-12 03:40:00+08:00,2610.7
2025-10-12 03:50:00+08:00,2586.4
2025-10-12 04:00:00+08:00,2554.8
2025-10-12 04:10:00+08:00,2562.0
2025-10-12 04:20:00+08:00,2568.5
2025-10-12 04:30:00+08:00,2540.7
2025-10-12 04:40:00+08:00,2536.9
2025-10-12 04:50:00+08:00,2548.0
2025-10-12 05:00:00+08:00,2529.6
2025-10-12 05:10:00+08:00,2537.9
2025-10-12 05:20:00+08:00,2542.4
2025-10-12 05:30:00+08:00,2528.7
2025-10-12 05:40:00+08:00,2551.5
2025-10-12 05:50:00+08:00,2525.9
2025-10-12 06:00:00+08:00,2522.0
2025-10-12 06:10:00+08:00,2530.4
2025-10-12 06:20:00+08:00,2504.3
2025-10-12 06:30:00+08:00,2504.5
2025-10-12 06:40:00+08:00,2527.6
2025-10-12 06:50:00+08:00,2500.4
2025-10-12 07:00:00+08:00,2502.9
2025-10-12 07:10:00+08:00,2534.6
2025-10-12 07:20:00+08:00,2550.9
2025-10-12 07:30:00+08:00,2553.6
2025-10-12 07:40:00+08:00,2563.6
2025-10-12 07:50:00+08:00,2598.4
2025-10-12 08:00:00+08:00,2609.4
2025-10-12 08:10:00+08:00,2641.1
2025-10-12 08:20:00+08:00,2658.0
2025-10-12 08:30:00+08:00,2677.3
2025-10-12 08:40:00+08:00,2729.4
2025-10-12 08:50:00+08:00,2725.0
2025-10-12 09:00:00+08:00,2751.1
2025-10-12 09:10:00+08:00,2779.8
2025-10-12 09:20:00+08:00,2776.7
2025-10-12 09:30:00+08:00,2798.7
2025-10-12 09:40:00+08:00,2847.8
2025-10-12 09:50:00+08:00,2867.9
2025-10-12 10:00:00+08:00,2900.8
2025-10-12 10:10:00+08:00,2934.4
2025-10-12 10:20:00+08:00,2933.5
2025-10-12 10:30:00+08:00,2955.1
2025-10-12 10:40:00+08:00,2979.8
2025-10-12 10:50:00+08:00,3030.4
2025-10-12 11:00:00+08:00,3042.4
2025-10-12 11:10:00+08:00,3050.6
2025-10-12 11:20:00+08:00,3076.3
2025-10-12 11:30:00+08:00,3095.9
2025-10-12 11:40:00+08:00,3106.7
2025-10-12 11:50:00+08:00,3125.8
2025-10-12 12:00:00+08:00,3138.1
2025-10-12 12:10:00+08:00,3158.5
2025-10-12 12:20:00+08:00,3153.6
2025-10-12 12:30:00+08:00,3160.5
2025-10-12 12:40:00+08:00,3195.4
2025-10-12 12:50:00+08:00,3179.1
2025-10-12 13:00:00+08:00,3192.5
2025-10-12 13:10:00+08:00,3195.1
2025-10-12 13:20:00+08:00,3171.2
2025-10-12 13:30:00+08:00,3213.9
2025-10-12 13:40:00+08:00,3198.5
2025-10-12 13:50:00+08:00,3181.8
2025-10-12 14:00:00+08:00,3208.8
2025-10-12 14:10:00+08:00,3214.1
2025-10-12 14:20:00+08:00,3192.3
2025-10-12 14:30:00+08:00,3190.8
2025-10-12 14:40:00+08:00,3176.1
2025-10-12 14:50:00+08:00,3173.9
2025-10-12 15:00:00+08:00,3178.0
2025-10-12 15:10:00+08:00,3177.1
2025-10-12 15:20:00+08:00,3149.9
2025-10-12 15:30:00+08:00,3150.8
2025-10-12 15:40:00+08:00,3144.4
2025-10-12 15:50:00+08:00,3142.3
2025-10-12 16:00:00+08:00,3170.5
2025-10-12 16:10:00+08:00,3181.9
2025-10-12 16:20:00+08:00,3151.8
2025-10-12 16:30:00+08:00,3161.8
2025-10-12 16:40:00+08:00,3140.1
2025-10-12 16:50:00+08:00,3144.7
2025-10-12 17:00:00+08:00,3161.1
2025-10-12 17:10:00+08:00,3152.3
2025-10-12 17:20:00+08:00,3150.4
2025-10-12 17:30:00+08:00,3166.5
2025-10-12 17:40:00+08:00,3180.5
2025-10-12 17:50:00+08:00,3238.0
2025-10-12 18:00:00+08:00,3256.0
2025-10-12 18:10:00+08:00,3241.5
2025-10-12 18:20:00+08:00,3244.7
2025-10-12 18:30:00+08:00,3234.4
2025-10-12 18:40:00+08:00,3219.9
2025-10-12 18:50:00+08:00,3230.7
2025-10-12 19:00:00+08:00,3249.2
2025-10-12 19:10:00+08:00,3247.5
2025-10-12 19:20:00+08:00,3243.4
2025-10-12 19:30:00+08:00,3237.7
2025-10-12 19:40:00+08:00,3234.3
2025-10-12 19:50:00+08:00,3251.9
2025-10-12 20:00:00+08:00,3241.2
2025-10-12 20:10:00+08:00,3279.3
2025-10-12 20:20:00+08:00,3253.2
2025-10-12 20:30:00+08:00,3252.1
2025-10-12 20:40:00+08:00,3253.7
2025-10-12 20:50:00+08:00,3227.9
2025-10-12 21:00:00+08:00,3236.5
2025-10-12 21:10:00+08:00,3212.5
2025-10-12 21:20:00+08:00,3212.9
2025-10-12 21:30:00+08:00,3206.0
2025-10-12 21:40:00+08:00,3168.2
2025-10-12 21:50:00+08:00,3167.4
2025-10-12 22:00:00+08:00,3144.9
2025-10-12 22:10:00+08:00,3139.8
2025-10-12 22:20:00+08:00,3118.2
2025-10-12 22:30:00+08:00,3086.2
2025-10-12 22:40:00+08:00,3084.6
2025-10-12 22:50:00+08:00,3057.5
2025-10-12 23:00:00+08:00,3042.2
2025-10-12 23:10:00+08:00,3010.7
2025-10-12 23:20:00+08:00,2977.0
2025-10-12 23:30:00+08:00,2961.8
2025-10-12 23:40:00+08:00,2935.3
2025-10-12 23:50:00+08:00,2909.6
2025-10-13 00:00:00+08:00,2905.3
2025-10-13 00:10:00+08:00,2871.5
2025-10-13 00:20:00+08:00,2838.8
2025-10-13 00:30:00+08:00,2849.3
2025-10-13 00:40:00+08:00,2813.2
2025-10-13 00:50:00+08:00,2789.4
2025-10-13 01:00:00+08:00,2774.6
2025-10-13 01:10:00+08:00,2755.5
2025-10-13 01:20:00+08:00,2733.4
2025-10-13 01:30:00+08:00,2710.9
2025-10-13 01:40:00+08:00,2706.8
2025-10-13 01:50:00+08:00,2686.5
2025-10-13 02:00:00+08:00,2682.9
2025-10-13 02:10:00+08:00,2657.6
2025-10-13 02:20:00+08:00,2651.3
2025-10-13 02:40:00+08:00,2618.4
2025-10-13 02:50:00+08:00,2616.3
2025-10-13 03:00:00+08:00,2617.8
2025-10-13 03:10:00+08:00,2583.2
2025-10-13 03:20:00+08:00,2578.5
2025-10-13 03:30:00+08:00,2562.1
2025-10-13 03:40:00+08:00,2580.1
2025-10-13 03:50:00+08:00,2557.9
2025-10-13 04:00:00+08:00,2561.1
2025-10-13 04:10:00+08:00,2560.3
2025-10-13 04:20:00+08:00,2561.8
2025-10-13 04:30:00+08:00,2543.1
2025-10-13 04:40:00+08:00,2517.0
2025-10-13 04:50:00+08:00,2552.9
2025-10-13 05:00:00+08:00,2544.1
2025-10-13 05:10:00+08:00,2556.8
2025-10-13 05:20:00+08:00,2553.0
2025-10-13 05:30:00+08:00,2557.6
2025-10-13 05:40:00+08:00,2558.6
2025-10-13 05:50:00+08:00,2553.1
2025-10-13 06:00:00+08:00,2559.5
2025-10-13 06:10:00+08:00,2568.8
2025-10-13 06:20:00+08:00,2573.2
2025-10-13 06:30:00+08:00,2589.8
2025-10-13 06:40:00+08:00,2611.0
2025-10-13 06:50:00+08:00,2637.9
2025-10-13 07:00:00+08:00,2656.4
2025-10-13 07:10:00+08:00,2714.4
2025-10-13 07:20:00+08:00,2742.5
2025-10-13 07:30:00+08:00,2784.4
2025-10-13 07:40:00+08:00,2854.5
2025-10-13 07:50:00+08:00,2952.1
2025-10-13 08:00:00+08:00,3056.9
2025-10-13 08:10:00+08:00,3198.5
2025-10-13 08:20:00+08:00,3289.8
2025-10-13 08:30:00+08:00,3351.0
2025-10-13 08:40:00+08:00,3398.5
2025-10-13 08:50:00+08:00,3429.8
2025-10-13 09:00:00+08:00,3474.2
2025-10-13 09:10:00+08:00,3516.7
2025-10-13 09:20:00+08:00,3519.5
2025-10-13 09:30:00+08:00,3530.7
2025-10-13 09:40:00+08:00,3569.1
2025-10-13 09:50:00+08:00,3572.2
2025-10-13 10:00:00+08:00,3578.7
2025-10-13 10:10:00+08:00,3605.7
2025-10-13 10:20:00+08:00,3634.6
2025-10-13 10:30:00+08:00,3667.3
2025-10-13 10:40:00+08:00,3678.7
2025-10-13 10:50:00+08:00,3706.7
2025-10-13 11:00:00+08:00,3723.5
2025-10-13 11:10:00+08:00,3746.4
2025-10-13 11:20:00+08:00,3753.0
2025-10-13 11:30:00+08:00,3775.0
2025-10-13 11:40:00+08:00,3776.9
2025-10-13 11:50:00+08:00,3777.6
2025-10-13 12:00:00+08:00,3731.4
2025-10-13 12:10:00+08:00,3683.4
2025-10-13 12:20:00+08:00,3659.0
2025-10-13 12:30:00+08:00,3674.6
2025-10-13 12:40:00+08:00,3699.6
2025-10-13 12:50:00+08:00,3706.7
2025-10-13 13:00:00+08:00,3738.2
2025-10-13 13:10:00+08:00,3810.3
2025-10-13 13:20:00+08:00,3826.1
2025-10-13 13:30:00+08:00,3841.7
2025-10-13 13:40:00+08:00,3845.4
2025-10-13 13:50:00+08:00,3837.7
2025-10-13 14:00:00+08:00,3855.0
2025-10-13 14:10:00+08:00,3852.6
2025-10-13 14:20:00+08:00,3851.2
2025-10-13 14:30:00+08:00,3830.9
2025-10-13 14:40:00+08:00,3826.5
2025-10-13 14:50:00+08:00,3831.4
2025-10-13 15:00:00+08:00,3828.0
2025-10-13 15:10:00+08:00,3813.2
2025-10-13 15:20:00+08:00,3821.2
2025-10-13 15:30:00+08:00,3828.8
2025-10-13 15:40:00+08:00,3791.1
2025-10-13 15:50:00+08:00,3791.3
2025-10-13 16:00:00+08:00,3789.7
2025-10-13 16:10:00+08:00,3762.6
2025-10-13 16:20:00+08:00,3762.0
2025-10-13 16:30:00+08:00,3743.7
2025-10-13 16:40:00+08:00,3724.0
2025-10-13 16:50:00+08:00,3697.3
2025-10-13 17:00:00+08:00,3627.2
2025-10-13 17:10:00+08:00,3576.0
2025-10-13 17:20:00+08:00,3561.9
2025-10-13 17:30:00+08:00,3558.4
2025-10-13 17:40:00+08:00,3570.7
2025-10-13 17:50:00+08:00,3569.9
2025-10-13 18:00:00+08:00,3563.9
2025-10-13 18:10:00+08:00,3565.4
2025-10-13 18:20:00+08:00,3560.2
2025-10-13 18:30:00+08:00,3556.3
2025-10-13 18:40:00+08:00,3554.6
2025-10-13 18:50:00+08:00,3548.3
2025-10-13 19:00:00+08:00,3548.5
2025-10-13 19:10:00+08:00,3527.5
2025-10-13 19:20:00+08:00,3512.7
2025-10-13 19:30:00+08:00,3514.3
2025-10-13 19:40:00+08:00,3510.4
2025-10-13 19:50:00+08:00,3503.6
2025-10-13 20:00:00+08:00,3486.0
2025-10-13 20:10:00+08:00,3480.0
2025-10-13 20:20:00+08:00,3467.6
2025-10-13 20:30:00+08:00,3452.9
2025-10-13 20:40:00+08:00,3438.8
2025-10-13 20:50:00+08:00,3424.7
2025-10-13 21:00:00+08:00,3407.9
2025-10-13 21:10:00+08:00,3391.1
2025-10-13 21:20:00+08:00,3375.1
2025-10-13 21:30:00+08:00,3359.6
2025-10-13 21:40:00+08:00,3356.6
2025-10-13 21:50:00+08:00,3346.7
2025-10-13 22:00:00+08:00,3327.3
2025-10-13 22:10:00+08:00,3324.1
2025-10-13 22:20:00+08:00,3316.7
2025-10-13 22:30:00+08:00,3301.4
2025-10-13 22:40:00+08:00,3275.7
2025-10-13 22:50:00+08:00,3232.0
2025-10-13 23:00:00+08:00,3221.9
2025-10-13 23:10:00+08:00,3193.8
2025-10-13 23:20:00+08:00,3179.5
2025-10-13 23:30:00+08:00,3145.5
2025-10-13 23:40:00+08:00,3125.5
2025-10-13 23:50:00+08:00,3109.1
2025-10-14 00:00:00+08:00,3069.1
2025-10-14 00:10:00+08:00,3064.7
2025-10-14 00:20:00+08:00,3054.8
2025-10-14 00:30:00+08:00,3028.9
2025-10-14 00:40:00+08:00,3011.7
2025-10-14 00:50:00+08:00,2988.3
2025-10-14 01:00:00+08:00,2958.9
2025-10-14 01:10:00+08:00,2962.5
2025-10-14 01:20:00+08:00,2931.9
2025-10-14 01:30:00+08:00,2923.1
2025-10-14 01:40:00+08:00,2895.7
2025-10-14 01:50:00+08:00,2881.0
2025-10-14 02:00:00+08:00,2867.3
2025-10-14 02:10:00+08:00,2857.9
2025-10-14 02:20:00+08:00,2840.3
2025-10-14 02:30:00+08:00,2827.5
2025-10-14 02:40:00+08:00,2795.5
2025-10-14 02:50:00+08:00,2790.7
2025-10-14 03:00:00+08:00,2777.8
2025-10-14 03:10:00+08:00,2794.2
2025-10-14 03:20:00+08:00,2763.5
2025-10-14 03:30:00+08:00,2747.3
2025-10-14 03:40:00+08:00,2746.3
2025-10-14 03:50:00+08:00,2745.7
2025-10-14 04:00:00+08:00,2746.9
2025-10-14 04:10:00+08:00,2728.7
2025-10-14 04:20:00+08:00,2721.2
2025-10-14 04:30:00+08:00,2691.8
2025-10-14 04:40:00+08:00,2716.2
2025-10-14 04:50:00+08:00,2704.3
2025-10-14 05:00:00+08:00,2703.0
2025-10-14 05:10:00+08:00,2711.8
2025-10-14 05:20:00+08:00,2721.1
2025-10-14 05:30:00+08:00,2702.1
2025-10-14 05:40:00+08:00,2722.7
2025-10-14 05:50:00+08:00,2711.8
2025-10-14 06:00:00+08:00,2717.4
2025-10-14 06:10:00+08:00,2738.1
2025-10-14 06:20:00+08:00,2733.4
2025-10-14 06:30:00+08:00,2712.3
2025-10-14 06:40:00+08:00,2760.3
2025-10-14 06:50:00+08:00,2772.7
2025-10-14 07:00:00+08:00,2782.6
2025-10-14 07:10:00+08:00,2841.1
2025-10-14 07:20:00+08:00,2857.3
2025-10-14 07:30:00+08:00,2909.9
2025-10-14 07:40:00+08:00,2969.1
2025-10-14 07:50:00+08:00,3028.9
2025-10-14 08:00:00+08:00,3165.8
2025-10-14 08:10:00+08:00,3277.4
2025-10-14 08:20:00+08:00,3362.1
2025-10-14 08:30:00+08:00,3420.1
2025-10-14 08:40:00+08:00,3462.3
2025-10-14 08:50:00+08:00,3516.5
2025-10-14 09:00:00+08:00,3518.8
2025-10-14 09:10:00+08:00,3543.2
2025-10-14 09:20:00+08:00,3566.3
2025-10-14 09:30:00+08:00,3584.7
2025-10-14 09:40:00+08:00,3608.7
2025-10-14 09:50:00+08:00,3613.0
2025-10-14 10:00:00+08:00,3629.4
2025-10-14 10:10:00+08:00,3656.5
2025-10-14 10:20:00+08:00,3685.0
2025-10-14 10:30:00+08:00,3704.8
2025-10-14 10:40:00+08:00,3714.5
2025-10-14 10:50:00+08:00,3731.0
2025-10-14 11:00:00+08:00,3763.0
2025-10-14 11:10:00+08:00,3792.5
2025-10-14 11:20:00+08:00,3802.7
2025-10-14 11:30:00+08:00,3792.0
2025-10-14 11:40:00+08:00,3807.0
2025-10-14 11:50:00+08:00,3815.5
2025-10-14 12:00:00+08:00,3765.3
2025-10-14 12:10:00+08:00,3721.9
2025-10-14 12:20:00+08:00,3705.1
2025-10-14 12:30:00+08:00,3723.1
2025-10-14 12:40:00+08:00,3732.4
2025-10-14 12:50:00+08:00,3738.9
2025-10-14 13:00:00+08:00,3785.1
2025-10-14 13:10:00+08:00,3849.3
2025-10-14 13:20:00+08:00,3865.7
2025-10-14 13:30:00+08:00,3878.4
2025-10-14 13:40:00+08:00,3892.6
2025-10-14 13:50:00+08:00,3905.2
2025-10-14 14:00:00+08:00,3909.4
2025-10-14 14:10:00+08:00,3896.7
2025-10-14 14:20:00+08:00,3895.5
2025-10-14 14:30:00+08:00,3872.6
2025-10-14 14:40:00+08:00,3889.8
2025-10-14 14:50:00+08:00,3884.4
2025-10-14 15:00:00+08:00,3869.9
2025-10-14 15:10:00+08:00,3860.6
2025-10-14 15:20:00+08:00,3866.1
2025-10-14 15:30:00+08:00,3870.9
2025-10-14 15:40:00+08:00,3829.0
2025-10-14 15:50:00+08:00,3790.5
2025-10-14 16:00:00+08:00,3782.7
2025-10-14 16:10:00+08:00,3754.3
2025-10-14 16:20:00+08:00,3758.9
2025-10-14 16:30:00+08:00,3740.3
2025-10-14 16:40:00+08:00,3716.4
2025-10-14 16:50:00+08:00,3700.0
2025-10-14 17:00:00+08:00,3634.8
2025-10-14 17:10:00+08:00,3583.7
2025-10-14 17:30:00+08:00,3581.9
2025-10-14 17:40:00+08:00,3586.1
2025-10-14 17:50:00+08:00,3601.5
2025-10-14 18:00:00+08:00,3601.8
2025-10-14 18:10:00+08:00,3609.8
2025-10-14 18:20:00+08:00,3605.6
2025-10-14 18:30:00+08:00,3602.1
2025-10-14 18:40:00+08:00,3598.4
2025-10-14 18:50:00+08:00,3596.3
2025-10-14 19:00:00+08:00,3582.0
2025-10-14 19:10:00+08:00,3564.0
2025-10-14 19:20:00+08:00,3559.9
2025-10-14 19:30:00+08:00,3545.9
2025-10-14 19:40:00+08:00,3536.4
2025-10-14 19:50:00+08:00,3531.8
2025-10-14 20:00:00+08:00,3517.7
2025-10-14 20:10:00+08:00,3512.6
2025-10-14 20:20:00+08:00,3497.4
2025-10-14 20:30:00+08:00,3480.4
2025-10-14 20:40:00+08:00,3462.0
2025-10-14 20:50:00+08:00,3454.2
2025-10-14 21:00:00+08:00,3428.5
2025-10-14 21:10:00+08:00,3402.0
2025-10-14 21:20:00+08:00,3398.1
2025-10-14 21:30:00+08:00,3380.1
2025-10-14 21:40:00+08:00,3365.3
2025-10-14 21:50:00+08:00,3363.0
2025-10-14 22:00:00+08:00,3337.5
2025-10-14 22:10:00+08:00,3345.8
2025-10-14 22:20:00+08:00,3331.3
2025-10-14 22:30:00+08:00,3322.3
2025-10-14 22:40:00+08:00,3283.6
2025-10-14 22:50:00+08:00,3253.8
2025-10-14 23:00:00+08:00,3244.2
2025-10-14 23:10:00+08:00,3239.2
2025-10-14 23:20:00+08:00,3209.8
2025-10-14 23:30:00+08:00,3170.0
2025-10-14 23:40:00+08:00,3131.4
2025-10-14 23:50:00+08:00,3118.5
2025-10-15 00:00:00+08:00,3077.8
2025-10-15 00:10:00+08:00,3085.1
2025-10-15 00:20:00+08:00,3082.9
2025-10-15 00:30:00+08:00,3063.4
2025-10-15 00:40:00+08:00,3043.1
2025-10-15 00:50:00+08:00,3035.1
2025-10-15 01:00:00+08:00,2993.5
2025-10-15 01:10:00+08:00,2981.9
2025-10-15 01:20:00+08:00,2969.8
2025-10-15 01:30:00+08:00,2951.0
2025-10-15 01:40:00+08:00,2926.0
2025-10-15 01:50:00+08:00,2921.4
2025-10-15 02:00:00+08:00,2908.8
2025-10-15 02:10:00+08:00,2883.7
2025-10-15 02:20:00+08:00,2865.6
2025-10-15 02:30:00+08:00,2854.3
2025-10-15 02:40:00+08:00,2829.7
2025-10-15 02:50:00+08:00,2836.8
2025-10-15 03:00:00+08:00,2836.5
2025-10-15 03:10:00+08:00,2827.9
2025-10-15 03:20:00+08:00,2812.3
2025-10-15 03:30:00+08:00,2773.7
2025-10-15 03:40:00+08:00,2795.1
2025-10-15 03:50:00+08:00,2776.6
2025-10-15 04:00:00+08:00,2765.9
2025-10-15 04:10:00+08:00,2791.6
2025-10-15 04:20:00+08:00,2766.5
2025-10-15 04:30:00+08:00,2755.0
2025-10-15 04:40:00+08:00,2751.6
2025-10-15 04:50:00+08:00,2757.7
2025-10-15 05:00:00+08:00,2742.4
2025-10-15 05:10:00+08:00,2754.0
2025-10-15 05:20:00+08:00,2745.8
2025-10-15 05:30:00+08:00,2756.2
2025-10-15 05:40:00+08:00,2752.7
2025-10-15 05:50:00+08:00,2738.5
2025-10-15 06:00:00+08:00,2762.3
2025-10-15 06:10:00+08:00,2759.7
2025-10-15 06:20:00+08:00,2762.1
2025-10-15 06:30:00+08:00,2755.0
2025-10-15 06:40:00+08:00,2775.3
2025-10-15 06:50:00+08:00,2808.7
2025-10-15 07:00:00+08:00,2818.4
2025-10-15 07:10:00+08:00,2880.9
2025-10-15 07:20:00+08:00,2889.9
2025-10-15 07:30:00+08:00,2932.2
2025-10-15 07:40:00+08:00,2990.8
2025-10-15 07:50:00+08:00,3054.4
2025-10-15 08:00:00+08:00,3174.6
2025-10-15 08:10:00+08:00,3313.6
2025-10-15 08:20:00+08:00,3382.1
2025-10-15 08:30:00+08:00,3430.5
2025-10-15 08:40:00+08:00,3476.4
2025-10-15 08:50:00+08:00,3524.4
2025-10-15 09:00:00+08:00,3558.9
2025-10-15 09:10:00+08:00,3578.3
2025-10-15 09:20:00+08:00,3587.7
2025-10-15 09:30:00+08:00,3587.6
2025-10-15 09:40:00+08:00,3587.6
2025-10-15 09:50:00+08:00,3625.5
2025-10-15 10:00:00+08:00,3655.9
2025-10-15 10:10:00+08:00,3676.8
2025-10-15 10:20:00+08:00,3698.5
2025-10-15 10:30:00+08:00,3715.7
2025-10-15 10:40:00+08:00,3706.4
2025-10-15 10:50:00+08:00,3725.3
2025-10-15 11:00:00+08:00,3738.7
2025-10-15 11:10:00+08:00,3766.0
2025-10-15 11:20:00+08:00,3796.5
2025-10-15 11:30:00+08:00,3795.2
2025-10-15 11:40:00+08:00,3784.3
2025-10-15 11:50:00+08:00,3789.0
2025-10-15 12:00:00+08:00,3718.0
2025-10-15 12:10:00+08:00,3675.3
2025-10-15 12:20:00+08:00,3682.3
2025-10-15 12:30:00+08:00,3687.5
2025-10-15 12:40:00+08:00,3695.8
2025-10-15 12:50:00+08:00,3697.1
2025-10-15 13:00:00+08:00,3722.1
2025-10-15 13:10:00+08:00,3821.2
2025-10-15 13:20:00+08:00,3856.6
2025-10-15 13:30:00+08:00,3847.7
2025-10-15 13:40:00+08:00,3851.5
2025-10-15 13:50:00+08:00,3851.2
2025-10-15 14:00:00+08:00,3856.7
2025-10-15 14:10:00+08:00,3853.4
2025-10-15 14:20:00+08:00,3841.7
2025-10-15 14:30:00+08:00,3820.4
2025-10-15 14:40:00+08:00,3844.1
2025-10-15 14:50:00+08:00,3830.2
2025-10-15 15:00:00+08:00,3831.7
2025-10-15 15:10:00+08:00,3813.6
2025-10-15 15:20:00+08:00,3826.0
2025-10-15 15:30:00+08:00,3830.6
2025-10-15 15:40:00+08:00,3807.9
2025-10-15 15:50:00+08:00,3784.4
2025-10-15 16:00:00+08:00,3773.4
2025-10-15 16:10:00+08:00,3758.5
2025-10-15 16:20:00+08:00,3740.4
2025-10-15 16:30:00+08:00,3728.1
2025-10-15 16:40:00+08:00,3708.9
2025-10-15 16:50:00+08:00,3681.8
2025-10-15 17:00:00+08:00,3625.8
2025-10-15 17:10:00+08:00,3559.1
2025-10-15 17:20:00+08:00,3554.2
2025-10-15 17:30:00+08:00,3538.7
2025-10-15 17:40:00+08:00,3552.8
2025-10-15 17:50:00+08:00,3560.6
2025-10-15 18:00:00+08:00,3567.6
2025-10-15 18:10:00+08:00,3551.5
2025-10-15 18:20:00+08:00,3553.8
2025-10-15 18:30:00+08:00,3543.7
2025-10-15 18:40:00+08:00,3534.0
2025-10-15 18:50:00+08:00,3527.9
2025-10-15 19:00:00+08:00,3527.5
2025-10-15 19:10:00+08:00,3500.1
2025-10-15 19:20:00+08:00,3500.6
2025-10-15 19:30:00+08:00,3489.4
2025-10-15 19:40:00+08:00,3480.5
2025-10-15 19:50:00+08:00,3468.1
2025-10-15 20:00:00+08:00,3456.3
2025-10-15 20:10:00+08:00,3442.6
2025-10-15 20:20:00+08:00,3443.4
2025-10-15 20:30:00+08:00,3424.8
2025-10-15 20:40:00+08:00,3415.3
2025-10-15 20:50:00+08:00,3400.2
2025-10-15 21:00:00+08:00,3384.5
2025-10-15 21:10:00+08:00,3358.6
2025-10-15 21:20:00+08:00,3359.7
2025-10-15 21:30:00+08:00,3346.4
2025-10-15 21:40:00+08:00,3347.2
2025-10-15 21:50:00+08:00,3326.5
2025-10-15 22:00:00+08:00,3312.0
2025-10-15 22:10:00+08:00,3314.2
2025-10-15 22:20:00+08:00,3313.8
2025-10-15 22:30:00+08:00,3301.0
2025-10-15 22:40:00+08:00,3261.3
2025-10-15 22:50:00+08:00,3243.1
2025-10-15 23:00:00+08:00,3235.6
2025-10-15 23:10:00+08:00,3199.2
2025-10-15 23:20:00+08:00,3175.1
2025-10-15 23:30:00+08:00,3140.3
2025-10-15 23:40:00+08:00,3123.2
2025-10-15 23:50:00+08:00,3080.4
2025-10-16 00:00:00+08:00,3074.1
2025-10-16 00:10:00+08:00,3088.1
2025-10-16 00:20:00+08:00,3070.6
2025-10-16 00:30:00+08:00,3058.1
2025-10-16 00:40:00+08:00,3052.3
2025-10-16 00:50:00+08:00,3021.5
2025-10-16 01:00:00+08:00,2982.0
2025-10-16 01:10:00+08:00,2984.7
2025-10-16 01:20:00+08:00,2961.4
2025-10-16 01:30:00+08:00,2936.1
2025-10-16 01:40:00+08:00,2928.8
2025-10-16 01:50:00+08:00,2908.5
2025-10-16 02:00:00+08:00,2902.3
2025-10-16 02:10:00+08:00,2887.6
2025-10-16 02:20:00+08:00,2867.8
2025-10-16 02:30:00+08:00,2866.9
2025-10-16 02:40:00+08:00,2837.2
2025-10-16 02:50:00+08:00,2823.1
2025-10-16 03:00:00+08:00,2821.5
2025-10-16 03:10:00+08:00,2809.8
2025-10-16 03:20:00+08:00,2798.2
2025-10-16 03:30:00+08:00,2790.7
2025-10-16 03:40:00+08:00,2780.6
2025-10-16 03:50:00+08:00,2773.1
2025-10-16 04:00:00+08:00,2763.7
2025-10-16 04:10:00+08:00,2770.3
2025-10-16 04:20:00+08:00,2745.6
2025-10-16 04:30:00+08:00,2734.4
2025-10-16 04:40:00+08:00,2736.0
2025-10-16 04:50:00+08:00,2760.7
2025-10-16 05:00:00+08:00,2741.4
2025-10-16 05:10:00+08:00,2752.6
2025-10-16 05:20:00+08:00,2738.8
2025-10-16 05:30:00+08:00,2754.1
2025-10-16 05:40:00+08:00,2747.2
2025-10-16 05:50:00+08:00,2734.8
2025-10-16 06:00:00+08:00,2716.8
2025-10-16 06:10:00+08:00,2744.4
2025-10-16 06:20:00+08:00,2724.1
2025-10-16 06:30:00+08:00,2724.9
2025-10-16 06:40:00+08:00,2747.9
2025-10-16 06:50:00+08:00,2760.6
2025-10-16 07:00:00+08:00,2779.5
2025-10-16 07:10:00+08:00,2809.7
2025-10-16 07:20:00+08:00,2839.0
2025-10-16 07:30:00+08:00,2891.1
2025-10-16 07:40:00+08:00,2937.3
2025-10-16 07:50:00+08:00,3023.7
2025-10-16 08:00:00+08:00,3109.8
2025-10-16 08:10:00+08:00,3254.4
2025-10-16 08:20:00+08:00,3315.3
2025-10-16 08:30:00+08:00,3362.0
2025-10-16 08:40:00+08:00,3423.3
2025-10-16 08:50:00+08:00,3463.0
2025-10-16 09:00:00+08:00,3499.0
2025-10-16 09:10:00+08:00,3518.1
2025-10-16 09:20:00+08:00,3558.6
2025-10-16 09:30:00+08:00,3547.7
2025-10-16 09:40:00+08:00,3574.7
2025-10-16 09:50:00+08:00,3599.6
2025-10-16 10:00:00+08:00,3637.7
2025-10-16 10:10:00+08:00,3640.1
2025-10-16 10:20:00+08:00,3672.1
2025-10-16 10:30:00+08:00,3691.7
2025-10-16 10:40:00+08:00,3702.1
2025-10-16 10:50:00+08:00,3728.4
2025-10-16 11:00:00+08:00,3755.3
2025-10-16 11:10:00+08:00,3775.2
2025-10-16 11:20:00+08:00,3786.8
2025-10-16 11:30:00+08:00,3805.8
2025-10-16 11:40:00+08:00,3801.8
2025-10-16 11:50:00+08:00,3794.5
2025-10-16 12:00:00+08:00,3755.9
2025-10-16 12:10:00+08:00,3693.9
2025-10-16 12:20:00+08:00,3700.1
2025-10-16 12:30:00+08:00,3712.7
2025-10-16 12:40:00+08:00,3708.3
2025-10-16 12:50:00+08:00,3704.3
2025-10-16 13:00:00+08:00,3736.4
2025-10-16 13:10:00+08:00,3842.9
2025-10-16 13:20:00+08:00,3862.0
2025-10-16 13:30:00+08:00,3869.3
2025-10-16 13:40:00+08:00,3876.1
2025-10-16 13:50:00+08:00,3871.0
2025-10-16 14:00:00+08:00,3869.4
2025-10-16 14:10:00+08:00,3869.5
2025-10-16 14:20:00+08:00,3856.1
2025-10-16 14:30:00+08:00,3837.3
2025-10-16 14:40:00+08:00,3836.7
2025-10-16 14:50:00+08:00,3832.4
2025-10-16 15:00:00+08:00,3831.0
2025-10-16 15:10:00+08:00,3810.5
2025-10-16 15:20:00+08:00,3826.6
2025-10-16 15:30:00+08:00,3822.3
2025-10-16 15:40:00+08:00,3804.1
2025-10-16 15:50:00+08:00,3800.9
2025-10-16 16:00:00+08:00,3797.6
2025-10-16 16:10:00+08:00,3775.9
2025-10-16 16:20:00+08:00,3766.0
2025-10-16 16:30:00+08:00,3750.2
2025-10-16 16:40:00+08:00,3739.9
2025-10-16 16:50:00+08:00,3708.5
2025-10-16 17:00:00+08:00,3654.5
2025-10-16 17:10:00+08:00,3595.4
2025-10-16 17:20:00+08:00,3592.7
2025-10-16 17:30:00+08:00,3593.9
2025-10-16 17:40:00+08:00,3603.5
2025-10-16 17:50:00+08:00,3620.7
2025-10-16 18:00:00+08:00,3611.7
2025-10-16 18:10:00+08:00,3601.3
2025-10-16 18:20:00+08:00,3599.5
2025-10-16 18:30:00+08:00,3596.5
2025-10-16 18:40:00+08:00,3598.6
2025-10-16 18:50:00+08:00,3589.6
2025-10-16 19:00:00+08:00,3584.8
2025-10-16 19:10:00+08:00,3568.6
2025-10-16 19:20:00+08:00,3559.9
2025-10-16 19:30:00+08:00,3554.0
2025-10-16 19:40:00+08:00,3537.1
2025-10-16 19:50:00+08:00,3530.8
2025-10-16 20:00:00+08:00,3522.3
2025-10-16 20:10:00+08:00,3509.8
2025-10-16 20:20:00+08:00,3502.4
2025-10-16 20:30:00+08:00,3494.2
2025-10-16 20:40:00+08:00,3473.9
2025-10-16 20:50:00+08:00,3470.1
2025-10-16 21:00:00+08:00,3451.2
2025-10-16 21:10:00+08:00,3428.2
2025-10-16 21:20:00+08:00,3419.9
2025-10-16 21:30:00+08:00,3410.6
2025-10-16 21:40:00+08:00,3382.5
2025-10-16 21:50:00+08:00,3376.5
2025-10-16 22:00:00+08:00,3361.6
2025-10-16 22:10:00+08:00,3349.8
2025-10-16 22:20:00+08:00,3341.3
2025-10-16 22:30:00+08:00,3315.0
2025-10-16 22:40:00+08:00,3297.7
2025-10-16 22:50:00+08:00,3282.7
2025-10-16 23:00:00+08:00,3262.6
2025-10-16 23:10:00+08:00,3238.3
2025-10-16 23:20:00+08:00,3210.5
2025-10-16 23:30:00+08:00,3169.2
2025-10-16 23:40:00+08:00,3151.1
2025-10-16 23:50:00+08:00,3139.8
2025-10-17 00:00:00+08:00,3084.9
2025-10-17 00:10:00+08:00,3114.9
2025-10-17 00:20:00+08:00,3083.5
2025-10-17 00:30:00+08:00,3046.0
2025-10-17 00:40:00+08:00,3041.7
2025-10-17 00:50:00+08:00,3009.7
2025-10-17 01:00:00+08:00,3012.0
2025-10-17 01:10:00+08:00,2994.3
2025-10-17 01:20:00+08:00,2981.1
2025-10-17 01:30:00+08:00,2952.9
2025-10-17 01:40:00+08:00,2935.1
2025-10-17 01:50:00+08:00,2914.5
2025-10-17 02:00:00+08:00,2896.3
2025-10-17 02:10:00+08:00,2906.3
2025-10-17 02:20:00+08:00,2870.1
2025-10-17 02:30:00+08:00,2866.1
2025-10-17 02:40:00+08:00,2848.9
2025-10-17 02:50:00+08:00,2840.8
2025-10-17 03:00:00+08:00,2821.4
2025-10-17 03:10:00+08:00,2804.4
2025-10-17 03:20:00+08:00,2799.1
2025-10-17 03:30:00+08:00,2797.4
2025-10-17 03:40:00+08:00,2777.1
2025-10-17 03:50:00+08:00,2785.7
2025-10-17 04:00:00+08:00,2770.5
2025-10-17 04:10:00+08:00,2784.7
2025-10-17 04:20:00+08:00,2762.4
2025-10-17 04:30:00+08:00,2748.9
2025-10-17 04:40:00+08:00,2756.0
2025-10-17 04:50:00+08:00,2752.8
2025-10-17 05:00:00+08:00,2742.1
2025-10-17 05:10:00+08:00,2768.8
2025-10-17 05:20:00+08:00,2757.2
2025-10-17 05:30:00+08:00,2758.6
2025-10-17 05:40:00+08:00,2743.1
2025-10-17 05:50:00+08:00,2744.2
2025-10-17 06:00:00+08:00,2748.6
2025-10-17 06:10:00+08:00,2753.0
2025-10-17 06:20:00+08:00,2751.0
2025-10-17 06:30:00+08:00,2751.3
2025-10-17 06:40:00+08:00,2771.8
2025-10-17 06:50:00+08:00,2773.9
2025-10-17 07:00:00+08:00,2802.0
2025-10-17 07:10:00+08:00,2835.9
2025-10-17 07:20:00+08:00,2859.7
2025-10-17 07:30:00+08:00,2890.7
2025-10-17 07:40:00+08:00,2946.0
2025-10-17 07:50:00+08:00,3015.1
2025-10-17 08:00:00+08:00,3135.7
2025-10-17 08:10:00+08:00,3262.9
2025-10-17 08:20:00+08:00,3329.2
2025-10-17 08:30:00+08:00,3351.8
2025-10-17 08:40:00+08:00,3410.2
2025-10-17 08:50:00+08:00,3436.4
2025-10-17 09:00:00+08:00,3493.9
2025-10-17 09:10:00+08:00,3522.4
2025-10-17 09:20:00+08:00,3532.2
2025-10-17 09:30:00+08:00,3545.1
2025-10-17 09:40:00+08:00,3582.9
2025-10-17 09:50:00+08:00,3610.5
2025-10-17 10:00:00+08:00,3617.4
2025-10-17 10:10:00+08:00,3632.0
2025-10-17 10:20:00+08:00,3663.9
2025-10-17 10:30:00+08:00,3686.2
2025-10-17 10:40:00+08:00,3723.0
2025-10-17 10:50:00+08:00,3736.1
2025-10-17 11:00:00+08:00,3758.4
2025-10-17 11:10:00+08:00,3807.7
2025-10-17 11:20:00+08:00,3807.2
2025-10-17 11:30:00+08:00,3827.1
2025-10-17 11:40:00+08:00,3839.9
2025-10-17 11:50:00+08:00,3813.5
2025-10-17 12:00:00+08:00,3767.1
2025-10-17 12:10:00+08:00,3720.7
2025-10-17 12:20:00+08:00,3724.1
2025-10-17 12:30:00+08:00,3710.5
2025-10-17 12:40:00+08:00,3718.2
2025-10-17 12:50:00+08:00,3727.4
2025-10-17 13:00:00+08:00,3765.7
2025-10-17 13:10:00+08:00,3858.3
2025-10-17 13:20:00+08:00,3874.5
2025-10-17 13:30:00+08:00,3876.1
2025-10-17 13:40:00+08:00,3882.4
2025-10-17 13:50:00+08:00,3886.5
2025-10-17 14:00:00+08:00,3879.3
2025-10-17 14:10:00+08:00,3879.3
2025-10-17 14:20:00+08:00,3870.2
2025-10-17 14:30:00+08:00,3868.7
2025-10-17 14:40:00+08:00,3852.9
2025-10-17 14:50:00+08:00,3851.2
2025-10-17 15:00:00+08:00,3839.1
2025-10-17 15:10:00+08:00,3820.5
2025-10-17 15:20:00+08:00,3828.9
2025-10-17 15:30:00+08:00,3819.4
2025-10-17 15:40:00+08:00,3830.5
2025-10-17 15:50:00+08:00,3783.3
2025-10-17 16:00:00+08:00,3774.1
2025-10-17 16:10:00+08:00,3745.9
2025-10-17 16:20:00+08:00,3724.1
2025-10-17 16:30:00+08:00,3724.4
2025-10-17 16:40:00+08:00,3694.8
2025-10-17 16:50:00+08:00,3657.5
2025-10-17 17:00:00+08:00,3598.2
2025-10-17 17:10:00+08:00,3539.4
2025-10-17 17:20:00+08:00,3536.0
2025-10-17 17:30:00+08:00,3528.4
2025-10-17 17:40:00+08:00,3521.9
2025-10-17 17:50:00+08:00,3542.0
2025-10-17 18:00:00+08:00,3531.1
2025-10-17 18:10:00+08:00,3524.8
2025-10-17 18:20:00+08:00,3519.5
2025-10-17 18:30:00+08:00,3524.2
2025-10-17 18:40:00+08:00,3522.6
2025-10-17 18:50:00+08:00,3529.8
2025-10-17 19:00:00+08:00,3521.0
2025-10-17 19:10:00+08:00,3502.8
2025-10-17 19:20:00+08:00,3501.7
2025-10-17 19:30:00+08:00,3488.8
2025-10-17 19:40:00+08:00,3479.3
2025-10-17 19:50:00+08:00,3462.5
2025-10-17 20:00:00+08:00,3467.2
2025-10-17 20:10:00+08:00,3442.1
2025-10-17 20:20:00+08:00,3434.9
2025-10-17 20:30:00+08:00,3424.7
2025-10-17 20:40:00+08:00,3416.8
2025-10-17 20:50:00+08:00,3403.4
2025-10-17 21:00:00+08:00,3395.2
2025-10-17 21:10:00+08:00,3382.5
2025-10-17 21:20:00+08:00,3368.1
2025-10-17 21:30:00+08:00,3361.9
2025-10-17 21:40:00+08:00,3345.3
2025-10-17 21:50:00+08:00,3341.2
2025-10-17 22:00:00+08:00,3319.6
2025-10-17 22:10:00+08:00,3338.6
2025-10-17 22:20:00+08:00,3334.8
2025-10-17 22:30:00+08:00,3314.0
2025-10-17 22:40:00+08:00,3301.7
2025-10-17 22:50:00+08:00,3277.2
2025-10-17 23:00:00+08:00,3245.7
2025-10-17 23:10:00+08:00,3216.3
2025-10-17 23:20:00+08:00,3211.3
2025-10-17 23:30:00+08:00,3183.0
2025-10-17 23:40:00+08:00,3153.6
2025-10-17 23:50:00+08:00,3147.7
2025-10-18 00:00:00+08:00,3095.1
2025-10-18 00:10:00+08:00,3107.9
2025-10-18 00:20:00+08:00,3097.2
2025-10-18 00:30:00+08:00,3065.9
2025-10-18 00:40:00+08:00,3056.1
2025-10-18 00:50:00+08:00,3024.8
2025-10-18 01:00:00+08:00,3004.7
2025-10-18 01:10:00+08:00,2994.8
2025-10-18 01:20:00+08:00,2973.2
2025-10-18 01:30:00+08:00,2962.9
2025-10-18 01:40:00+08:00,2940.8
2025-10-18 01:50:00+08:00,2921.7
2025-10-18 02:00:00+08:00,2893.7
2025-10-18 02:10:00+08:00,2884.9
2025-10-18 02:20:00+08:00,2871.9
2025-10-18 02:30:00+08:00,2856.6
2025-10-18 02:40:00+08:00,2843.2
2025-10-18 02:50:00+08:00,2834.5
2025-10-18 03:00:00+08:00,2820.4
2025-10-18 03:10:00+08:00,2801.2
2025-10-18 03:20:00+08:00,2795.3
2025-10-18 03:30:00+08:00,2777.5
2025-10-18 03:40:00+08:00,2793.9
2025-10-18 03:50:00+08:00,2779.8
2025-10-18 04:00:00+08:00,2753.2
2025-10-18 04:10:00+08:00,2759.4
2025-10-18 04:20:00+08:00,2745.1
2025-10-18 04:30:00+08:00,2744.8
2025-10-18 04:40:00+08:00,2723.9
2025-10-18 04:50:00+08:00,2734.6
2025-10-18 05:00:00+08:00,2733.8
2025-10-18 05:10:00+08:00,2741.5
2025-10-18 05:20:00+08:00,2698.3
2025-10-18 05:30:00+08:00,2710.1
2025-10-18 05:40:00+08:00,2719.6
2025-10-18 05:50:00+08:00,2710.5
2025-10-18 06:00:00+08:00,2686.2
2025-10-18 06:10:00+08:00,2703.2
2025-10-18 06:20:00+08:00,2686.4
2025-10-18 06:30:00+08:00,2692.0
2025-10-18 06:40:00+08:00,2688.1
2025-10-18 06:50:00+08:00,2685.1
2025-10-18 07:00:00+08:00,2690.1
2025-10-18 07:10:00+08:00,2778.7
2025-10-18 07:20:00+08:00,2788.7
2025-10-18 07:30:00+08:00,2795.8
2025-10-18 07:40:00+08:00,2828.5
2025-10-18 07:50:00+08:00,2850.9
2025-10-18 08:00:00+08:00,2886.3
2025-10-18 08:10:00+08:00,2928.0
2025-10-18 08:20:00+08:00,2894.8
2025-10-18 08:30:00+08:00,2926.6
2025-10-18 08:40:00+08:00,2992.6
2025-10-18 08:50:00+08:00,3001.8
2025-10-18 09:00:00+08:00,3029.1
2025-10-18 09:10:00+08:00,3060.7
2025-10-18 09:20:00+08:00,3079.4
2025-10-18 09:30:00+08:00,3091.8
2025-10-18 09:40:00+08:00,3140.2
2025-10-18 09:50:00+08:00,3141.6
2025-10-18 10:00:00+08:00,3190.7
2025-10-18 10:10:00+08:00,3208.4
2025-10-18 10:20:00+08:00,3243.4
2025-10-18 10:30:00+08:00,3268.3
2025-10-18 10:40:00+08:00,3291.8
2025-10-18 10:50:00+08:00,3319.6
2025-10-18 11:00:00+08:00,3323.5
2025-10-18 11:10:00+08:00,3366.2
2025-10-18 11:20:00+08:00,3360.5
2025-10-18 11:30:00+08:00,3378.1
2025-10-18 11:40:00+08:00,3368.6
2025-10-18 11:50:00+08:00,3401.9
2025-10-18 12:00:00+08:00,3405.1
2025-10-18 12:10:00+08:00,3397.9
2025-10-18 12:20:00+08:00,3391.3
2025-10-18 12:30:00+08:00,3424.5
2025-10-18 12:40:00+08:00,3392.7
2025-10-18 12:50:00+08:00,3420.3
2025-10-18 13:00:00+08:00,3438.8
2025-10-18 13:10:00+08:00,3453.1
2025-10-18 13:20:00+08:00,3468.7
2025-10-18 13:30:00+08:00,3484.5
2025-10-18 13:40:00+08:00,3469.3
2025-10-18 13:50:00+08:00,3473.3
2025-10-18 14:00:00+08:00,3454.5
2025-10-18 14:10:00+08:00,3472.5
2025-10-18 14:20:00+08:00,3466.2
2025-10-18 14:30:00+08:00,3462.6
2025-10-18 14:40:00+08:00,3464.7
2025-10-18 14:50:00+08:00,3465.5
2025-10-18 15:00:00+08:00,3449.2
2025-10-18 15:10:00+08:00,3442.3
2025-10-18 15:20:00+08:00,3430.1
2025-10-18 15:30:00+08:00,3434.3
2025-10-18 15:40:00+08:00,3424.1
2025-10-18 15:50:00+08:00,3437.8
2025-10-18 16:00:00+08:00,3443.9
2025-10-18 16:10:00+08:00,3431.2
2025-10-18 16:20:00+08:00,3405.6
2025-10-18 16:30:00+08:00,3405.5
2025-10-18 16:40:00+08:00,3380.7
2025-10-18 16:50:00+08:00,3357.7
2025-10-18 17:00:00+08:00,3326.3
2025-10-18 17:10:00+08:00,3311.2
2025-10-18 17:20:00+08:00,3329.4
2025-10-18 17:30:00+08:00,3336.1
2025-10-18 17:40:00+08:00,3336.7
2025-10-18 17:50:00+08:00,3366.2
2025-10-18 18:00:00+08:00,3364.6
2025-10-18 18:10:00+08:00,3384.8
2025-10-18 18:20:00+08:00,3350.7
2025-10-18 18:30:00+08:00,3360.9
2025-10-18 18:40:00+08:00,3358.1
2025-10-18 18:50:00+08:00,3336.8
2025-10-18 19:00:00+08:00,3344.3
2025-10-18 19:10:00+08:00,3361.6
2025-10-18 19:20:00+08:00,3349.2
2025-10-18 19:30:00+08:00,3320.6
2025-10-18 19:40:00+08:00,3322.5
2025-10-18 19:50:00+08:00,3332.9
2025-10-18 20:00:00+08:00,3327.4
2025-10-18 20:10:00+08:00,3335.0
2025-10-18 20:20:00+08:00,3327.1
2025-10-18 20:30:00+08:00,3324.5
2025-10-18 20:40:00+08:00,3331.5
2025-10-18 20:50:00+08:00,3300.3
2025-10-18 21:00:00+08:00,3278.1
2025-10-18 21:10:00+08:00,3285.3
2025-10-18 21:20:00+08:00,3278.0
2025-10-18 21:30:00+08:00,3278.1
2025-10-18 21:40:00+08:00,3265.3
2025-10-18 21:50:00+08:00,3262.6
2025-10-18 22:00:00+08:00,3243.9
2025-10-18 22:10:00+08:00,3241.7
2025-10-18 22:20:00+08:00,3195.2
2025-10-18 22:30:00+08:00,3180.5
2025-10-18 22:40:00+08:00,3150.6
2025-10-18 22:50:00+08:00,3137.8
2025-10-18 23:00:00+08:00,3112.3
2025-10-18 23:10:00+08:00,3105.6
2025-10-18 23:20:00+08:00,3095.8
2025-10-18 23:30:00+08:00,3054.9
2025-10-18 23:40:00+08:00,3072.0
2025-10-18 23:50:00+08:00,3030.1
2025-10-19 00:00:00+08:00,3001.3
2025-10-19 00:10:00+08:00,2979.8
2025-10-19 00:20:00+08:00,2968.3
2025-10-19 00:30:00+08:00,2945.5
2025-10-19 00:40:00+08:00,2919.8
2025-10-19 00:50:00+08:00,2918.4
2025-10-19 01:00:00+08:00,2877.7
2025-10-19 01:10:00+08:00,2882.1
2025-10-19 01:20:00+08:00,2862.1
2025-10-19 01:30:00+08:00,2840.8
2025-10-19 01:40:00+08:00,2822.3
2025-10-19 01:50:00+08:00,2807.6
2025-10-19 02:00:00+08:00,2806.8
2025-10-19 02:10:00+08:00,2767.3
2025-10-19 02:20:00+08:00,2763.8
2025-10-19 02:30:00+08:00,2759.7
2025-10-19 02:40:00+08:00,2732.7
2025-10-19 02:50:00+08:00,2713.9
2025-10-19 03:00:00+08:00,2714.1
2025-10-19 03:10:00+08:00,2688.1
2025-10-19 03:20:00+08:00,2681.3
2025-10-19 03:30:00+08:00,2679.9
2025-10-19 03:40:00+08:00,2660.5
2025-10-19 03:50:00+08:00,2653.9
2025-10-19 04:00:00+08:00,2626.7
2025-10-19 04:10:00+08:00,2631.2
2025-10-19 04:20:00+08:00,2644.5
2025-10-19 04:30:00+08:00,2644.5
2025-10-19 04:40:00+08:00,2610.1
2025-10-19 04:50:00+08:00,2622.9
2025-10-19 05:00:00+08:00,2620.2
2025-10-19 05:10:00+08:00,2614.9
2025-10-19 05:20:00+08:00,2609.9
2025-10-19 05:30:00+08:00,2613.6
2025-10-19 05:40:00+08:00,2614.4
2025-10-19 05:50:00+08:00,2594.8
2025-10-19 06:00:00+08:00,2606.3
2025-10-19 06:10:00+08:00,2596.6
2025-10-19 06:20:00+08:00,2602.3
2025-10-19 06:30:00+08:00,2580.0
2025-10-19 06:40:00+08:00,2579.6
2025-10-19 06:50:00+08:00,2598.7
2025-10-19 07:00:00+08:00,2576.7
2025-10-19 07:10:00+08:00,2598.7
2025-10-19 07:20:00+08:00,2632.2
2025-10-19 07:30:00+08:00,2623.3
2025-10-19 07:40:00+08:00,2661.7
2025-10-19 07:50:00+08:00,2660.7
2025-10-19 08:00:00+08:00,2649.8
2025-10-19 08:10:00+08:00,2681.6
2025-10-19 08:20:00+08:00,2724.0
2025-10-19 08:30:00+08:00,2729.3
2025-10-19 08:40:00+08:00,2755.7
2025-10-19 08:50:00+08:00,2754.1
2025-10-19 09:00:00+08:00,2802.0
2025-10-19 09:10:00+08:00,2818.7
2025-10-19 09:20:00+08:00,2824.8
2025-10-19 09:30:00+08:00,2841.2
2025-10-19 09:40:00+08:00,2856.3
2025-10-19 09:50:00+08:00,2850.3
2025-10-19 10:00:00+08:00,2870.0
2025-10-19 10:10:00+08:00,2907.7
2025-10-19 10:20:00+08:00,2890.2
2025-10-19 10:30:00+08:00,2906.2
2025-10-19 10:40:00+08:00,2940.2
2025-10-19 10:50:00+08:00,2946.4
2025-10-19 11:00:00+08:00,2963.1
2025-10-19 11:10:00+08:00,2959.9
2025-10-19 11:20:00+08:00,2970.0
2025-10-19 11:30:00+08:00,2956.6
2025-10-19 11:40:00+08:00,2941.6
2025-10-19 11:50:00+08:00,2961.8
2025-10-19 12:00:00+08:00,2975.1
2025-10-19 12:10:00+08:00,2972.8
2025-10-19 12:20:00+08:00,2961.8
2025-10-19 12:30:00+08:00,2959.5
2025-10-19 12:40:00+08:00,2958.3
2025-10-19 12:50:00+08:00,2974.1
2025-10-19 13:00:00+08:00,2969.9
2025-10-19 13:10:00+08:00,2973.8
2025-10-19 13:20:00+08:00,2970.9
2025-10-19 13:30:00+08:00,2980.0
2025-10-19 13:40:00+08:00,2985.1
2025-10-19 13:50:00+08:00,2987.9
2025-10-19 14:00:00+08:00,2994.1
2025-10-19 14:10:00+08:00,3008.7
2025-10-19 14:20:00+08:00,3007.2
2025-10-19 14:30:00+08:00,3007.9
2025-10-19 14:40:00+08:00,2997.2
2025-10-19 14:50:00+08:00,3019.4
2025-10-19 15:00:00+08:00,3008.0
2025-10-19 15:10:00+08:00,3023.7
2025-10-19 15:20:00+08:00,3002.4
2025-10-19 15:30:00+08:00,3016.6
2025-10-19 15:40:00+08:00,2984.5
2025-10-19 15:50:00+08:00,2989.7
2025-10-19 16:00:00+08:00,2997.8
2025-10-19 16:10:00+08:00,2996.9
2025-10-19 16:20:00+08:00,2996.4
2025-10-19 16:30:00+08:00,3018.6
2025-10-19 16:40:00+08:00,3014.6
2025-10-19 16:50:00+08:00,2996.2
2025-10-19 17:00:00+08:00,3024.7
2025-10-19 17:10:00+08:00,3046.4
2025-10-19 17:20:00+08:00,3061.0
2025-10-19 17:30:00+08:00,3091.1
2025-10-19 17:40:00+08:00,3093.5
2025-10-19 17:50:00+08:00,3116.1
2025-10-19 18:00:00+08:00,3122.5
2025-10-19 18:10:00+08:00,3121.3
2025-10-19 18:20:00+08:00,3117.8
2025-10-19 18:30:00+08:00,3137.9
2025-10-19 18:40:00+08:00,3113.0
2025-10-19 18:50:00+08:00,3139.3
2025-10-19 19:00:00+08:00,3112.6
2025-10-19 19:10:00+08:00,3111.1
2025-10-19 19:20:00+08:00,3119.3
2025-10-19 19:30:00+08:00,3114.7
2025-10-19 19:40:00+08:00,3123.8
2025-10-19 19:50:00+08:00,3116.9
2025-10-19 20:00:00+08:00,3092.1
2025-10-19 20:10:00+08:00,3124.3
2025-10-19 20:20:00+08:00,3109.1
2025-10-19 20:30:00+08:00,3128.9
2025-10-19 20:40:00+08:00,3110.5
2025-10-19 20:50:00+08:00,3110.1
2025-10-19 21:00:00+08:00,3106.4
2025-10-19 21:10:00+08:00,3105.3
2025-10-19 21:20:00+08:00,3078.8
2025-10-19 21:30:00+08:00,3078.6
2025-10-19 21:40:00+08:00,3062.6
2025-10-19 21:50:00+08:00,3062.1
2025-10-19 22:00:00+08:00,3020.1
2025-10-19 22:10:00+08:00,3004.4
2025-10-19 22:20:00+08:00,2997.3
2025-10-19 22:30:00+08:00,2975.3
2025-10-19 22:40:00+08:00,2926.3
2025-10-19 22:50:00+08:00,2951.3
2025-10-19 23:00:00+08:00,2921.2
2025-10-19 23:10:00+08:00,2892.1
2025-10-19 23:20:00+08:00,2851.3
2025-10-19 23:30:00+08:00,2839.9
2025-10-19 23:40:00+08:00,2826.6
2025-10-19 23:50:00+08:00,2797.9
2025-10-20 00:00:00+08:00,2766.6
2025-10-20 00:10:00+08:00,2750.6
2025-10-20 00:20:00+08:00,2748.0
2025-10-20 00:30:00+08:00,2711.6
2025-10-20 00:40:00+08:00,2682.6
2025-10-20 00:50:00+08:00,2670.6
2025-10-20 01:00:00+08:00,2656.7
2025-10-20 01:10:00+08:00,2659.9
2025-10-20 01:20:00+08:00,2627.5
2025-10-20 01:30:00+08:00,2608.5
2025-10-20 01:40:00+08:00,2591.2
2025-10-20 01:50:00+08:00,2593.3
2025-10-20 02:00:00+08:00,2576.4
2025-10-20 02:10:00+08:00,2581.6
2025-10-20 02:20:00+08:00,2546.4
2025-10-20 02:30:00+08:00,2548.8
2025-10-20 02:40:00+08:00,2524.8
2025-10-20 02:50:00+08:00,2543.5
2025-10-20 03:00:00+08:00,2521.8
2025-10-20 03:10:00+08:00,2504.8
2025-10-20 03:20:00+08:00,2480.9
2025-10-20 03:30:00+08:00,2493.3
2025-10-20 03:40:00+08:00,2476.3
2025-10-20 03:50:00+08:00,2494.2
2025-10-20 04:00:00+08:00,2486.8
2025-10-20 04:10:00+08:00,2487.6
2025-10-20 04:20:00+08:00,2487.8
2025-10-20 04:30:00+08:00,2476.4
2025-10-20 04:40:00+08:00,2476.3
2025-10-20 04:50:00+08:00,2489.1
2025-10-20 05:00:00+08:00,2494.3
2025-10-20 05:10:00+08:00,2489.4
2025-10-20 05:20:00+08:00,2481.6
2025-10-20 05:30:00+08:00,2490.8
2025-10-20 05:40:00+08:00,2508.5
2025-10-20 05:50:00+08:00,2510.2
2025-10-20 06:00:00+08:00,2509.4
2025-10-20 06:10:00+08:00,2498.7
2025-10-20 06:20:00+08:00,2521.0
2025-10-20 06:30:00+08:00,2512.0
2025-10-20 06:40:00+08:00,2540.6
2025-10-20 06:50:00+08:00,2557.0
2025-10-20 07:00:00+08:00,2571.4
2025-10-20 07:10:00+08:00,2622.8
2025-10-20 07:20:00+08:00,2650.9
2025-10-20 07:30:00+08:00,2688.7
2025-10-20 07:40:00+08:00,2745.0
2025-10-20 07:50:00+08:00,2832.7
2025-10-20 08:00:00+08:00,2909.2
2025-10-20 08:10:00+08:00,3061.5
2025-10-20 08:20:00+08:00,3153.7
2025-10-20 08:30:00+08:00,3212.7
2025-10-20 08:40:00+08:00,3233.5
2025-10-20 08:50:00+08:00,3266.5
2025-10-20 09:00:00+08:00,3291.3
2025-10-20 09:10:00+08:00,3307.0
2025-10-20 09:20:00+08:00,3320.7
2025-10-20 09:30:00+08:00,3319.7
2025-10-20 09:40:00+08:00,3373.6
2025-10-20 09:50:00+08:00,3366.7
2025-10-20 10:00:00+08:00,3388.7
2025-10-20 10:10:00+08:00,3425.9
2025-10-20 10:20:00+08:00,3421.1
2025-10-20 10:30:00+08:00,3411.8
2025-10-20 10:40:00+08:00,3425.1
2025-10-20 10:50:00+08:00,3454.6
2025-10-20 11:00:00+08:00,3487.5
2025-10-20 11:10:00+08:00,3519.6
2025-10-20 11:20:00+08:00,3506.8
2025-10-20 11:30:00+08:00,3513.7
2025-10-20 11:40:00+08:00,3516.3
2025-10-20 11:50:00+08:00,3502.9
2025-10-20 12:00:00+08:00,3477.9
2025-10-20 12:10:00+08:00,3376.4
2025-10-20 12:20:00+08:00,3352.2
2025-10-20 12:30:00+08:00,3350.8
2025-10-20 12:40:00+08:00,3325.0
2025-10-20 12:50:00+08:00,3345.1
2025-10-20 13:00:00+08:00,3361.7
2025-10-20 13:10:00+08:00,3439.5
2025-10-20 13:20:00+08:00,3481.7
2025-10-20 13:30:00+08:00,3470.6
2025-10-20 13:40:00+08:00,3476.0
2025-10-20 13:50:00+08:00,3480.5
2025-10-20 14:00:00+08:00,3476.6
2025-10-20 14:10:00+08:00,3468.0
2025-10-20 14:20:00+08:00,3444.3
2025-10-20 14:30:00+08:00,3464.2
2025-10-20 14:40:00+08:00,3468.0
2025-10-20 14:50:00+08:00,3445.8
2025-10-20 15:00:00+08:00,3450.9
2025-10-20 15:10:00+08:00,3456.6
2025-10-20 15:20:00+08:00,3427.2
2025-10-20 15:30:00+08:00,3442.1
2025-10-20 15:40:00+08:00,3441.0
2025-10-20 15:50:00+08:00,3437.4
2025-10-20 16:00:00+08:00,3409.7
2025-10-20 16:10:00+08:00,3402.6
2025-10-20 16:20:00+08:00,3385.5
2025-10-20 16:30:00+08:00,3383.9
2025-10-20 16:40:00+08:00,3373.6
2025-10-20 16:50:00+08:00,3349.4
2025-10-20 17:00:00+08:00,3306.1
2025-10-20 17:10:00+08:00,3270.2
2025-10-20 17:20:00+08:00,3270.6
2025-10-20 17:30:00+08:00,3282.8
2025-10-20 17:40:00+08:00,3300.6
2025-10-20 17:50:00+08:00,3298.6
2025-10-20 18:00:00+08:00,3289.5
2025-10-20 18:10:00+08:00,3274.5
2025-10-20 18:20:00+08:00,3258.7
2025-10-20 18:30:00+08:00,3252.6
2025-10-20 18:40:00+08:00,3246.2
2025-10-20 18:50:00+08:00,3242.5
2025-10-20 19:00:00+08:00,3221.1
2025-10-20 19:10:00+08:00,3209.3
2025-10-20 19:20:00+08:00,3198.4
2025-10-20 19:30:00+08:00,3192.3
2025-10-20 19:40:00+08:00,3181.7
2025-10-20 19:50:00+08:00,3172.9
2025-10-20 20:00:00+08:00,3157.4
2025-10-20 20:10:00+08:00,3149.6
2025-10-20 20:20:00+08:00,3145.4
2025-10-20 20:30:00+08:00,3128.9
2025-10-20 20:40:00+08:00,3112.5
2025-10-20 20:50:00+08:00,3091.6
2025-10-20 21:00:00+08:00,3073.6
2025-10-20 21:10:00+08:00,3059.5
2025-10-20 21:20:00+08:00,3047.0
2025-10-20 21:30:00+08:00,3031.7
2025-10-20 21:40:00+08:00,3015.6
2025-10-20 21:50:00+08:00,3010.4
2025-10-20 22:00:00+08:00,2979.9
2025-10-20 22:10:00+08:00,2979.6
2025-10-20 22:20:00+08:00,2957.4
2025-10-20 22:30:00+08:00,2940.0
2025-10-20 22:40:00+08:00,2910.0
2025-10-20 22:50:00+08:00,2901.0
2025-10-20 23:00:00+08:00,2864.1
2025-10-20 23:10:00+08:00,2839.0
2025-10-20 23:20:00+08:00,2832.9
2025-10-20 23:30:00+08:00,2807.6
2025-10-20 23:40:00+08:00,2796.9
2025-10-20 23:50:00+08:00,2764.8
2025-10-21 00:00:00+08:00,2730.8
2025-10-21 00:10:00+08:00,2748.4
2025-10-21 00:20:00+08:00,2732.0
2025-10-21 00:30:00+08:00,2706.1
2025-10-21 00:40:00+08:00,2707.5
2025-10-21 00:50:00+08:00,2684.6
2025-10-21 01:00:00+08:00,2657.6
2025-10-21 01:10:00+08:00,2663.9
2025-10-21 01:20:00+08:00,2635.1
2025-10-21 01:30:00+08:00,2640.9
2025-10-21 01:40:00+08:00,2615.4
2025-10-21 01:50:00+08:00,2591.5
2025-10-21 02:00:00+08:00,2592.2
2025-10-21 02:10:00+08:00,2578.6
2025-10-21 02:20:00+08:00,2570.2
2025-10-21 02:30:00+08:00,2560.7
2025-10-21 02:40:00+08:00,2541.4
2025-10-21 02:50:00+08:00,2536.1
2025-10-21 03:00:00+08:00,2546.3
2025-10-21 03:10:00+08:00,2533.2
2025-10-21 03:20:00+08:00,2527.5
2025-10-21 03:30:00+08:00,2506.7
2025-10-21 03:40:00+08:00,2509.6
2025-10-21 03:50:00+08:00,2519.9
2025-10-21 04:00:00+08:00,2509.6
2025-10-21 04:10:00+08:00,2500.7
2025-10-21 04:20:00+08:00,2507.6
2025-10-21 04:30:00+08:00,2469.5
2025-10-21 04:40:00+08:00,2496.9
2025-10-21 04:50:00+08:00,2502.0
2025-10-21 05:00:00+08:00,2501.0
2025-10-21 05:10:00+08:00,2492.2
2025-10-21 05:20:00+08:00,2499.5
2025-10-21 05:30:00+08:00,2489.2
2025-10-21 05:40:00+08:00,2520.5
2025-10-21 05:50:00+08:00,2506.2
2025-10-21 06:00:00+08:00,2504.1
2025-10-21 06:10:00+08:00,2491.2
2025-10-21 06:20:00+08:00,2500.2
2025-10-21 06:30:00+08:00,2519.5
2025-10-21 06:40:00+08:00,2545.8
2025-10-21 06:50:00+08:00,2553.2
2025-10-21 07:00:00+08:00,2567.4
2025-10-21 07:10:00+08:00,2617.5
2025-10-21 07:20:00+08:00,2658.6
2025-10-21 07:30:00+08:00,2690.2
2025-10-21 07:40:00+08:00,2720.1
2025-10-21 07:50:00+08:00,2779.4
2025-10-21 08:00:00+08:00,2856.0
2025-10-21 08:10:00+08:00,2978.6
2025-10-21 08:20:00+08:00,3016.5
2025-10-21 08:30:00+08:00,3061.3
2025-10-21 08:40:00+08:00,3131.1
2025-10-21 08:50:00+08:00,3178.2
2025-10-21 09:00:00+08:00,3189.6
2025-10-21 09:10:00+08:00,3199.7
2025-10-21 09:20:00+08:00,3211.8
2025-10-21 09:30:00+08:00,3222.9
2025-10-21 09:40:00+08:00,3245.7
2025-10-21 09:50:00+08:00,3277.7
2025-10-21 10:00:00+08:00,3303.5
2025-10-21 10:10:00+08:00,3274.7
2025-10-21 10:20:00+08:00,3276.3
2025-10-21 10:30:00+08:00,3287.9
2025-10-21 10:40:00+08:00,3312.6
2025-10-21 10:50:00+08:00,3351.2
2025-10-21 11:00:00+08:00,3322.6
2025-10-21 11:10:00+08:00,3383.4
2025-10-21 11:20:00+08:00,3383.4
2025-10-21 11:30:00+08:00,3353.7
2025-10-21 11:40:00+08:00,3368.4
2025-10-21 11:50:00+08:00,3360.1
2025-10-21 12:00:00+08:00,3317.3
2025-10-21 12:10:00+08:00,3263.0
2025-10-21 12:20:00+08:00,3228.3
2025-10-21 12:30:00+08:00,3200.5
2025-10-21 12:40:00+08:00,3214.2
2025-10-21 12:50:00+08:00,3203.4
2025-10-21 13:00:00+08:00,3271.6
2025-10-21 13:10:00+08:00,3353.8
2025-10-21 13:20:00+08:00,3350.8
2025-10-21 13:30:00+08:00,3367.2
2025-10-21 13:40:00+08:00,3378.8
2025-10-21 13:50:00+08:00,3392.2
2025-10-21 14:00:00+08:00,3388.8
2025-10-21 14:10:00+08:00,3371.5
2025-10-21 14:20:00+08:00,3362.1
2025-10-21 14:30:00+08:00,3360.3
2025-10-21 14:40:00+08:00,3360.1
2025-10-21 14:50:00+08:00,3361.6
2025-10-21 15:00:00+08:00,3335.1
2025-10-21 15:10:00+08:00,3320.4
2025-10-21 15:20:00+08:00,3321.7
2025-10-21 15:30:00+08:00,3303.8
2025-10-21 15:40:00+08:00,3299.0
2025-10-21 15:50:00+08:00,3294.1
2025-10-21 16:00:00+08:00,3282.3
2025-10-21 16:10:00+08:00,3276.9
2025-10-21 16:20:00+08:00,3263.2
2025-10-21 16:30:00+08:00,3255.7
2025-10-21 16:50:00+08:00,3236.6
2025-10-21 17:00:00+08:00,3195.1
2025-10-21 17:10:00+08:00,3158.1
2025-10-21 17:20:00+08:00,3169.3
2025-10-21 17:30:00+08:00,3171.8
2025-10-21 17:40:00+08:00,3181.8
2025-10-21 17:50:00+08:00,3198.5
2025-10-21 18:00:00+08:00,3192.3
2025-10-21 18:10:00+08:00,3171.1
2025-10-21 18:20:00+08:00,3154.7
2025-10-21 18:30:00+08:00,3140.3
2025-10-21 18:40:00+08:00,3136.2
2025-10-21 18:50:00+08:00,3127.7
2025-10-21 19:00:00+08:00,3108.5
2025-10-21 19:10:00+08:00,3100.4
2025-10-21 19:20:00+08:00,3091.3
2025-10-21 19:30:00+08:00,3085.8
2025-10-21 19:40:00+08:00,3070.2
2025-10-21 19:50:00+08:00,3065.0
2025-10-21 20:00:00+08:00,3051.3
2025-10-21 20:10:00+08:00,3036.4
2025-10-21 20:20:00+08:00,3038.2
2025-10-21 20:30:00+08:00,3022.7
2025-10-21 20:40:00+08:00,3004.5
2025-10-21 20:50:00+08:00,3000.2
2025-10-21 21:00:00+08:00,2985.7
2025-10-21 21:10:00+08:00,2963.0
2025-10-21 21:20:00+08:00,2951.5
2025-10-21 21:30:00+08:00,2936.1
2025-10-21 21:40:00+08:00,2935.1
2025-10-21 21:50:00+08:00,2923.2
2025-10-21 22:00:00+08:00,2901.3
2025-10-21 22:10:00+08:00,2901.4
2025-10-21 22:20:00+08:00,2881.1
2025-10-21 22:30:00+08:00,2844.1
2025-10-21 22:40:00+08:00,2816.7
2025-10-21 22:50:00+08:00,2811.1
2025-10-21 23:00:00+08:00,2798.3
2025-10-21 23:10:00+08:00,2793.0
2025-10-21 23:20:00+08:00,2776.9
2025-10-21 23:30:00+08:00,2732.3
2025-10-21 23:40:00+08:00,2707.2
2025-10-21 23:50:00+08:00,2707.2
2025-10-22 00:00:00+08:00,2659.8
2025-10-22 00:10:00+08:00,2675.0
2025-10-22 00:20:00+08:00,2664.8
2025-10-22 00:30:00+08:00,2646.2
2025-10-22 00:40:00+08:00,2640.9
2025-10-22 00:50:00+08:00,2620.1
2025-10-22 01:00:00+08:00,2603.0
2025-10-22 01:10:00+08:00,2592.3
2025-10-22 01:20:00+08:00,2570.0
2025-10-22 01:30:00+08:00,2578.4
2025-10-22 01:40:00+08:00,2549.6
2025-10-22 01:50:00+08:00,2553.6
2025-10-22 02:00:00+08:00,2522.4
2025-10-22 02:10:00+08:00,2537.0
2025-10-22 02:20:00+08:00,2512.5
2025-10-22 02:30:00+08:00,2515.4
2025-10-22 02:40:00+08:00,2505.4
2025-10-22 02:50:00+08:00,2512.5
2025-10-22 03:00:00+08:00,2479.9
2025-10-22 03:10:00+08:00,2470.9
2025-10-22 03:20:00+08:00,2466.7
2025-10-22 03:30:00+08:00,2486.0
2025-10-22 03:40:00+08:00,2484.0
2025-10-22 03:50:00+08:00,2466.0
2025-10-22 04:00:00+08:00,2452.8
2025-10-22 04:10:00+08:00,2457.5
2025-10-22 04:20:00+08:00,2464.1
2025-10-22 04:30:00+08:00,2449.0
2025-10-22 04:40:00+08:00,2452.6
2025-10-22 04:50:00+08:00,2446.2
2025-10-22 05:00:00+08:00,2472.2
2025-10-22 05:10:00+08:00,2467.8
2025-10-22 05:20:00+08:00,2477.0
2025-10-22 05:30:00+08:00,2487.1
2025-10-22 05:40:00+08:00,2483.3
2025-10-22 05:50:00+08:00,2477.2
2025-10-22 06:00:00+08:00,2489.4
2025-10-22 06:10:00+08:00,2496.3
2025-10-22 06:20:00+08:00,2495.0
2025-10-22 06:30:00+08:00,2511.5
2025-10-22 06:40:00+08:00,2520.4
2025-10-22 06:50:00+08:00,2529.3
2025-10-22 07:00:00+08:00,2559.8
2025-10-22 07:10:00+08:00,2607.9
2025-10-22 07:20:00+08:00,2644.0
2025-10-22 07:30:00+08:00,2666.3
2025-10-22 07:40:00+08:00,2699.3
2025-10-22 07:50:00+08:00,2757.9
2025-10-22 08:00:00+08:00,2857.6
2025-10-22 08:10:00+08:00,2975.8
2025-10-22 08:20:00+08:00,3019.8
2025-10-22 08:30:00+08:00,3052.6
2025-10-22 08:40:00+08:00,3084.7
2025-10-22 08:50:00+08:00,3130.2
2025-10-22 09:00:00+08:00,3166.5
2025-10-22 09:10:00+08:00,3193.7
2025-10-22 09:20:00+08:00,3155.8
2025-10-22 09:30:00+08:00,3188.5
2025-10-22 09:40:00+08:00,3194.8
2025-10-22 09:50:00+08:00,3194.6
2025-10-22 10:00:00+08:00,3213.5
2025-10-22 10:10:00+08:00,3207.4
2025-10-22 10:20:00+08:00,3242.2
2025-10-22 10:30:00+08:00,3276.5
2025-10-22 10:40:00+08:00,3312.8
2025-10-22 10:50:00+08:00,3315.0
2025-10-22 11:00:00+08:00,3307.4
2025-10-22 11:10:00+08:00,3332.9
2025-10-22 11:20:00+08:00,3318.2
2025-10-22 11:30:00+08:00,3313.3
2025-10-22 11:40:00+08:00,3308.0
2025-10-22 11:50:00+08:00,3319.8
2025-10-22 12:00:00+08:00,3266.8
2025-10-22 12:10:00+08:00,3224.6
2025-10-22 12:20:00+08:00,3206.9
2025-10-22 12:30:00+08:00,3222.9
2025-10-22 12:40:00+08:00,3198.5
2025-10-22 12:50:00+08:00,3197.1
2025-10-22 13:00:00+08:00,3259.8
2025-10-22 13:10:00+08:00,3343.0
2025-10-22 13:20:00+08:00,3350.9
2025-10-22 13:30:00+08:00,3340.5
2025-10-22 13:40:00+08:00,3325.4
2025-10-22 13:50:00+08:00,3322.8
2025-10-22 14:00:00+08:00,3329.3
2025-10-22 14:10:00+08:00,3317.2
2025-10-22 14:20:00+08:00,3319.9
2025-10-22 14:30:00+08:00,3313.1
2025-10-22 14:40:00+08:00,3298.4
2025-10-22 14:50:00+08:00,3289.6
2025-10-22 15:00:00+08:00,3281.6
2025-10-22 15:10:00+08:00,3250.3
2025-10-22 15:20:00+08:00,3242.9
2025-10-22 15:30:00+08:00,3249.9
2025-10-22 15:40:00+08:00,3245.7
2025-10-22 15:50:00+08:00,3240.6
2025-10-22 16:00:00+08:00,3235.8
2025-10-22 16:10:00+08:00,3237.6
2025-10-22 16:20:00+08:00,3241.2
2025-10-22 16:30:00+08:00,3233.3
2025-10-22 16:40:00+08:00,3219.3
2025-10-22 16:50:00+08:00,3197.4
2025-10-22 17:00:00+08:00,3167.4
2025-10-22 17:10:00+08:00,3156.2
2025-10-22 17:20:00+08:00,3166.4
2025-10-22 17:30:00+08:00,3174.4
2025-10-22 17:40:00+08:00,3185.6
2025-10-22 17:50:00+08:00,3177.5
2025-10-22 18:00:00+08:00,3182.9
2025-10-22 18:10:00+08:00,3164.7
2025-10-22 18:20:00+08:00,3147.5
2025-10-22 18:30:00+08:00,3139.1
2025-10-22 18:40:00+08:00,3133.9
2025-10-22 18:50:00+08:00,3114.4
2025-10-22 19:00:00+08:00,3111.7
2025-10-22 19:10:00+08:00,3091.5
2025-10-22 19:20:00+08:00,3089.8
2025-10-22 19:30:00+08:00,3095.0
2025-10-22 19:40:00+08:00,3065.9
2025-10-22 19:50:00+08:00,3059.1
2025-10-22 20:00:00+08:00,3053.1
2025-10-22 20:10:00+08:00,3034.6
2025-10-22 20:20:00+08:00,3026.7
2025-10-22 20:30:00+08:00,3015.4
2025-10-22 20:40:00+08:00,3010.5
2025-10-22 20:50:00+08:00,2997.2
2025-10-22 21:00:00+08:00,2983.5
2025-10-22 21:10:00+08:00,2968.0
2025-10-22 21:20:00+08:00,2960.4
2025-10-22 21:30:00+08:00,2939.0
2025-10-22 21:40:00+08:00,2924.8
2025-10-22 21:50:00+08:00,2917.6
2025-10-22 22:10:00+08:00,2893.1
2025-10-22 22:20:00+08:00,2864.3
2025-10-22 22:30:00+08:00,2848.3
2025-10-22 22:40:00+08:00,2821.6
2025-10-22 22:50:00+08:00,2802.4
2025-10-22 23:00:00+08:00,2787.3
2025-10-22 23:10:00+08:00,2754.7
2025-10-22 23:20:00+08:00,2741.3
2025-10-22 23:30:00+08:00,2722.0
2025-10-22 23:40:00+08:00,2696.7
2025-10-22 23:50:00+08:00,2674.8
2025-10-23 00:00:00+08:00,2648.0
2025-10-23 00:10:00+08:00,2682.8
2025-10-23 00:20:00+08:00,2660.4
2025-10-23 00:30:00+08:00,2642.4
2025-10-23 00:40:00+08:00,2634.8
2025-10-23 00:50:00+08:00,2613.0
2025-10-23 01:00:00+08:00,2582.6
2025-10-23 01:10:00+08:00,2580.0
2025-10-23 01:20:00+08:00,2563.3
2025-10-23 01:30:00+08:00,2569.4
2025-10-23 01:40:00+08:00,2560.6
2025-10-23 01:50:00+08:00,2534.4
2025-10-23 02:00:00+08:00,2532.4
2025-10-23 02:10:00+08:00,2515.3
2025-10-23 02:20:00+08:00,2518.4
2025-10-23 02:30:00+08:00,2516.5
2025-10-23 02:40:00+08:00,2501.0
2025-10-23 02:50:00+08:00,2489.6
2025-10-23 03:00:00+08:00,2485.0
2025-10-23 03:10:00+08:00,2463.6
2025-10-23 03:20:00+08:00,2442.5
2025-10-23 03:30:00+08:00,2472.4
2025-10-23 03:40:00+08:00,2453.3
2025-10-23 03:50:00+08:00,2460.1
2025-10-23 04:00:00+08:00,2434.1
2025-10-23 04:10:00+08:00,2436.1
2025-10-23 04:20:00+08:00,2433.0
2025-10-23 04:30:00+08:00,2444.6
2025-10-23 04:40:00+08:00,2433.1
2025-10-23 04:50:00+08:00,2447.9
2025-10-23 05:00:00+08:00,2449.4
2025-10-23 05:10:00+08:00,2450.3
2025-10-23 05:20:00+08:00,2448.2
2025-10-23 05:30:00+08:00,2450.8
2025-10-23 05:40:00+08:00,2475.8
2025-10-23 05:50:00+08:00,2452.4
2025-10-23 06:00:00+08:00,2470.2
2025-10-23 06:10:00+08:00,2496.5
2025-10-23 06:20:00+08:00,2503.4
2025-10-23 06:30:00+08:00,2500.6
2025-10-23 06:40:00+08:00,2537.0
2025-10-23 06:50:00+08:00,2534.9
2025-10-23 07:00:00+08:00,2560.8
2025-10-23 07:10:00+08:00,2608.5
2025-10-23 07:20:00+08:00,2638.4
2025-10-23 07:30:00+08:00,2654.2
2025-10-23 07:40:00+08:00,2671.8
2025-10-23 07:50:00+08:00,2751.9
2025-10-23 08:00:00+08:00,2843.5
2025-10-23 08:10:00+08:00,2949.4
2025-10-23 08:20:00+08:00,3025.5
2025-10-23 08:30:00+08:00,3051.2
2025-10-23 08:40:00+08:00,3103.1
2025-10-23 08:50:00+08:00,3120.2
2025-10-23 09:00:00+08:00,3124.3
2025-10-23 09:10:00+08:00,3193.9
2025-10-23 09:20:00+08:00,3173.0
2025-10-23 09:30:00+08:00,3203.5
2025-10-23 09:40:00+08:00,3239.2
2025-10-23 09:50:00+08:00,3236.9
2025-10-23 10:00:00+08:00,3271.9
2025-10-23 10:10:00+08:00,3297.7
2025-10-23 10:20:00+08:00,3278.4
2025-10-23 10:30:00+08:00,3278.7
2025-10-23 10:40:00+08:00,3287.6
2025-10-23 10:50:00+08:00,3321.0
2025-10-23 11:00:00+08:00,3333.2
2025-10-23 11:10:00+08:00,3334.6
2025-10-23 11:20:00+08:00,3329.3
2025-10-23 11:30:00+08:00,3354.4
2025-10-23 11:40:00+08:00,3334.6
2025-10-23 11:50:00+08:00,3369.6
2025-10-23 12:00:00+08:00,3278.7
2025-10-23 12:10:00+08:00,3242.8
2025-10-23 12:20:00+08:00,3188.4
2025-10-23 12:30:00+08:00,3205.3
2025-10-23 12:40:00+08:00,3225.9
2025-10-23 12:50:00+08:00,3199.5
2025-10-23 13:00:00+08:00,3238.7
2025-10-23 13:10:00+08:00,3297.5
2025-10-23 13:20:00+08:00,3327.6
2025-10-23 13:30:00+08:00,3354.2
2025-10-23 13:40:00+08:00,3358.5
2025-10-23 13:50:00+08:00,3337.5
2025-10-23 14:00:00+08:00,3310.2
2025-10-23 14:10:00+08:00,3311.7
2025-10-23 14:20:00+08:00,3294.2
2025-10-23 14:30:00+08:00,3286.6
2025-10-23 14:40:00+08:00,3309.2
2025-10-23 14:50:00+08:00,3311.2
2025-10-23 15:00:00+08:00,3305.0
2025-10-23 15:10:00+08:00,3307.9
2025-10-23 15:20:00+08:00,3304.4
2025-10-23 15:30:00+08:00,3278.5
2025-10-23 15:40:00+08:00,3282.8
2025-10-23 15:50:00+08:00,3255.3
2025-10-23 16:00:00+08:00,3252.0
2025-10-23 16:10:00+08:00,3257.2
2025-10-23 16:20:00+08:00,3240.9
2025-10-23 16:30:00+08:00,3235.3
2025-10-23 16:40:00+08:00,3253.7
2025-10-23 16:50:00+08:00,3232.6
2025-10-23 17:00:00+08:00,3171.3
2025-10-23 17:10:00+08:00,3146.4
2025-10-23 17:20:00+08:00,3147.6
2025-10-23 17:30:00+08:00,3158.1
2025-10-23 17:40:00+08:00,3174.8
2025-10-23 17:50:00+08:00,3174.8
2025-10-23 18:00:00+08:00,3157.9
2025-10-23 18:10:00+08:00,3132.1
2025-10-23 18:20:00+08:00,3128.5
2025-10-23 18:30:00+08:00,3116.7
2025-10-23 18:40:00+08:00,3109.6
2025-10-23 18:50:00+08:00,3095.7
2025-10-23 19:00:00+08:00,3088.1
2025-10-23 19:10:00+08:00,3075.8
2025-10-23 19:20:00+08:00,3055.7
2025-10-23 19:30:00+08:00,3052.3
2025-10-23 19:40:00+08:00,3045.9
2025-10-23 19:50:00+08:00,3032.6
2025-10-23 20:00:00+08:00,3021.2
2025-10-23 20:10:00+08:00,3010.3
2025-10-23 20:20:00+08:00,3004.9
2025-10-23 20:30:00+08:00,2996.3
2025-10-23 20:40:00+08:00,2979.6
2025-10-23 20:50:00+08:00,2973.8
2025-10-23 21:00:00+08:00,2952.2
2025-10-23 21:10:00+08:00,2947.3
2025-10-23 21:20:00+08:00,2935.3
2025-10-23 21:30:00+08:00,2919.6
2025-10-23 21:40:00+08:00,2910.0
2025-10-23 21:50:00+08:00,2901.3
2025-10-23 22:00:00+08:00,2889.2
2025-10-23 22:10:00+08:00,2887.2
2025-10-23 22:20:00+08:00,2857.3
2025-10-23 22:30:00+08:00,2839.3
2025-10-23 22:40:00+08:00,2846.3
2025-10-23 22:50:00+08:00,2810.3
2025-10-23 23:00:00+08:00,2792.5
2025-10-23 23:10:00+08:00,2775.5
2025-10-23 23:20:00+08:00,2764.7
2025-10-23 23:30:00+08:00,2743.3
2025-10-23 23:40:00+08:00,2710.8
2025-10-23 23:50:00+08:00,2692.2
2025-10-24 00:00:00+08:00,2667.8
2025-10-24 00:10:00+08:00,2693.2
2025-10-24 00:20:00+08:00,2675.6
2025-10-24 00:30:00+08:00,2631.9
2025-10-24 00:40:00+08:00,2637.7
2025-10-24 00:50:00+08:00,2611.2
2025-10-24 01:00:00+08:00,2599.0
2025-10-24 01:10:00+08:00,2601.2
2025-10-24 01:20:00+08:00,2576.7
2025-10-24 01:30:00+08:00,2559.6
2025-10-24 01:40:00+08:00,2541.1
2025-10-24 01:50:00+08:00,2548.5
2025-10-24 02:00:00+08:00,2540.5
2025-10-24 02:10:00+08:00,2514.8
2025-10-24 02:20:00+08:00,2502.6
2025-10-24 02:30:00+08:00,2495.8
2025-10-24 02:40:00+08:00,2495.9
2025-10-24 02:50:00+08:00,2475.8
2025-10-24 03:00:00+08:00,2475.5
2025-10-24 03:10:00+08:00,2450.2
2025-10-24 03:20:00+08:00,2459.5
2025-10-24 03:30:00+08:00,2437.4
2025-10-24 03:40:00+08:00,2451.9
2025-10-24 03:50:00+08:00,2442.2
2025-10-24 04:00:00+08:00,2455.0
2025-10-24 04:10:00+08:00,2456.0
2025-10-24 04:20:00+08:00,2439.4
2025-10-24 04:30:00+08:00,2433.0
2025-10-24 04:40:00+08:00,2437.7
2025-10-24 04:50:00+08:00,2444.4
2025-10-24 05:00:00+08:00,2433.5
2025-10-24 05:10:00+08:00,2441.2
2025-10-24 05:20:00+08:00,2421.6
2025-10-24 05:30:00+08:00,2446.7
2025-10-24 05:40:00+08:00,2446.7
2025-10-24 05:50:00+08:00,2440.5
2025-10-24 06:00:00+08:00,2435.0
2025-10-24 06:10:00+08:00,2437.8
2025-10-24 06:20:00+08:00,2432.0
2025-10-24 06:40:00+08:00,2416.4
2025-10-24 06:50:00+08:00,2417.3
2025-10-24 07:00:00+08:00,2426.1
2025-10-24 07:10:00+08:00,2445.7
2025-10-24 07:20:00+08:00,2463.2
2025-10-24 07:30:00+08:00,2471.2
2025-10-24 07:40:00+08:00,2491.9
2025-10-24 07:50:00+08:00,2503.5
2025-10-24 08:00:00+08:00,2555.7
2025-10-24 08:10:00+08:00,2564.7
2025-10-24 08:20:00+08:00,2581.9
2025-10-24 08:30:00+08:00,2620.3
2025-10-24 08:40:00+08:00,2652.3
2025-10-24 08:50:00+08:00,2675.4
2025-10-24 09:00:00+08:00,2669.0
2025-10-24 09:10:00+08:00,2672.0
2025-10-24 09:20:00+08:00,2717.9
2025-10-24 09:30:00+08:00,2718.3
2025-10-24 09:40:00+08:00,2736.8
2025-10-24 09:50:00+08:00,2749.4
2025-10-24 10:00:00+08:00,2778.6
2025-10-24 10:10:00+08:00,2800.5
2025-10-24 10:20:00+08:00,2818.7
2025-10-24 10:30:00+08:00,2832.8
2025-10-24 10:40:00+08:00,2803.8
2025-10-24 10:50:00+08:00,2836.9
2025-10-24 11:00:00+08:00,2881.2
2025-10-24 11:10:00+08:00,2912.0
2025-10-24 11:20:00+08:00,2906.4
2025-10-24 11:30:00+08:00,2932.7
2025-10-24 11:40:00+08:00,2922.9
2025-10-24 11:50:00+08:00,2904.1
2025-10-24 12:00:00+08:00,2889.2
2025-10-24 12:10:00+08:00,2896.3
2025-10-24 12:20:00+08:00,2872.7
2025-10-24 12:30:00+08:00,2864.6
2025-10-24 12:40:00+08:00,2855.7
2025-10-24 12:50:00+08:00,2855.5
2025-10-24 13:00:00+08:00,2870.6
2025-10-24 13:10:00+08:00,2893.1
2025-10-24 13:20:00+08:00,2887.8
2025-10-24 13:30:00+08:00,2905.9
2025-10-24 13:40:00+08:00,2921.5
2025-10-24 13:50:00+08:00,2929.2
2025-10-24 14:00:00+08:00,2921.5
2025-10-24 14:10:00+08:00,2937.1
2025-10-24 14:20:00+08:00,2944.5
2025-10-24 14:30:00+08:00,2935.1
2025-10-24 14:40:00+08:00,2915.9
2025-10-24 14:50:00+08:00,2898.8
2025-10-24 15:00:00+08:00,2885.1
2025-10-24 15:10:00+08:00,2880.9
2025-10-24 15:20:00+08:00,2865.5
2025-10-24 15:30:00+08:00,2853.8
2025-10-24 15:40:00+08:00,2852.0
2025-10-24 15:50:00+08:00,2836.2
2025-10-24 16:00:00+08:00,2830.4
2025-10-24 16:10:00+08:00,2826.5
2025-10-24 16:20:00+08:00,2828.6
2025-10-24 16:30:00+08:00,2826.8
2025-10-24 16:40:00+08:00,2822.5
2025-10-24 16:50:00+08:00,2819.0
2025-10-24 17:00:00+08:00,2834.3
2025-10-24 17:10:00+08:00,2865.4
2025-10-24 17:20:00+08:00,2871.6
2025-10-24 17:30:00+08:00,2891.8
2025-10-24 17:40:00+08:00,2902.6
2025-10-24 17:50:00+08:00,2902.2
2025-10-24 18:00:00+08:00,2903.1
2025-10-24 18:10:00+08:00,2891.8
2025-10-24 18:20:00+08:00,2881.8
2025-10-24 18:30:00+08:00,2874.2
2025-10-24 18:40:00+08:00,2868.4
2025-10-24 18:50:00+08:00,2855.2
2025-10-24 19:00:00+08:00,2856.4
2025-10-24 19:10:00+08:00,2852.9
2025-10-24 19:20:00+08:00,2852.4
2025-10-24 19:30:00+08:00,2840.3
2025-10-24 19:50:00+08:00,2830.5
2025-10-24 20:00:00+08:00,2825.7
2025-10-24 20:10:00+08:00,2826.6
2025-10-24 20:20:00+08:00,2831.1
2025-10-24 20:30:00+08:00,2822.0
2025-10-24 20:40:00+08:00,2814.2
2025-10-24 20:50:00+08:00,2810.4
2025-10-24 21:00:00+08:00,2802.3
2025-10-24 21:10:00+08:00,2799.3
2025-10-24 21:20:00+08:00,2785.9
2025-10-24 21:30:00+08:00,2779.8
2025-10-24 21:40:00+08:00,2776.8
2025-10-24 21:50:00+08:00,2779.4
2025-10-24 22:00:00+08:00,2764.5
2025-10-24 22:10:00+08:00,2764.4
2025-10-24 22:20:00+08:00,2749.8
2025-10-24 22:30:00+08:00,2732.5
2025-10-24 22:40:00+08:00,2718.8
2025-10-24 22:50:00+08:00,2697.6
2025-10-24 23:00:00+08:00,2689.1
2025-10-24 23:10:00+08:00,2669.7
2025-10-24 23:20:00+08:00,2656.3
2025-10-24 23:30:00+08:00,2641.1
2025-10-24 23:40:00+08:00,2613.2
2025-10-24 23:50:00+08:00,2598.5
2025-10-25 00:00:00+08:00,2584.7
2025-10-25 00:10:00+08:00,2604.1
2025-10-25 00:20:00+08:00,2604.9
2025-10-25 00:30:00+08:00,2580.4
2025-10-25 00:40:00+08:00,2562.3
2025-10-25 00:50:00+08:00,2541.9
2025-10-25 01:00:00+08:00,2529.6
2025-10-25 01:10:00+08:00,2509.5
2025-10-25 01:20:00+08:00,2498.2
2025-10-25 01:30:00+08:00,2493.5
2025-10-25 01:40:00+08:00,2498.6
2025-10-25 01:50:00+08:00,2443.2
2025-10-25 02:00:00+08:00,2456.7
2025-10-25 02:10:00+08:00,2444.0
2025-10-25 02:20:00+08:00,2444.9
2025-10-25 02:30:00+08:00,2430.8
2025-10-25 02:40:00+08:00,2413.4
2025-10-25 02:50:00+08:00,2397.6
2025-10-25 03:00:00+08:00,2396.5
2025-10-25 03:10:00+08:00,2413.8
2025-10-25 03:20:00+08:00,2380.0
2025-10-25 03:30:00+08:00,2401.0
2025-10-25 03:40:00+08:00,2383.3
2025-10-25 03:50:00+08:00,2381.3
2025-10-25 04:00:00+08:00,2360.2
2025-10-25 04:10:00+08:00,2374.9
2025-10-25 04:20:00+08:00,2373.4
2025-10-25 04:30:00+08:00,2379.3
2025-10-25 04:40:00+08:00,2358.2
2025-10-25 04:50:00+08:00,2343.5
2025-10-25 05:00:00+08:00,2359.6
2025-10-25 05:10:00+08:00,2384.8
2025-10-25 05:20:00+08:00,2377.2
2025-10-25 05:30:00+08:00,2371.7
2025-10-25 05:40:00+08:00,2387.3
2025-10-25 05:50:00+08:00,2354.2
2025-10-25 06:00:00+08:00,2391.9
2025-10-25 06:10:00+08:00,2370.8
2025-10-25 06:20:00+08:00,2363.9
2025-10-25 06:30:00+08:00,2376.8
2025-10-25 06:40:00+08:00,2379.7
2025-10-25 06:50:00+08:00,2371.7
2025-10-25 07:00:00+08:00,2382.5
2025-10-25 07:10:00+08:00,2413.7
2025-10-25 07:20:00+08:00,2424.5
2025-10-25 07:30:00+08:00,2412.1
2025-10-25 07:40:00+08:00,2424.9
2025-10-25 07:50:00+08:00,2460.6
2025-10-25 08:00:00+08:00,2465.1
2025-10-25 08:10:00+08:00,2510.6
2025-10-25 08:20:00+08:00,2547.9
2025-10-25 08:30:00+08:00,2567.2
2025-10-25 08:40:00+08:00,2597.7
2025-10-25 08:50:00+08:00,2593.0
2025-10-25 09:00:00+08:00,2610.4
2025-10-25 09:10:00+08:00,2626.6
2025-10-25 09:20:00+08:00,2656.4
2025-10-25 09:30:00+08:00,2684.8
2025-10-25 09:40:00+08:00,2696.0
2025-10-25 09:50:00+08:00,2717.6
2025-10-25 10:00:00+08:00,2727.7
2025-10-25 10:10:00+08:00,2775.6
2025-10-25 10:20:00+08:00,2764.9
2025-10-25 10:30:00+08:00,2791.7
2025-10-25 10:40:00+08:00,2806.7
2025-10-25 10:50:00+08:00,2808.3
2025-10-25 11:00:00+08:00,2805.1
2025-10-25 11:10:00+08:00,2837.7
2025-10-25 11:20:00+08:00,2832.3
2025-10-25 11:30:00+08:00,2848.3
2025-10-25 11:40:00+08:00,2836.3
2025-10-25 11:50:00+08:00,2853.6
2025-10-25 12:00:00+08:00,2847.8
2025-10-25 12:10:00+08:00,2819.8
2025-10-25 12:20:00+08:00,2832.0
2025-10-25 12:30:00+08:00,2841.4
2025-10-25 12:40:00+08:00,2839.3
2025-10-25 12:50:00+08:00,2840.4
2025-10-25 13:00:00+08:00,2837.8
2025-10-25 13:10:00+08:00,2863.0
2025-10-25 13:20:00+08:00,2836.5
2025-10-25 13:30:00+08:00,2871.8
2025-10-25 13:40:00+08:00,2867.7
2025-10-25 13:50:00+08:00,2876.3
2025-10-25 14:00:00+08:00,2862.4
2025-10-25 14:10:00+08:00,2873.5
2025-10-25 14:20:00+08:00,2858.3
2025-10-25 14:30:00+08:00,2878.9
2025-10-25 14:40:00+08:00,2862.0
2025-10-25 14:50:00+08:00,2864.3
2025-10-25 15:00:00+08:00,2882.9
2025-10-25 15:10:00+08:00,2907.3
2025-10-25 15:20:00+08:00,2892.0
2025-10-25 15:30:00+08:00,2903.0
2025-10-25 15:40:00+08:00,2913.2
2025-10-25 15:50:00+08:00,2913.4
2025-10-25 16:00:00+08:00,2915.5
2025-10-25 16:10:00+08:00,2929.3
2025-10-25 16:20:00+08:00,2901.4
2025-10-25 16:30:00+08:00,2880.7
2025-10-25 16:40:00+08:00,2921.6
2025-10-25 16:50:00+08:00,2892.1
2025-10-25 17:00:00+08:00,2898.0
2025-10-25 17:10:00+08:00,2907.7
2025-10-25 17:20:00+08:00,2895.9
2025-10-25 17:30:00+08:00,2919.9
2025-10-25 17:40:00+08:00,2948.1
2025-10-25 17:50:00+08:00,2973.6
2025-10-25 18:00:00+08:00,2938.8
2025-10-25 18:10:00+08:00,2954.5
2025-10-25 18:20:00+08:00,2950.9
2025-10-25 18:30:00+08:00,2933.1
2025-10-25 18:40:00+08:00,2925.0
2025-10-25 18:50:00+08:00,2923.1
2025-10-25 19:00:00+08:00,2903.5
2025-10-25 19:10:00+08:00,2902.5
2025-10-25 19:20:00+08:00,2900.0
2025-10-25 19:30:00+08:00,2887.4
2025-10-25 19:40:00+08:00,2898.3
2025-10-25 19:50:00+08:00,2896.7
2025-10-25 20:00:00+08:00,2908.7
2025-10-25 20:10:00+08:00,2890.5
2025-10-25 20:20:00+08:00,2888.0
2025-10-25 20:30:00+08:00,2896.7
2025-10-25 20:40:00+08:00,2895.8
2025-10-25 20:50:00+08:00,2904.1
2025-10-25 21:00:00+08:00,2883.1
2025-10-25 21:10:00+08:00,2859.3
2025-10-25 21:20:00+08:00,2850.3
2025-10-25 21:30:00+08:00,2848.3
2025-10-25 21:40:00+08:00,2805.6
2025-10-25 21:50:00+08:00,2814.7
2025-10-25 22:00:00+08:00,2819.8
2025-10-25 22:10:00+08:00,2779.1
2025-10-25 22:20:00+08:00,2767.0
2025-10-25 22:30:00+08:00,2745.9
2025-10-25 22:40:00+08:00,2724.6
2025-10-25 22:50:00+08:00,2715.5
2025-10-25 23:00:00+08:00,2678.1
2025-10-25 23:10:00+08:00,2663.5
2025-10-25 23:20:00+08:00,2636.0
2025-10-25 23:30:00+08:00,2644.4
2025-10-25 23:40:00+08:00,2621.4
2025-10-25 23:50:00+08:00,2611.1
2025-10-26 00:00:00+08:00,2591.1
2025-10-26 00:10:00+08:00,2579.1
2025-10-26 00:20:00+08:00,2554.8
2025-10-26 00:30:00+08:00,2552.1
2025-10-26 00:40:00+08:00,2523.3
2025-10-26 00:50:00+08:00,2531.6
2025-10-26 01:00:00+08:00,2503.5
2025-10-26 01:10:00+08:00,2489.8
2025-10-26 01:20:00+08:00,2482.1
2025-10-26 01:30:00+08:00,2473.0
2025-10-26 01:40:00+08:00,2451.1
2025-10-26 01:50:00+08:00,2433.6
2025-10-26 02:00:00+08:00,2435.6
2025-10-26 02:10:00+08:00,2413.6
2025-10-26 02:20:00+08:00,2414.8
2025-10-26 02:30:00+08:00,2397.1
2025-10-26 02:40:00+08:00,2383.8
2025-10-26 02:50:00+08:00,2373.5
2025-10-26 03:00:00+08:00,2364.9
2025-10-26 03:10:00+08:00,2370.6
2025-10-26 03:20:00+08:00,2356.3
2025-10-26 03:30:00+08:00,2363.9
2025-10-26 03:40:00+08:00,2344.1
2025-10-26 03:50:00+08:00,2342.1
2025-10-26 04:00:00+08:00,2336.9
2025-10-26 04:10:00+08:00,2356.7
2025-10-26 04:20:00+08:00,2332.7
2025-10-26 04:30:00+08:00,2320.9
2025-10-26 04:40:00+08:00,2318.7
2025-10-26 04:50:00+08:00,2310.7
2025-10-26 05:00:00+08:00,2330.8
2025-10-26 05:10:00+08:00,2334.0
2025-10-26 05:20:00+08:00,2338.8
2025-10-26 05:30:00+08:00,2320.7
2025-10-26 05:40:00+08:00,2343.9
2025-10-26 05:50:00+08:00,2317.6
2025-10-26 06:00:00+08:00,2331.8
2025-10-26 06:10:00+08:00,2321.1
2025-10-26 06:20:00+08:00,2312.7
2025-10-26 06:30:00+08:00,2321.7
2025-10-26 06:40:00+08:00,2330.3
2025-10-26 06:50:00+08:00,2332.7
2025-10-26 07:00:00+08:00,2324.2
2025-10-26 07:10:00+08:00,2338.7
2025-10-26 07:20:00+08:00,2363.6
2025-10-26 07:30:00+08:00,2356.3
2025-10-26 07:40:00+08:00,2366.3
2025-10-26 07:50:00+08:00,2395.2
2025-10-26 08:00:00+08:00,2416.3
2025-10-26 08:10:00+08:00,2435.5
2025-10-26 08:20:00+08:00,2436.3
2025-10-26 08:30:00+08:00,2480.0
2025-10-26 08:40:00+08:00,2479.3
2025-10-26 08:50:00+08:00,2484.7
2025-10-26 09:00:00+08:00,2539.2
2025-10-26 09:10:00+08:00,2540.1
2025-10-26 09:20:00+08:00,2569.3
2025-10-26 09:30:00+08:00,2565.4
2025-10-26 09:40:00+08:00,2596.5
2025-10-26 09:50:00+08:00,2599.4
2025-10-26 10:00:00+08:00,2631.0
2025-10-26 10:10:00+08:00,2630.6
2025-10-26 10:20:00+08:00,2631.1
2025-10-26 10:30:00+08:00,2665.6
2025-10-26 10:40:00+08:00,2660.3
2025-10-26 10:50:00+08:00,2690.7
2025-10-26 11:00:00+08:00,2666.1
2025-10-26 11:10:00+08:00,2697.7
2025-10-26 11:20:00+08:00,2702.7
2025-10-26 11:30:00+08:00,2706.2
2025-10-26 11:40:00+08:00,2717.9
2025-10-26 11:50:00+08:00,2697.0
2025-10-26 12:00:00+08:00,2723.7
2025-10-26 12:10:00+08:00,2712.6
2025-10-26 12:20:00+08:00,2720.0
2025-10-26 12:30:00+08:00,2707.7
2025-10-26 12:40:00+08:00,2723.6
2025-10-26 12:50:00+08:00,2735.1
2025-10-26 13:00:00+08:00,2724.0
2025-10-26 13:10:00+08:00,2753.3
2025-10-26 13:20:00+08:00,2728.0
2025-10-26 13:30:00+08:00,2724.5
2025-10-26 13:40:00+08:00,2710.6
2025-10-26 13:50:00+08:00,2714.2
2025-10-26 14:00:00+08:00,2726.2
2025-10-26 14:10:00+08:00,2706.3
2025-10-26 14:20:00+08:00,2704.1
2025-10-26 14:30:00+08:00,2687.6
2025-10-26 14:40:00+08:00,2675.0
2025-10-26 14:50:00+08:00,2693.7
2025-10-26 15:00:00+08:00,2711.0
2025-10-26 15:10:00+08:00,2716.6
2025-10-26 15:20:00+08:00,2694.4
2025-10-26 15:30:00+08:00,2711.2
2025-10-26 15:40:00+08:00,2702.7
2025-10-26 15:50:00+08:00,2733.4
2025-10-26 16:00:00+08:00,2719.4
2025-10-26 16:10:00+08:00,2748.9
2025-10-26 16:20:00+08:00,2744.4
2025-10-26 16:30:00+08:00,2726.0
2025-10-26 16:40:00+08:00,2709.1
2025-10-26 16:50:00+08:00,2740.3
2025-10-26 17:00:00+08:00,2746.2
2025-10-26 17:10:00+08:00,2734.6
2025-10-26 17:20:00+08:00,2781.5
2025-10-26 17:30:00+08:00,2768.7
2025-10-26 17:40:00+08:00,2786.8
2025-10-26 17:50:00+08:00,2806.8
2025-10-26 18:00:00+08:00,2811.5
2025-10-26 18:10:00+08:00,2793.2
2025-10-26 18:20:00+08:00,2791.1
2025-10-26 18:30:00+08:00,2797.2
2025-10-26 18:40:00+08:00,2783.4
2025-10-26 18:50:00+08:00,2806.3
2025-10-26 19:00:00+08:00,2791.4
2025-10-26 19:10:00+08:00,2804.5
2025-10-26 19:20:00+08:00,2784.6
2025-10-26 19:30:00+08:00,2780.9
2025-10-26 19:40:00+08:00,2792.7
2025-10-26 19:50:00+08:00,2777.6
2025-10-26 20:00:00+08:00,2811.3
2025-10-26 20:10:00+08:00,2828.9
2025-10-26 20:20:00+08:00,2836.0
2025-10-26 20:30:00+08:00,2834.7
2025-10-26 20:40:00+08:00,2822.3
2025-10-26 20:50:00+08:00,2833.2
2025-10-26 21:00:00+08:00,2809.5
2025-10-26 21:10:00+08:00,2811.4
2025-10-26 21:20:00+08:00,2781.8
2025-10-26 21:30:00+08:00,2778.6
2025-10-26 21:40:00+08:00,2775.8
2025-10-26 21:50:00+08:00,2743.6
2025-10-26 22:00:00+08:00,2743.0
2025-10-26 22:10:00+08:00,2705.8
2025-10-26 22:20:00+08:00,2652.5
2025-10-26 22:30:00+08:00,2671.3
2025-10-26 22:40:00+08:00,2659.6
2025-10-26 22:50:00+08:00,2611.5
2025-10-26 23:00:00+08:00,2592.2
2025-10-26 23:10:00+08:00,2572.1
2025-10-26 23:20:00+08:00,2543.6
2025-10-26 23:30:00+08:00,2535.0
2025-10-26 23:40:00+08:00,2514.7
2025-10-26 23:50:00+08:00,2508.7
2025-10-27 00:00:00+08:00,2483.0
2025-10-27 00:10:00+08:00,2471.8
2025-10-27 00:20:00+08:00,2447.9
2025-10-27 00:30:00+08:00,2437.3
2025-10-27 00:40:00+08:00,2430.4
2025-10-27 00:50:00+08:00,2422.5
2025-10-27 01:00:00+08:00,2370.2
2025-10-27 01:10:00+08:00,2372.0
2025-10-27 01:20:00+08:00,2369.6
2025-10-27 01:30:00+08:00,2366.4
2025-10-27 01:40:00+08:00,2351.9
2025-10-27 01:50:00+08:00,2330.3
2025-10-27 02:00:00+08:00,2308.7
2025-10-27 02:10:00+08:00,2333.1
2025-10-27 02:20:00+08:00,2298.1
2025-10-27 02:30:00+08:00,2302.9
2025-10-27 02:40:00+08:00,2283.3
2025-10-27 02:50:00+08:00,2291.3
2025-10-27 03:00:00+08:00,2278.4
2025-10-27 03:10:00+08:00,2269.3
2025-10-27 03:20:00+08:00,2251.7
2025-10-27 03:30:00+08:00,2266.6
2025-10-27 03:40:00+08:00,2260.5
2025-10-27 03:50:00+08:00,2251.8
2025-10-27 04:00:00+08:00,2269.0
2025-10-27 04:10:00+08:00,2264.0
2025-10-27 04:20:00+08:00,2262.7
2025-10-27 04:30:00+08:00,2251.0
2025-10-27 04:40:00+08:00,2258.4
2025-10-27 04:50:00+08:00,2252.0
2025-10-27 05:00:00+08:00,2261.6
2025-10-27 05:10:00+08:00,2272.4
2025-10-27 05:20:00+08:00,2283.6
2025-10-27 05:30:00+08:00,2275.1
2025-10-27 05:40:00+08:00,2295.1
2025-10-27 05:50:00+08:00,2298.7
2025-10-27 06:00:00+08:00,2293.1
2025-10-27 06:10:00+08:00,2309.6
2025-10-27 06:20:00+08:00,2322.9
2025-10-27 06:30:00+08:00,2328.5
2025-10-27 06:40:00+08:00,2351.2
2025-10-27 06:50:00+08:00,2375.7
2025-10-27 07:00:00+08:00,2393.3
2025-10-27 07:10:00+08:00,2428.7
2025-10-27 07:20:00+08:00,2473.2
2025-10-27 07:30:00+08:00,2495.9
2025-10-27 07:40:00+08:00,2548.1
2025-10-27 07:50:00+08:00,2616.9
2025-10-27 08:00:00+08:00,2685.9
2025-10-27 08:10:00+08:00,2819.5
2025-10-27 08:20:00+08:00,2882.8
2025-10-27 08:30:00+08:00,2932.6
2025-10-27 08:40:00+08:00,2926.6
2025-10-27 08:50:00+08:00,2953.3
2025-10-27 09:00:00+08:00,2979.9
2025-10-27 09:10:00+08:00,2999.5
2025-10-27 09:20:00+08:00,3001.9
2025-10-27 09:30:00+08:00,3007.8
2025-10-27 09:40:00+08:00,3044.0
2025-10-27 09:50:00+08:00,3069.3
2025-10-27 10:00:00+08:00,3082.9
2025-10-27 10:10:00+08:00,3126.7
2025-10-27 10:20:00+08:00,3126.5
2025-10-27 10:30:00+08:00,3110.0
2025-10-27 10:40:00+08:00,3143.3
2025-10-27 10:50:00+08:00,3090.0
2025-10-27 11:00:00+08:00,3140.1
2025-10-27 11:10:00+08:00,3191.7
2025-10-27 11:20:00+08:00,3175.2
2025-10-27 11:30:00+08:00,3157.2
2025-10-27 11:40:00+08:00,3170.1
2025-10-27 11:50:00+08:00,3155.8
2025-10-27 12:00:00+08:00,3102.7
2025-10-27 12:10:00+08:00,3063.6
2025-10-27 12:20:00+08:00,3041.6
2025-10-27 12:30:00+08:00,3020.8
2025-10-27 12:40:00+08:00,3020.3
2025-10-27 12:50:00+08:00,3041.2
2025-10-27 13:00:00+08:00,3067.6
2025-10-27 13:10:00+08:00,3133.0
2025-10-27 13:20:00+08:00,3139.6
2025-10-27 13:30:00+08:00,3150.3
2025-10-27 13:40:00+08:00,3146.1
2025-10-27 13:50:00+08:00,3181.4
2025-10-27 14:00:00+08:00,3188.4
2025-10-27 14:10:00+08:00,3184.6
2025-10-27 14:20:00+08:00,3184.1
2025-10-27 14:30:00+08:00,3215.8
2025-10-27 14:40:00+08:00,3208.4
2025-10-27 14:50:00+08:00,3207.2
2025-10-27 15:00:00+08:00,3188.7
2025-10-27 15:10:00+08:00,3183.1
2025-10-27 15:20:00+08:00,3189.0
2025-10-27 15:30:00+08:00,3190.9
2025-10-27 15:40:00+08:00,3184.6
2025-10-27 15:50:00+08:00,3181.9
2025-10-27 16:00:00+08:00,3174.6
2025-10-27 16:10:00+08:00,3169.6
2025-10-27 16:20:00+08:00,3170.7
2025-10-27 16:30:00+08:00,3163.2
2025-10-27 16:40:00+08:00,3157.6
2025-10-27 16:50:00+08:00,3142.2
2025-10-27 17:00:00+08:00,3108.9
2025-10-27 17:10:00+08:00,3077.9
2025-10-27 17:20:00+08:00,3077.1
2025-10-27 17:30:00+08:00,3087.5
2025-10-27 17:40:00+08:00,3106.5
2025-10-27 17:50:00+08:00,3092.0
2025-10-27 18:00:00+08:00,3087.2
2025-10-27 18:10:00+08:00,3078.2
2025-10-27 18:20:00+08:00,3065.3
2025-10-27 18:30:00+08:00,3052.8
2025-10-27 18:40:00+08:00,3043.3
2025-10-27 18:50:00+08:00,3040.1
2025-10-27 19:00:00+08:00,3024.6
2025-10-27 19:10:00+08:00,3017.4
2025-10-27 19:20:00+08:00,3000.3
2025-10-27 19:30:00+08:00,2993.4
2025-10-27 19:40:00+08:00,2983.4
2025-10-27 19:50:00+08:00,2982.6
2025-10-27 20:00:00+08:00,2972.3
2025-10-27 20:10:00+08:00,2955.5
2025-10-27 20:20:00+08:00,2957.2
2025-10-27 20:30:00+08:00,2947.1
2025-10-27 20:40:00+08:00,2932.1
2025-10-27 20:50:00+08:00,2922.3
2025-10-27 21:00:00+08:00,2905.3
2025-10-27 21:10:00+08:00,2896.3
2025-10-27 21:20:00+08:00,2880.0
2025-10-27 21:30:00+08:00,2862.6
2025-10-27 21:40:00+08:00,2847.3
2025-10-27 21:50:00+08:00,2845.2
2025-10-27 22:00:00+08:00,2814.6
2025-10-27 22:10:00+08:00,2821.7
2025-10-27 22:20:00+08:00,2783.8
2025-10-27 22:30:00+08:00,2763.4
2025-10-27 22:40:00+08:00,2733.5
2025-10-27 22:50:00+08:00,2740.6
2025-10-27 23:00:00+08:00,2701.3
2025-10-27 23:10:00+08:00,2682.6
2025-10-27 23:20:00+08:00,2672.5
2025-10-27 23:30:00+08:00,2643.4
2025-10-27 23:40:00+08:00,2614.8
2025-10-27 23:50:00+08:00,2599.0
2025-10-28 00:00:00+08:00,2579.1
2025-10-28 00:10:00+08:00,2588.6
2025-10-28 00:20:00+08:00,2575.0
2025-10-28 00:30:00+08:00,2575.6
2025-10-28 00:40:00+08:00,2555.8
2025-10-28 00:50:00+08:00,2546.1
2025-10-28 01:00:00+08:00,2519.5
2025-10-28 01:10:00+08:00,2514.0
2025-10-28 01:20:00+08:00,2516.1
2025-10-28 01:30:00+08:00,2456.8
2025-10-28 01:40:00+08:00,2468.2
2025-10-28 01:50:00+08:00,2467.3
2025-10-28 02:00:00+08:00,2432.9
2025-10-28 02:10:00+08:00,2453.7
2025-10-28 02:20:00+08:00,2439.7
2025-10-28 02:30:00+08:00,2418.3
2025-10-28 02:40:00+08:00,2409.8
2025-10-28 02:50:00+08:00,2413.4
2025-10-28 03:00:00+08:00,2397.6
2025-10-28 03:10:00+08:00,2390.0
2025-10-28 03:20:00+08:00,2392.2
2025-10-28 03:30:00+08:00,2412.5
2025-10-28 03:40:00+08:00,2394.6
2025-10-28 03:50:00+08:00,2387.7
2025-10-28 04:00:00+08:00,2374.9
2025-10-28 04:10:00+08:00,2385.0
2025-10-28 04:20:00+08:00,2365.5
2025-10-28 04:30:00+08:00,2377.8
2025-10-28 04:40:00+08:00,2390.0
2025-10-28 04:50:00+08:00,2384.1
2025-10-28 05:00:00+08:00,2375.3
2025-10-28 05:10:00+08:00,2392.6
2025-10-28 05:20:00+08:00,2394.9
2025-10-28 05:30:00+08:00,2409.3
2025-10-28 05:40:00+08:00,2422.3
2025-10-28 05:50:00+08:00,2401.8
2025-10-28 06:00:00+08:00,2397.2
2025-10-28 06:10:00+08:00,2430.6
2025-10-28 06:20:00+08:00,2442.3
2025-10-28 06:30:00+08:00,2447.6
2025-10-28 06:40:00+08:00,2451.0
2025-10-28 06:50:00+08:00,2477.8
2025-10-28 07:00:00+08:00,2496.9
2025-10-28 07:10:00+08:00,2552.8
2025-10-28 07:20:00+08:00,2578.0
2025-10-28 07:30:00+08:00,2592.5
2025-10-28 07:40:00+08:00,2658.8
2025-10-28 07:50:00+08:00,2703.4
2025-10-28 08:00:00+08:00,2787.1
2025-10-28 08:10:00+08:00,2875.0
2025-10-28 08:20:00+08:00,2941.6
2025-10-28 08:30:00+08:00,2977.6
2025-10-28 08:40:00+08:00,3023.5
2025-10-28 08:50:00+08:00,3040.6
2025-10-28 09:00:00+08:00,3042.3
2025-10-28 09:10:00+08:00,3074.5
2025-10-28 09:20:00+08:00,3062.4
2025-10-28 09:30:00+08:00,3083.4
2025-10-28 09:40:00+08:00,3096.1
2025-10-28 09:50:00+08:00,3131.6
2025-10-28 10:00:00+08:00,3147.8
2025-10-28 10:10:00+08:00,3169.4
2025-10-28 10:20:00+08:00,3171.7
2025-10-28 10:30:00+08:00,3174.4
2025-10-28 10:40:00+08:00,3203.1
2025-10-28 10:50:00+08:00,3186.8
2025-10-28 11:00:00+08:00,3206.8
2025-10-28 11:10:00+08:00,3241.7
2025-10-28 11:20:00+08:00,3241.6
2025-10-28 11:30:00+08:00,3270.4
2025-10-28 11:40:00+08:00,3276.7
2025-10-28 11:50:00+08:00,3240.0
2025-10-28 12:00:00+08:00,3226.7
2025-10-28 12:10:00+08:00,3155.5
2025-10-28 12:20:00+08:00,3100.8
2025-10-28 12:30:00+08:00,3098.7
2025-10-28 12:40:00+08:00,3083.7
2025-10-28 12:50:00+08:00,3095.2
2025-10-28 13:00:00+08:00,3134.8
2025-10-28 13:10:00+08:00,3243.8
2025-10-28 13:20:00+08:00,3217.8
2025-10-28 13:30:00+08:00,3201.2
2025-10-28 13:40:00+08:00,3218.8
2025-10-28 13:50:00+08:00,3213.5
2025-10-28 14:00:00+08:00,3211.5
2025-10-28 14:10:00+08:00,3206.6
2025-10-28 14:20:00+08:00,3197.0
2025-10-28 14:30:00+08:00,3184.2
2025-10-28 14:40:00+08:00,3174.8
2025-10-28 14:50:00+08:00,3184.7
2025-10-28 15:00:00+08:00,3171.6
2025-10-28 15:10:00+08:00,3184.4
2025-10-28 15:20:00+08:00,3180.9
2025-10-28 15:30:00+08:00,3165.3
2025-10-28 15:40:00+08:00,3168.1
2025-10-28 15:50:00+08:00,3169.8
2025-10-28 16:00:00+08:00,3150.2
2025-10-28 16:10:00+08:00,3160.6
2025-10-28 16:20:00+08:00,3158.1
2025-10-28 16:30:00+08:00,3154.8
2025-10-28 16:40:00+08:00,3151.6
2025-10-28 16:50:00+08:00,3133.0
2025-10-28 17:00:00+08:00,3099.9
2025-10-28 17:10:00+08:00,3081.3
2025-10-28 17:20:00+08:00,3081.5
2025-10-28 17:30:00+08:00,3092.7
2025-10-28 17:40:00+08:00,3107.8
2025-10-28 17:50:00+08:00,3093.6
2025-10-28 18:00:00+08:00,3092.7
2025-10-28 18:10:00+08:00,3082.4
2025-10-28 18:20:00+08:00,3070.0
2025-10-28 18:30:00+08:00,3060.2
2025-10-28 18:40:00+08:00,3045.6
2025-10-28 18:50:00+08:00,3042.6
2025-10-28 19:00:00+08:00,3030.4
2025-10-28 19:10:00+08:00,3017.3
2025-10-28 19:20:00+08:00,3004.1
2025-10-28 19:30:00+08:00,2998.3
2025-10-28 19:40:00+08:00,2985.8
2025-10-28 19:50:00+08:00,2976.2
2025-10-28 20:00:00+08:00,2976.0
2025-10-28 20:10:00+08:00,2960.6
2025-10-28 20:20:00+08:00,2959.2
2025-10-28 20:30:00+08:00,2950.8
2025-10-28 20:40:00+08:00,2940.0
2025-10-28 20:50:00+08:00,2923.5
2025-10-28 21:00:00+08:00,2907.6
2025-10-28 21:10:00+08:00,2891.1
2025-10-28 21:20:00+08:00,2882.0
2025-10-28 21:30:00+08:00,2864.2
2025-10-28 21:40:00+08:00,2853.8
2025-10-28 21:50:00+08:00,2853.0
2025-10-28 22:00:00+08:00,2821.5
2025-10-28 22:10:00+08:00,2818.6
2025-10-28 22:20:00+08:00,2794.4
2025-10-28 22:30:00+08:00,2766.0
2025-10-28 22:40:00+08:00,2746.6
2025-10-28 22:50:00+08:00,2726.8
2025-10-28 23:00:00+08:00,2703.7
2025-10-28 23:10:00+08:00,2689.1
2025-10-28 23:20:00+08:00,2663.8
2025-10-28 23:30:00+08:00,2629.1
2025-10-28 23:40:00+08:00,2614.2
2025-10-28 23:50:00+08:00,2599.6
2025-10-29 00:00:00+08:00,2567.9
2025-10-29 00:10:00+08:00,2566.6
2025-10-29 00:20:00+08:00,2570.1
2025-10-29 00:30:00+08:00,2556.4
2025-10-29 00:40:00+08:00,2540.4
2025-10-29 00:50:00+08:00,2539.9
2025-10-29 01:00:00+08:00,2525.0
2025-10-29 01:10:00+08:00,2504.2
2025-10-29 01:20:00+08:00,2494.9
2025-10-29 01:30:00+08:00,2480.7
2025-10-29 01:40:00+08:00,2465.7
2025-10-29 01:50:00+08:00,2431.9
2025-10-29 02:00:00+08:00,2450.8
2025-10-29 02:10:00+08:00,2422.6
2025-10-29 02:20:00+08:00,2431.9
2025-10-29 02:30:00+08:00,2420.6
2025-10-29 02:40:00+08:00,2409.4
2025-10-29 02:50:00+08:00,2408.0
2025-10-29 03:00:00+08:00,2379.3
2025-10-29 03:10:00+08:00,2388.0
2025-10-29 03:20:00+08:00,2383.1
2025-10-29 03:30:00+08:00,2370.2
2025-10-29 03:40:00+08:00,2368.7
2025-10-29 03:50:00+08:00,2363.0
2025-10-29 04:00:00+08:00,2375.6
2025-10-29 04:10:00+08:00,2361.4
2025-10-29 04:20:00+08:00,2365.0
2025-10-29 04:30:00+08:00,2376.9
2025-10-29 04:40:00+08:00,2363.2
2025-10-29 04:50:00+08:00,2382.0
2025-10-29 05:00:00+08:00,2387.5
2025-10-29 05:10:00+08:00,2383.4
2025-10-29 05:20:00+08:00,2388.2
2025-10-29 05:30:00+08:00,2390.0
2025-10-29 05:40:00+08:00,2409.0
2025-10-29 05:50:00+08:00,2418.7
2025-10-29 06:00:00+08:00,2410.7
2025-10-29 06:10:00+08:00,2419.0
2025-10-29 06:20:00+08:00,2427.2
2025-10-29 06:30:00+08:00,2442.0
2025-10-29 06:40:00+08:00,2457.8
2025-10-29 06:50:00+08:00,2467.5
2025-10-29 07:00:00+08:00,2498.0
2025-10-29 07:10:00+08:00,2547.2
2025-10-29 07:20:00+08:00,2549.0
2025-10-29 07:30:00+08:00,2583.2
2025-10-29 07:40:00+08:00,2629.4
2025-10-29 07:50:00+08:00,2659.5
2025-10-29 08:00:00+08:00,2737.9
2025-10-29 08:10:00+08:00,2859.6
2025-10-29 08:20:00+08:00,2917.4
2025-10-29 08:30:00+08:00,2958.3
2025-10-29 08:40:00+08:00,2964.6
2025-10-29 08:50:00+08:00,2979.6
2025-10-29 09:00:00+08:00,2999.1
2025-10-29 09:10:00+08:00,3046.8
2025-10-29 09:20:00+08:00,3041.9
2025-10-29 09:30:00+08:00,3041.9
2025-10-29 09:40:00+08:00,3070.5
2025-10-29 09:50:00+08:00,3072.3
2025-10-29 10:00:00+08:00,3102.0
2025-10-29 10:10:00+08:00,3077.2
2025-10-29 10:20:00+08:00,3113.2
2025-10-29 10:30:00+08:00,3138.5
2025-10-29 10:40:00+08:00,3144.6
2025-10-29 10:50:00+08:00,3166.0
2025-10-29 11:00:00+08:00,3204.6
2025-10-29 11:10:00+08:00,3225.6
2025-10-29 11:20:00+08:00,3216.5
2025-10-29 11:30:00+08:00,3214.5
2025-10-29 11:40:00+08:00,3246.1
2025-10-29 11:50:00+08:00,3224.1
2025-10-29 12:00:00+08:00,3171.9
2025-10-29 12:10:00+08:00,3124.1
2025-10-29 12:20:00+08:00,3124.1
2025-10-29 12:30:00+08:00,3086.2
2025-10-29 12:40:00+08:00,3086.2
2025-10-29 12:50:00+08:00,3097.8
2025-10-29 13:00:00+08:00,3148.9
2025-10-29 13:10:00+08:00,3249.1
2025-10-29 13:20:00+08:00,3245.9
2025-10-29 13:30:00+08:00,3260.2
2025-10-29 13:40:00+08:00,3271.5
2025-10-29 13:50:00+08:00,3284.2
2025-10-29 14:00:00+08:00,3284.7
2025-10-29 14:10:00+08:00,3266.6
2025-10-29 14:20:00+08:00,3286.2
2025-10-29 14:30:00+08:00,3275.9
2025-10-29 14:40:00+08:00,3266.9
2025-10-29 14:50:00+08:00,3265.0
2025-10-29 15:00:00+08:00,3262.1
2025-10-29 15:10:00+08:00,3251.3
2025-10-29 15:20:00+08:00,3259.7
2025-10-29 15:30:00+08:00,3247.2
2025-10-29 15:40:00+08:00,3259.8
2025-10-29 15:50:00+08:00,3259.8
2025-10-29 16:00:00+08:00,3238.2
2025-10-29 16:10:00+08:00,3248.3
2025-10-29 16:20:00+08:00,3233.6
2025-10-29 16:30:00+08:00,3225.3
2025-10-29 16:40:00+08:00,3215.8
2025-10-29 16:50:00+08:00,3199.6
2025-10-29 17:00:00+08:00,3143.8
2025-10-29 17:10:00+08:00,3112.9
2025-10-29 17:20:00+08:00,3109.8
2025-10-29 17:30:00+08:00,3113.1
2025-10-29 17:40:00+08:00,3131.5
2025-10-29 17:50:00+08:00,3114.6
2025-10-29 18:00:00+08:00,3102.6
2025-10-29 18:10:00+08:00,3094.2
2025-10-29 18:20:00+08:00,3087.3
2025-10-29 18:30:00+08:00,3076.5
2025-10-29 18:40:00+08:00,3058.3
2025-10-29 18:50:00+08:00,3058.4
2025-10-29 19:00:00+08:00,3047.8
2025-10-29 19:10:00+08:00,3027.8
2025-10-29 19:20:00+08:00,3024.5
2025-10-29 19:30:00+08:00,3007.5
2025-10-29 19:40:00+08:00,2991.2
2025-10-29 19:50:00+08:00,2987.5
2025-10-29 20:00:00+08:00,2974.8
2025-10-29 20:10:00+08:00,2956.0
2025-10-29 20:20:00+08:00,2958.7
2025-10-29 20:30:00+08:00,2952.1
2025-10-29 20:40:00+08:00,2939.6
2025-10-29 20:50:00+08:00,2925.0
2025-10-29 21:00:00+08:00,2919.9
2025-10-29 21:10:00+08:00,2909.7
2025-10-29 21:20:00+08:00,2908.4
2025-10-29 21:30:00+08:00,2892.6
2025-10-29 21:40:00+08:00,2886.7
2025-10-29 21:50:00+08:00,2872.3
2025-10-29 22:00:00+08:00,2860.2
2025-10-29 22:10:00+08:00,2857.7
2025-10-29 22:20:00+08:00,2840.3
2025-10-29 22:30:00+08:00,2813.3
2025-10-29 22:40:00+08:00,2782.9
2025-10-29 22:50:00+08:00,2782.7
2025-10-29 23:00:00+08:00,2758.6
2025-10-29 23:10:00+08:00,2734.4
2025-10-29 23:20:00+08:00,2728.8
2025-10-29 23:30:00+08:00,2691.7
2025-10-29 23:40:00+08:00,2667.0
2025-10-29 23:50:00+08:00,2653.4
2025-10-30 00:00:00+08:00,2623.7
2025-10-30 00:10:00+08:00,2628.0
2025-10-30 00:20:00+08:00,2622.7
2025-10-30 00:30:00+08:00,2616.2
2025-10-30 00:40:00+08:00,2590.7
2025-10-30 00:50:00+08:00,2577.7
2025-10-30 01:00:00+08:00,2557.5
2025-10-30 01:10:00+08:00,2551.7
2025-10-30 01:20:00+08:00,2544.7
2025-10-30 01:30:00+08:00,2517.9
2025-10-30 01:40:00+08:00,2507.0
2025-10-30 01:50:00+08:00,2491.0
2025-10-30 02:00:00+08:00,2503.0
2025-10-30 02:10:00+08:00,2503.0
2025-10-30 02:20:00+08:00,2470.4
2025-10-30 02:30:00+08:00,2457.2
2025-10-30 02:50:00+08:00,2451.9
2025-10-30 03:00:00+08:00,2440.7
2025-10-30 03:10:00+08:00,2433.9
2025-10-30 03:20:00+08:00,2444.2
2025-10-30 03:30:00+08:00,2429.7
2025-10-30 03:40:00+08:00,2422.8
2025-10-30 03:50:00+08:00,2427.4
2025-10-30 04:00:00+08:00,2416.8
2025-10-30 04:10:00+08:00,2429.8
2025-10-30 04:20:00+08:00,2413.2
2025-10-30 04:30:00+08:00,2412.1
2025-10-30 04:40:00+08:00,2436.0
2025-10-30 04:50:00+08:00,2411.8
2025-10-30 05:00:00+08:00,2428.9
2025-10-30 05:10:00+08:00,2433.1
2025-10-30 05:20:00+08:00,2442.2
2025-10-30 05:30:00+08:00,2439.6
2025-10-30 05:40:00+08:00,2441.7
2025-10-30 05:50:00+08:00,2440.8
2025-10-30 06:00:00+08:00,2471.5
2025-10-30 06:10:00+08:00,2483.3
2025-10-30 06:20:00+08:00,2483.3
2025-10-30 06:30:00+08:00,2493.1
2025-10-30 06:40:00+08:00,2506.4
2025-10-30 06:50:00+08:00,2524.4
2025-10-30 07:00:00+08:00,2556.6
2025-10-30 07:10:00+08:00,2594.5
2025-10-30 07:20:00+08:00,2619.4
2025-10-30 07:30:00+08:00,2647.2
2025-10-30 07:40:00+08:00,2671.7
2025-10-30 07:50:00+08:00,2735.5
2025-10-30 08:00:00+08:00,2863.6
2025-10-30 08:10:00+08:00,2963.2
2025-10-30 08:20:00+08:00,2999.4
2025-10-30 08:30:00+08:00,3045.0
2025-10-30 08:40:00+08:00,3098.3
2025-10-30 08:50:00+08:00,3124.7
2025-10-30 09:00:00+08:00,3117.0
2025-10-30 09:10:00+08:00,3129.5
2025-10-30 09:20:00+08:00,3175.4
2025-10-30 09:30:00+08:00,3159.6
2025-10-30 09:40:00+08:00,3176.3
2025-10-30 09:50:00+08:00,3173.5
2025-10-30 10:00:00+08:00,3241.8
2025-10-30 10:10:00+08:00,3239.1
2025-10-30 10:20:00+08:00,3270.4
2025-10-30 10:30:00+08:00,3285.1
2025-10-30 10:40:00+08:00,3345.1
2025-10-30 10:50:00+08:00,3360.4
2025-10-30 11:00:00+08:00,3322.7
2025-10-30 11:10:00+08:00,3386.9
2025-10-30 11:20:00+08:00,3386.7
2025-10-30 11:30:00+08:00,3389.4
2025-10-30 11:40:00+08:00,3394.3
2025-10-30 11:50:00+08:00,3374.9
2025-10-30 12:00:00+08:00,3295.6
2025-10-30 12:10:00+08:00,3240.7
2025-10-30 12:20:00+08:00,3197.7
2025-10-30 12:30:00+08:00,3212.5
2025-10-30 12:40:00+08:00,3224.4
2025-10-30 12:50:00+08:00,3217.2
2025-10-30 13:00:00+08:00,3233.8
2025-10-30 13:10:00+08:00,3309.1
2025-10-30 13:20:00+08:00,3335.2
2025-10-30 13:30:00+08:00,3367.7
2025-10-30 13:40:00+08:00,3371.4
2025-10-30 13:50:00+08:00,3379.6
2025-10-30 14:00:00+08:00,3359.0
2025-10-30 14:10:00+08:00,3336.8
2025-10-30 14:20:00+08:00,3347.9
2025-10-30 14:30:00+08:00,3325.6
2025-10-30 14:40:00+08:00,3331.0
2025-10-30 14:50:00+08:00,3325.7
2025-10-30 15:00:00+08:00,3354.2
2025-10-30 15:10:00+08:00,3337.4
2025-10-30 15:20:00+08:00,3358.5
2025-10-30 15:30:00+08:00,3370.6
2025-10-30 15:40:00+08:00,3360.9
2025-10-30 15:50:00+08:00,3376.5
2025-10-30 16:00:00+08:00,3364.0
2025-10-30 16:10:00+08:00,3340.6
2025-10-30 16:20:00+08:00,3330.3
2025-10-30 16:30:00+08:00,3311.2
2025-10-30 16:40:00+08:00,3287.6
2025-10-30 16:50:00+08:00,3277.5
2025-10-30 17:00:00+08:00,3256.9
2025-10-30 17:10:00+08:00,3200.6
2025-10-30 17:20:00+08:00,3216.9
2025-10-30 17:30:00+08:00,3221.4
2025-10-30 17:40:00+08:00,3229.2
2025-10-30 17:50:00+08:00,3233.8
2025-10-30 18:00:00+08:00,3224.1
2025-10-30 18:10:00+08:00,3210.6
2025-10-30 18:20:00+08:00,3209.2
2025-10-30 18:30:00+08:00,3192.9
2025-10-30 18:40:00+08:00,3178.1
2025-10-30 18:50:00+08:00,3179.3
2025-10-30 19:00:00+08:00,3157.0
2025-10-30 19:10:00+08:00,3133.1
2025-10-30 19:20:00+08:00,3133.7
2025-10-30 19:30:00+08:00,3124.8
2025-10-30 19:40:00+08:00,3106.4
2025-10-30 19:50:00+08:00,3094.8
2025-10-30 20:00:00+08:00,3094.2
2025-10-30 20:10:00+08:00,3078.0
2025-10-30 20:20:00+08:00,3073.1
2025-10-30 20:30:00+08:00,3053.1
2025-10-30 20:40:00+08:00,3044.3
2025-10-30 20:50:00+08:00,3042.8
2025-10-30 21:00:00+08:00,3022.5
2025-10-30 21:10:00+08:00,3007.4
2025-10-30 21:20:00+08:00,3003.5
2025-10-30 21:30:00+08:00,2989.8
2025-10-30 21:40:00+08:00,2970.6
2025-10-30 21:50:00+08:00,2954.2
2025-10-30 22:00:00+08:00,2935.4
2025-10-30 22:10:00+08:00,2944.0
2025-10-30 22:20:00+08:00,2915.7
2025-10-30 22:30:00+08:00,2904.7
2025-10-30 22:40:00+08:00,2861.4
2025-10-30 22:50:00+08:00,2831.7
2025-10-30 23:00:00+08:00,2831.7
2025-10-30 23:10:00+08:00,2798.6
2025-10-30 23:20:00+08:00,2788.3
2025-10-30 23:30:00+08:00,2768.9
2025-10-30 23:40:00+08:00,2758.7
2025-10-30 23:50:00+08:00,2723.3
2025-10-31 00:00:00+08:00,2704.1
2025-10-31 00:10:00+08:00,2704.2
2025-10-31 00:20:00+08:00,2695.6
2025-10-31 00:30:00+08:00,2664.2
2025-10-31 00:40:00+08:00,2673.5
2025-10-31 00:50:00+08:00,2652.0
2025-10-31 01:00:00+08:00,2642.9
2025-10-31 01:10:00+08:00,2611.8
2025-10-31 01:20:00+08:00,2579.8
2025-10-31 01:30:00+08:00,2588.4
2025-10-31 01:40:00+08:00,2567.3
2025-10-31 01:50:00+08:00,2576.0
2025-10-31 02:00:00+08:00,2560.4
2025-10-31 02:10:00+08:00,2529.7
2025-10-31 02:20:00+08:00,2535.7
2025-10-31 02:30:00+08:00,2521.7
2025-10-31 02:40:00+08:00,2522.4
2025-10-31 02:50:00+08:00,2516.7
2025-10-31 03:00:00+08:00,2502.4
2025-10-31 03:10:00+08:00,2482.0
2025-10-31 03:20:00+08:00,2478.6
2025-10-31 03:30:00+08:00,2460.0
2025-10-31 03:40:00+08:00,2454.3
2025-10-31 03:50:00+08:00,2472.1
2025-10-31 04:00:00+08:00,2457.3
2025-10-31 04:10:00+08:00,2483.5
2025-10-31 04:20:00+08:00,2466.9
2025-10-31 04:30:00+08:00,2452.0
2025-10-31 04:40:00+08:00,2458.2
2025-10-31 04:50:00+08:00,2471.2
2025-10-31 05:00:00+08:00,2471.6
2025-10-31 05:10:00+08:00,2472.4
2025-10-31 05:20:00+08:00,2482.6
2025-10-31 05:30:00+08:00,2482.9
2025-10-31 05:40:00+08:00,2493.8
2025-10-31 05:50:00+08:00,2489.3
2025-10-31 06:00:00+08:00,2493.5
2025-10-31 06:10:00+08:00,2505.9
2025-10-31 06:20:00+08:00,2515.0
2025-10-31 06:30:00+08:00,2517.7
2025-10-31 06:40:00+08:00,2531.4
2025-10-31 06:50:00+08:00,2539.9
2025-10-31 07:00:00+08:00,2565.4
2025-10-31 07:10:00+08:00,2576.3
2025-10-31 07:20:00+08:00,2601.4
2025-10-31 07:30:00+08:00,2659.8
2025-10-31 07:40:00+08:00,2699.0
2025-10-31 07:50:00+08:00,2734.4
2025-10-31 08:00:00+08:00,2805.9
2025-10-31 08:10:00+08:00,2901.8
2025-10-31 08:20:00+08:00,2942.4
2025-10-31 08:30:00+08:00,2996.1
2025-10-31 08:40:00+08:00,3033.3
2025-10-31 08:50:00+08:00,3035.8
2025-10-31 09:00:00+08:00,3058.7
2025-10-31 09:10:00+08:00,3099.5
2025-10-31 09:20:00+08:00,3100.4
2025-10-31 09:30:00+08:00,3102.2
2025-10-31 09:40:00+08:00,3103.3
2025-10-31 09:50:00+08:00,3123.3
2025-10-31 10:00:00+08:00,3150.6
2025-10-31 10:10:00+08:00,3174.2
2025-10-31 10:20:00+08:00,3153.7
2025-10-31 10:30:00+08:00,3176.9
2025-10-31 10:40:00+08:00,3211.5
2025-10-31 10:50:00+08:00,3242.3
2025-10-31 11:00:00+08:00,3228.1
2025-10-31 11:10:00+08:00,3263.6
2025-10-31 11:20:00+08:00,3248.7
2025-10-31 11:30:00+08:00,3276.0
2025-10-31 11:40:00+08:00,3280.9
2025-10-31 11:50:00+08:00,3220.6
2025-10-31 12:00:00+08:00,3192.2
2025-10-31 12:10:00+08:00,3167.1
2025-10-31 12:20:00+08:00,3121.9
2025-10-31 12:30:00+08:00,3132.6
2025-10-31 12:40:00+08:00,3105.0
2025-10-31 12:50:00+08:00,3127.0
2025-10-31 13:00:00+08:00,3173.5
2025-10-31 13:10:00+08:00,3260.8
2025-10-31 13:20:00+08:00,3260.4
2025-10-31 13:30:00+08:00,3280.6
2025-10-31 13:40:00+08:00,3285.9
2025-10-31 13:50:00+08:00,3275.3
2025-10-31 14:00:00+08:00,3287.9
2025-10-31 14:10:00+08:00,3306.9
2025-10-31 14:20:00+08:00,3276.4
2025-10-31 14:30:00+08:00,3281.3
2025-10-31 14:40:00+08:00,3270.3
2025-10-31 14:50:00+08:00,3252.2
2025-10-31 15:00:00+08:00,3258.2
2025-10-31 15:10:00+08:00,3281.6
2025-10-31 15:20:00+08:00,3277.1
2025-10-31 15:30:00+08:00,3270.3
2025-10-31 15:40:00+08:00,3249.2
2025-10-31 15:50:00+08:00,3258.3
2025-10-31 16:00:00+08:00,3237.1
2025-10-31 16:10:00+08:00,3214.6
2025-10-31 16:20:00+08:00,3196.5
2025-10-31 16:30:00+08:00,3175.7
2025-10-31 16:40:00+08:00,3164.6
2025-10-31 16:50:00+08:00,3157.5
2025-10-31 17:00:00+08:00,3093.6
2025-10-31 17:10:00+08:00,3077.1
2025-10-31 17:20:00+08:00,3072.1
2025-10-31 17:30:00+08:00,3077.3
2025-10-31 17:40:00+08:00,3084.2
2025-10-31 17:50:00+08:00,3083.3
2025-10-31 18:00:00+08:00,3066.8
2025-10-31 18:10:00+08:00,3057.2
2025-10-31 18:20:00+08:00,3049.9
2025-10-31 18:30:00+08:00,3030.7
2025-10-31 18:40:00+08:00,3018.5
2025-10-31 18:50:00+08:00,3011.6
2025-10-31 19:00:00+08:00,2990.2
2025-10-31 19:10:00+08:00,2975.9
2025-10-31 19:20:00+08:00,2965.3
2025-10-31 19:30:00+08:00,2955.3
2025-10-31 19:40:00+08:00,2950.5
2025-10-31 19:50:00+08:00,2935.7
2025-10-31 20:00:00+08:00,2920.4
2025-10-31 20:10:00+08:00,2914.3
2025-10-31 20:20:00+08:00,2903.6
2025-10-31 20:30:00+08:00,2897.7
2025-10-31 20:40:00+08:00,2891.9
2025-10-31 20:50:00+08:00,2872.1
2025-10-31 21:00:00+08:00,2859.6
2025-10-31 21:10:00+08:00,2849.1
2025-10-31 21:20:00+08:00,2833.5
2025-10-31 21:30:00+08:00,2838.3
2025-10-31 21:40:00+08:00,2822.1
2025-10-31 21:50:00+08:00,2810.4
2025-10-31 22:00:00+08:00,2807.4
2025-10-31 22:10:00+08:00,2810.7
2025-10-31 22:20:00+08:00,2786.1
2025-10-31 22:30:00+08:00,2767.3
2025-10-31 22:40:00+08:00,2745.5
2025-10-31 22:50:00+08:00,2745.5
2025-10-31 23:00:00+08:00,2704.1
2025-10-31 23:10:00+08:00,2678.0
2025-10-31 23:20:00+08:00,2671.5
2025-10-31 23:30:00+08:00,2630.7
2025-10-31 23:40:00+08:00,2627.4
2025-10-31 23:50:00+08:00,2612.8
2025-11-01 00:00:00+08:00,2594.4
2025-11-01 00:10:00+08:00,2592.8
2025-11-01 00:20:00+08:00,2613.8
2025-11-01 00:30:00+08:00,2567.4
2025-11-01 00:40:00+08:00,2580.6
2025-11-01 00:50:00+08:00,2538.1
2025-11-01 01:00:00+08:00,2537.2
2025-11-01 01:10:00+08:00,2513.6
2025-11-01 01:20:00+08:00,2517.7
2025-11-01 01:30:00+08:00,2487.7
2025-11-01 01:40:00+08:00,2485.5
2025-11-01 01:50:00+08:00,2463.8
2025-11-01 02:00:00+08:00,2451.4
2025-11-01 02:10:00+08:00,2455.1
2025-11-01 02:20:00+08:00,2447.5
2025-11-01 02:30:00+08:00,2416.9
2025-11-01 02:40:00+08:00,2420.1
2025-11-01 02:50:00+08:00,2420.4
2025-11-01 03:00:00+08:00,2401.2
2025-11-01 03:10:00+08:00,2384.1
2025-11-01 03:20:00+08:00,2363.1
2025-11-01 03:30:00+08:00,2384.1
2025-11-01 03:40:00+08:00,2367.8
2025-11-01 03:50:00+08:00,2379.4
2025-11-01 04:00:00+08:00,2365.1
2025-11-01 04:10:00+08:00,2368.6
2025-11-01 04:20:00+08:00,2355.4
2025-11-01 04:30:00+08:00,2356.5
2025-11-01 04:40:00+08:00,2345.2
2025-11-01 04:50:00+08:00,2356.6
2025-11-01 05:00:00+08:00,2351.5
2025-11-01 05:10:00+08:00,2363.3
2025-11-01 05:20:00+08:00,2371.9
2025-11-01 05:30:00+08:00,2355.2
2025-11-01 05:40:00+08:00,2371.2
2025-11-01 05:50:00+08:00,2378.1
2025-11-01 06:00:00+08:00,2361.9
2025-11-01 06:10:00+08:00,2371.1
2025-11-01 06:20:00+08:00,2356.9
2025-11-01 06:30:00+08:00,2357.0
2025-11-01 06:40:00+08:00,2344.9
2025-11-01 06:50:00+08:00,2359.9
2025-11-01 07:00:00+08:00,2358.4
2025-11-01 07:10:00+08:00,2378.8
2025-11-01 07:20:00+08:00,2394.9
2025-11-01 07:30:00+08:00,2405.6
2025-11-01 07:40:00+08:00,2407.8
2025-11-01 07:50:00+08:00,2454.3
2025-11-01 08:00:00+08:00,2459.1
2025-11-01 08:10:00+08:00,2491.6
2025-11-01 08:20:00+08:00,2531.2
2025-11-01 08:30:00+08:00,2550.5
2025-11-01 08:40:00+08:00,2543.3
2025-11-01 08:50:00+08:00,2555.4
2025-11-01 09:00:00+08:00,2589.9
2025-11-01 09:10:00+08:00,2590.2
2025-11-01 09:20:00+08:00,2608.4
2025-11-01 09:30:00+08:00,2625.2
2025-11-01 09:40:00+08:00,2674.3
2025-11-01 09:50:00+08:00,2673.1
2025-11-01 10:00:00+08:00,2705.2
2025-11-01 10:10:00+08:00,2726.9
2025-11-01 10:20:00+08:00,2729.3
2025-11-01 10:30:00+08:00,2759.8
2025-11-01 10:40:00+08:00,2757.2
2025-11-01 10:50:00+08:00,2769.9
2025-11-01 11:00:00+08:00,2797.2
2025-11-01 11:10:00+08:00,2788.8
2025-11-01 11:20:00+08:00,2808.1
2025-11-01 11:30:00+08:00,2787.7
2025-11-01 11:40:00+08:00,2812.2
2025-11-01 11:50:00+08:00,2806.6
2025-11-01 12:00:00+08:00,2798.9
2025-11-01 12:10:00+08:00,2758.1
2025-11-01 12:20:00+08:00,2749.5
2025-11-01 12:30:00+08:00,2783.3
2025-11-01 12:40:00+08:00,2770.9
2025-11-01 12:50:00+08:00,2787.3
2025-11-01 13:00:00+08:00,2771.5
2025-11-01 13:10:00+08:00,2810.4
2025-11-01 13:20:00+08:00,2820.9
2025-11-01 13:30:00+08:00,2817.6
2025-11-01 13:40:00+08:00,2828.8
2025-11-01 13:50:00+08:00,2819.2
2025-11-01 14:00:00+08:00,2801.7
2025-11-01 14:10:00+08:00,2818.7
2025-11-01 14:20:00+08:00,2796.8
2025-11-01 14:30:00+08:00,2808.4
2025-11-01 14:40:00+08:00,2810.2
2025-11-01 14:50:00+08:00,2821.3
2025-11-01 15:00:00+08:00,2791.6
2025-11-01 15:10:00+08:00,2805.1
2025-11-01 15:20:00+08:00,2806.2
2025-11-01 15:30:00+08:00,2831.6
2025-11-01 15:40:00+08:00,2819.1
2025-11-01 15:50:00+08:00,2847.2
2025-11-01 16:00:00+08:00,2817.5
2025-11-01 16:10:00+08:00,2817.5
2025-11-01 16:20:00+08:00,2818.8
2025-11-01 16:30:00+08:00,2820.4
2025-11-01 16:40:00+08:00,2817.8
2025-11-01 16:50:00+08:00,2823.5
2025-11-01 17:00:00+08:00,2830.9
2025-11-01 17:10:00+08:00,2823.3
2025-11-01 17:20:00+08:00,2848.0
2025-11-01 17:30:00+08:00,2864.0
2025-11-01 17:40:00+08:00,2866.3
2025-11-01 17:50:00+08:00,2879.6
2025-11-01 18:00:00+08:00,2866.8
2025-11-01 18:10:00+08:00,2865.8
2025-11-01 18:20:00+08:00,2836.7
2025-11-01 18:30:00+08:00,2848.1
2025-11-01 18:40:00+08:00,2833.5
2025-11-01 18:50:00+08:00,2830.5
2025-11-01 19:00:00+08:00,2835.5
2025-11-01 19:10:00+08:00,2812.8
2025-11-01 19:20:00+08:00,2807.6
2025-11-01 19:30:00+08:00,2807.3
2025-11-01 19:40:00+08:00,2792.9
2025-11-01 19:50:00+08:00,2808.9
2025-11-01 20:00:00+08:00,2800.8
2025-11-01 20:10:00+08:00,2799.7
2025-11-01 20:20:00+08:00,2789.0
2025-11-01 20:30:00+08:00,2783.1
2025-11-01 20:40:00+08:00,2772.9
2025-11-01 20:50:00+08:00,2777.6
2025-11-01 21:00:00+08:00,2765.7
2025-11-01 21:10:00+08:00,2781.0
2025-11-01 21:20:00+08:00,2753.7
2025-11-01 21:30:00+08:00,2735.2
2025-11-01 21:40:00+08:00,2746.2
2025-11-01 21:50:00+08:00,2716.8
2025-11-01 22:00:00+08:00,2726.2
2025-11-01 22:10:00+08:00,2693.8
2025-11-01 22:20:00+08:00,2665.9
2025-11-01 22:30:00+08:00,2663.8
2025-11-01 22:40:00+08:00,2643.8
2025-11-01 22:50:00+08:00,2630.4
2025-11-01 23:00:00+08:00,2611.3
2025-11-01 23:10:00+08:00,2574.9
2025-11-01 23:20:00+08:00,2581.1
2025-11-01 23:30:00+08:00,2565.7
2025-11-01 23:40:00+08:00,2539.6
2025-11-01 23:50:00+08:00,2515.0
2025-11-02 00:00:00+08:00,2500.1
2025-11-02 00:10:00+08:00,2510.0
2025-11-02 00:20:00+08:00,2475.9
2025-11-02 00:30:00+08:00,2465.7
2025-11-02 00:40:00+08:00,2462.9
2025-11-02 00:50:00+08:00,2447.8
2025-11-02 01:00:00+08:00,2424.2
2025-11-02 01:10:00+08:00,2414.1
2025-11-02 01:20:00+08:00,2400.6
2025-11-02 01:30:00+08:00,2373.9
2025-11-02 01:40:00+08:00,2358.2
2025-11-02 01:50:00+08:00,2371.9
2025-11-02 02:00:00+08:00,2345.7
2025-11-02 02:10:00+08:00,2353.7
2025-11-02 02:20:00+08:00,2344.6
2025-11-02 02:30:00+08:00,2317.4
2025-11-02 02:40:00+08:00,2306.5
2025-11-02 02:50:00+08:00,2299.0
2025-11-02 03:00:00+08:00,2304.0
2025-11-02 03:10:00+08:00,2295.5
2025-11-02 03:20:00+08:00,2290.8
2025-11-02 03:30:00+08:00,2277.0
2025-11-02 03:40:00+08:00,2286.2
2025-11-02 03:50:00+08:00,2270.2
2025-11-02 04:00:00+08:00,2268.1
2025-11-02 04:10:00+08:00,2268.1
2025-11-02 04:20:00+08:00,2249.9
2025-11-02 04:30:00+08:00,2264.5
2025-11-02 04:40:00+08:00,2254.3
2025-11-02 04:50:00+08:00,2238.7
2025-11-02 05:00:00+08:00,2251.3
2025-11-02 05:10:00+08:00,2249.5
2025-11-02 05:20:00+08:00,2245.0
2025-11-02 05:30:00+08:00,2267.8
2025-11-02 05:40:00+08:00,2267.2
2025-11-02 05:50:00+08:00,2260.8
2025-11-02 06:00:00+08:00,2270.3
2025-11-02 06:10:00+08:00,2265.9
2025-11-02 06:20:00+08:00,2272.4
2025-11-02 06:30:00+08:00,2250.2
2025-11-02 06:40:00+08:00,2261.9
2025-11-02 06:50:00+08:00,2292.6
2025-11-02 07:00:00+08:00,2287.9
2025-11-02 07:10:00+08:00,2288.4
2025-11-02 07:20:00+08:00,2301.1
2025-11-02 07:30:00+08:00,2288.9
2025-11-02 07:40:00+08:00,2305.1
2025-11-02 07:50:00+08:00,2314.3
2025-11-02 08:00:00+08:00,2318.2
2025-11-02 08:10:00+08:00,2329.1
2025-11-02 08:20:00+08:00,2354.1
2025-11-02 08:30:00+08:00,2372.9
2025-11-02 08:40:00+08:00,2398.6
2025-11-02 08:50:00+08:00,2444.3
2025-11-02 09:00:00+08:00,2437.5
2025-11-02 09:10:00+08:00,2430.7
2025-11-02 09:20:00+08:00,2430.0
2025-11-02 09:30:00+08:00,2464.8
2025-11-02 09:40:00+08:00,2488.6
2025-11-02 09:50:00+08:00,2492.2
2025-11-02 10:00:00+08:00,2491.8
2025-11-02 10:10:00+08:00,2542.0
2025-11-02 10:20:00+08:00,2553.8
2025-11-02 10:30:00+08:00,2540.3
2025-11-02 10:40:00+08:00,2573.5
2025-11-02 10:50:00+08:00,2567.7
2025-11-02 11:00:00+08:00,2581.5
2025-11-02 11:10:00+08:00,2588.3
2025-11-02 11:20:00+08:00,2605.3
2025-11-02 11:30:00+08:00,2610.4
2025-11-02 11:40:00+08:00,2597.1
2025-11-02 11:50:00+08:00,2598.3
2025-11-02 12:00:00+08:00,2577.5
2025-11-02 12:10:00+08:00,2594.4
2025-11-02 12:20:00+08:00,2563.2
2025-11-02 12:30:00+08:00,2562.4
2025-11-02 12:40:00+08:00,2598.2
2025-11-02 12:50:00+08:00,2594.6
2025-11-02 13:00:00+08:00,2619.6
2025-11-02 13:10:00+08:00,2641.8
2025-11-02 13:20:00+08:00,2625.6
2025-11-02 13:30:00+08:00,2614.3
2025-11-02 13:40:00+08:00,2634.8
2025-11-02 13:50:00+08:00,2626.2
2025-11-02 14:00:00+08:00,2659.8
2025-11-02 14:10:00+08:00,2631.3
2025-11-02 14:20:00+08:00,2618.2
2025-11-02 14:30:00+08:00,2626.2
2025-11-02 14:40:00+08:00,2649.5
2025-11-02 14:50:00+08:00,2652.6
2025-11-02 15:00:00+08:00,2637.1
2025-11-02 15:10:00+08:00,2648.9
2025-11-02 15:20:00+08:00,2642.4
2025-11-02 15:30:00+08:00,2632.4
2025-11-02 15:40:00+08:00,2622.6
2025-11-02 15:50:00+08:00,2630.4
2025-11-02 16:00:00+08:00,2656.2
2025-11-02 16:10:00+08:00,2665.7
2025-11-02 16:20:00+08:00,2672.4
2025-11-02 16:30:00+08:00,2661.8
2025-11-02 16:40:00+08:00,2692.7
2025-11-02 16:50:00+08:00,2689.9
2025-11-02 17:00:00+08:00,2713.1
2025-11-02 17:10:00+08:00,2711.3
2025-11-02 17:20:00+08:00,2734.9
2025-11-02 17:30:00+08:00,2759.0
2025-11-02 17:40:00+08:00,2754.7
2025-11-02 17:50:00+08:00,2756.7
2025-11-02 18:00:00+08:00,2763.9
2025-11-02 18:10:00+08:00,2753.2
2025-11-02 18:20:00+08:00,2761.7
2025-11-02 18:30:00+08:00,2760.5
2025-11-02 18:40:00+08:00,2746.8
2025-11-02 18:50:00+08:00,2754.4
2025-11-02 19:00:00+08:00,2738.8
2025-11-02 19:10:00+08:00,2754.5
2025-11-02 19:20:00+08:00,2742.6
2025-11-02 19:30:00+08:00,2739.3
2025-11-02 19:40:00+08:00,2730.8
2025-11-02 19:50:00+08:00,2733.9
2025-11-02 20:00:00+08:00,2739.9
2025-11-02 20:10:00+08:00,2720.7
2025-11-02 20:20:00+08:00,2727.2
2025-11-02 20:30:00+08:00,2716.3
2025-11-02 20:40:00+08:00,2713.7
2025-11-02 20:50:00+08:00,2741.5
2025-11-02 21:00:00+08:00,2737.1
2025-11-02 21:10:00+08:00,2713.0
2025-11-02 21:20:00+08:00,2705.5
2025-11-02 21:30:00+08:00,2676.0
2025-11-02 21:40:00+08:00,2673.2
2025-11-02 21:50:00+08:00,2668.8
2025-11-02 22:00:00+08:00,2624.2
2025-11-02 22:10:00+08:00,2627.8
2025-11-02 22:20:00+08:00,2597.4
2025-11-02 22:30:00+08:00,2565.1
2025-11-02 22:40:00+08:00,2566.1
2025-11-02 22:50:00+08:00,2541.8
2025-11-02 23:00:00+08:00,2523.6
2025-11-02 23:10:00+08:00,2487.1
2025-11-02 23:20:00+08:00,2471.2
2025-11-02 23:30:00+08:00,2475.9
2025-11-02 23:40:00+08:00,2443.2
2025-11-02 23:50:00+08:00,2424.6
2025-11-03 00:00:00+08:00,2396.4
2025-11-03 00:10:00+08:00,2395.2
2025-11-03 00:20:00+08:00,2387.5
2025-11-03 00:30:00+08:00,2387.7
2025-11-03 00:40:00+08:00,2344.4
2025-11-03 00:50:00+08:00,2336.2
2025-11-03 01:00:00+08:00,2311.1
2025-11-03 01:10:00+08:00,2294.4
2025-11-03 01:20:00+08:00,2294.9
2025-11-03 01:30:00+08:00,2272.1
2025-11-03 01:40:00+08:00,2280.6
2025-11-03 01:50:00+08:00,2256.0
2025-11-03 02:00:00+08:00,2248.1
2025-11-03 02:10:00+08:00,2234.8
2025-11-03 02:20:00+08:00,2233.7
2025-11-03 02:30:00+08:00,2218.7
2025-11-03 02:40:00+08:00,2227.0
2025-11-03 02:50:00+08:00,2224.1
2025-11-03 03:00:00+08:00,2207.0
2025-11-03 03:10:00+08:00,2203.3
2025-11-03 03:20:00+08:00,2203.5
2025-11-03 03:30:00+08:00,2201.7
2025-11-03 03:40:00+08:00,2189.4
2025-11-03 03:50:00+08:00,2202.1
2025-11-03 04:00:00+08:00,2197.7
2025-11-03 04:10:00+08:00,2190.1
2025-11-03 04:20:00+08:00,2194.6
2025-11-03 04:30:00+08:00,2190.6
2025-11-03 04:40:00+08:00,2199.2
2025-11-03 04:50:00+08:00,2203.2
2025-11-03 05:00:00+08:00,2205.4
2025-11-03 05:10:00+08:00,2225.8
2025-11-03 05:20:00+08:00,2232.3
2025-11-03 05:30:00+08:00,2233.0
2025-11-03 05:40:00+08:00,2243.0
2025-11-03 05:50:00+08:00,2245.2
2025-11-03 06:00:00+08:00,2248.8
2025-11-03 06:10:00+08:00,2269.8
2025-11-03 06:20:00+08:00,2272.5
2025-11-03 06:30:00+08:00,2286.2
2025-11-03 06:40:00+08:00,2309.9
2025-11-03 06:50:00+08:00,2322.7
2025-11-03 07:00:00+08:00,2346.0
2025-11-03 07:10:00+08:00,2395.9
2025-11-03 07:20:00+08:00,2403.5
2025-11-03 07:30:00+08:00,2442.9
2025-11-03 07:40:00+08:00,2483.3
2025-11-03 07:50:00+08:00,2547.0
2025-11-03 08:00:00+08:00,2634.6
2025-11-03 08:10:00+08:00,2737.7
2025-11-03 08:20:00+08:00,2788.1
2025-11-03 08:30:00+08:00,2840.5
2025-11-03 08:40:00+08:00,2891.8
2025-11-03 08:50:00+08:00,2906.3
2025-11-03 09:00:00+08:00,2930.5
2025-11-03 09:10:00+08:00,2936.7
2025-11-03 09:20:00+08:00,2922.4
2025-11-03 09:30:00+08:00,2972.8
2025-11-03 09:40:00+08:00,2965.9
2025-11-03 09:50:00+08:00,2997.6
2025-11-03 10:00:00+08:00,3027.4
2025-11-03 10:10:00+08:00,3017.8
2025-11-03 10:20:00+08:00,3031.5
2025-11-03 10:30:00+08:00,3031.5
2025-11-03 10:40:00+08:00,3047.5
2025-11-03 10:50:00+08:00,3036.2
2025-11-03 11:00:00+08:00,3036.2
2025-11-03 11:10:00+08:00,3077.9
2025-11-03 11:20:00+08:00,3097.8
2025-11-03 11:30:00+08:00,3107.0
2025-11-03 11:40:00+08:00,3097.4
2025-11-03 11:50:00+08:00,3111.4
2025-11-03 12:00:00+08:00,3059.3
2025-11-03 12:10:00+08:00,2990.5
2025-11-03 12:20:00+08:00,2955.8
2025-11-03 12:30:00+08:00,2977.2
2025-11-03 12:40:00+08:00,2973.2
2025-11-03 12:50:00+08:00,2972.4
2025-11-03 13:00:00+08:00,3019.7
2025-11-03 13:10:00+08:00,3123.1
2025-11-03 13:20:00+08:00,3147.3
2025-11-03 13:30:00+08:00,3151.0
2025-11-03 13:40:00+08:00,3183.9
2025-11-03 13:50:00+08:00,3150.8
2025-11-03 14:00:00+08:00,3145.9
2025-11-03 14:10:00+08:00,3172.0
2025-11-03 14:20:00+08:00,3160.3
2025-11-03 14:30:00+08:00,3135.2
2025-11-03 14:40:00+08:00,3128.0
2025-11-03 14:50:00+08:00,3133.0
2025-11-03 15:00:00+08:00,3145.4
2025-11-03 15:10:00+08:00,3143.5
2025-11-03 15:20:00+08:00,3127.3
2025-11-03 15:30:00+08:00,3142.0
2025-11-03 15:40:00+08:00,3137.5
2025-11-03 15:50:00+08:00,3124.5
2025-11-03 16:00:00+08:00,3112.3
2025-11-03 16:10:00+08:00,3108.9
2025-11-03 16:20:00+08:00,3103.4
2025-11-03 16:30:00+08:00,3100.8
2025-11-03 16:40:00+08:00,3088.3
2025-11-03 16:50:00+08:00,3075.1
2025-11-03 17:00:00+08:00,3040.0
2025-11-03 17:10:00+08:00,3020.6
2025-11-03 17:20:00+08:00,3021.0
2025-11-03 17:30:00+08:00,3021.9
2025-11-03 17:40:00+08:00,3028.0
2025-11-03 17:50:00+08:00,3026.8
2025-11-03 18:00:00+08:00,3022.4
2025-11-03 18:10:00+08:00,3008.1
2025-11-03 18:20:00+08:00,2995.9
2025-11-03 18:30:00+08:00,2983.2
2025-11-03 18:40:00+08:00,2976.0
2025-11-03 18:50:00+08:00,2970.8
2025-11-03 19:00:00+08:00,2959.9
2025-11-03 19:10:00+08:00,2956.2
2025-11-03 19:20:00+08:00,2948.2
2025-11-03 19:30:00+08:00,2939.1
2025-11-03 19:40:00+08:00,2923.6
2025-11-03 19:50:00+08:00,2914.5
2025-11-03 20:00:00+08:00,2916.3
2025-11-03 20:10:00+08:00,2905.4
2025-11-03 20:20:00+08:00,2899.1
2025-11-03 20:30:00+08:00,2884.2
2025-11-03 20:40:00+08:00,2870.1
2025-11-03 20:50:00+08:00,2860.0
2025-11-03 21:00:00+08:00,2854.4
2025-11-03 21:10:00+08:00,2844.7
2025-11-03 21:20:00+08:00,2832.6
2025-11-03 21:30:00+08:00,2819.7
2025-11-03 21:40:00+08:00,2816.4
2025-11-03 21:50:00+08:00,2796.5
2025-11-03 22:00:00+08:00,2778.1
2025-11-03 22:10:00+08:00,2763.3
2025-11-03 22:20:00+08:00,2733.7
2025-11-03 22:30:00+08:00,2706.9
2025-11-03 22:40:00+08:00,2690.7
2025-11-03 22:50:00+08:00,2672.0
2025-11-03 23:00:00+08:00,2650.0
2025-11-03 23:10:00+08:00,2621.5
2025-11-03 23:20:00+08:00,2610.6
2025-11-03 23:30:00+08:00,2581.0
2025-11-03 23:40:00+08:00,2559.3
2025-11-03 23:50:00+08:00,2518.8
2025-11-04 00:00:00+08:00,2517.7
2025-11-04 00:10:00+08:00,2527.5
2025-11-04 00:20:00+08:00,2537.2
2025-11-04 00:30:00+08:00,2490.9
2025-11-04 00:40:00+08:00,2500.1
2025-11-04 00:50:00+08:00,2461.2
2025-11-04 01:00:00+08:00,2448.1
2025-11-04 01:10:00+08:00,2450.5
2025-11-04 01:20:00+08:00,2428.5
2025-11-04 01:30:00+08:00,2430.1
2025-11-04 01:40:00+08:00,2406.7
2025-11-04 01:50:00+08:00,2401.6
2025-11-04 02:00:00+08:00,2379.1
2025-11-04 02:10:00+08:00,2400.1
2025-11-04 02:20:00+08:00,2358.5
2025-11-04 02:30:00+08:00,2354.1
2025-11-04 02:40:00+08:00,2359.9
2025-11-04 02:50:00+08:00,2364.2
2025-11-04 03:00:00+08:00,2322.5
2025-11-04 03:10:00+08:00,2354.0
2025-11-04 03:20:00+08:00,2343.9
2025-11-04 03:30:00+08:00,2316.4
2025-11-04 03:40:00+08:00,2305.6
2025-11-04 03:50:00+08:00,2327.7
2025-11-04 04:00:00+08:00,2333.0
2025-11-04 04:10:00+08:00,2329.5
2025-11-04 04:20:00+08:00,2324.3
2025-11-04 04:30:00+08:00,2320.3
2025-11-04 04:40:00+08:00,2318.4
2025-11-04 04:50:00+08:00,2326.1
2025-11-04 05:00:00+08:00,2327.8
2025-11-04 05:10:00+08:00,2340.5
2025-11-04 05:20:00+08:00,2356.3
2025-11-04 05:30:00+08:00,2350.1
2025-11-04 05:40:00+08:00,2357.1
2025-11-04 05:50:00+08:00,2349.8
2025-11-04 06:00:00+08:00,2363.5
2025-11-04 06:10:00+08:00,2391.8
2025-11-04 06:20:00+08:00,2388.9
2025-11-04 06:30:00+08:00,2384.5
2025-11-04 06:40:00+08:00,2389.9
2025-11-04 06:50:00+08:00,2420.7
2025-11-04 07:00:00+08:00,2438.8
2025-11-04 07:10:00+08:00,2493.1
2025-11-04 07:20:00+08:00,2518.1
2025-11-04 07:30:00+08:00,2551.1
2025-11-04 07:40:00+08:00,2559.5
2025-11-04 07:50:00+08:00,2625.1
2025-11-04 08:00:00+08:00,2710.4
2025-11-04 08:10:00+08:00,2809.8
2025-11-04 08:20:00+08:00,2848.0
2025-11-04 08:30:00+08:00,2891.6
2025-11-04 08:40:00+08:00,2894.7
2025-11-04 08:50:00+08:00,2938.9
2025-11-04 09:00:00+08:00,2995.3
2025-11-04 09:10:00+08:00,2984.0
2025-11-04 09:20:00+08:00,3022.5
2025-11-04 09:30:00+08:00,3047.4
2025-11-04 09:40:00+08:00,3031.4
2025-11-04 09:50:00+08:00,3053.8
2025-11-04 10:00:00+08:00,3048.8
2025-11-04 10:10:00+08:00,3097.9
2025-11-04 10:20:00+08:00,3080.5
2025-11-04 10:30:00+08:00,3170.6
2025-11-04 10:40:00+08:00,3149.3
2025-11-04 10:50:00+08:00,3158.9
2025-11-04 11:00:00+08:00,3176.0
2025-11-04 11:10:00+08:00,3204.2
2025-11-04 11:20:00+08:00,3189.5
2025-11-04 11:30:00+08:00,3202.3
2025-11-04 11:40:00+08:00,3191.1
2025-11-04 11:50:00+08:00,3164.9
2025-11-04 12:00:00+08:00,3124.0
2025-11-04 12:10:00+08:00,3035.7
2025-11-04 12:20:00+08:00,3049.8
2025-11-04 12:30:00+08:00,3038.0
2025-11-04 12:40:00+08:00,3052.1
2025-11-04 12:50:00+08:00,3055.1
2025-11-04 13:00:00+08:00,3102.0
2025-11-04 13:10:00+08:00,3231.0
2025-11-04 13:20:00+08:00,3210.0
2025-11-04 13:30:00+08:00,3234.2
2025-11-04 13:40:00+08:00,3231.8
2025-11-04 13:50:00+08:00,3228.8
2025-11-04 14:00:00+08:00,3217.8
2025-11-04 14:10:00+08:00,3204.5
2025-11-04 14:20:00+08:00,3201.9
2025-11-04 14:30:00+08:00,3195.8
2025-11-04 14:40:00+08:00,3206.9
2025-11-04 14:50:00+08:00,3199.2
2025-11-04 15:00:00+08:00,3216.5
2025-11-04 15:10:00+08:00,3201.8
2025-11-04 15:20:00+08:00,3195.8
2025-11-04 15:30:00+08:00,3195.9
2025-11-04 15:40:00+08:00,3207.6
2025-11-04 15:50:00+08:00,3201.7
2025-11-04 16:00:00+08:00,3194.0
2025-11-04 16:10:00+08:00,3194.7
2025-11-04 16:20:00+08:00,3177.5
2025-11-04 16:30:00+08:00,3165.6
2025-11-04 16:40:00+08:00,3156.7
2025-11-04 16:50:00+08:00,3146.7
2025-11-04 17:00:00+08:00,3113.0
2025-11-04 17:10:00+08:00,3082.5
2025-11-04 17:20:00+08:00,3088.3
2025-11-04 17:30:00+08:00,3094.2
2025-11-04 17:40:00+08:00,3089.1
2025-11-04 17:50:00+08:00,3093.2
2025-11-04 18:00:00+08:00,3092.8
2025-11-04 18:10:00+08:00,3081.9
2025-11-04 18:20:00+08:00,3065.0
2025-11-04 18:30:00+08:00,3060.8
2025-11-04 18:40:00+08:00,3052.3
2025-11-04 18:50:00+08:00,3053.8
2025-11-04 19:00:00+08:00,3037.6
2025-11-04 19:10:00+08:00,3019.0
2025-11-04 19:20:00+08:00,3013.5
2025-11-04 19:30:00+08:00,3007.4
2025-11-04 19:40:00+08:00,3002.2
2025-11-04 19:50:00+08:00,2992.6
2025-11-04 20:00:00+08:00,2980.4
2025-11-04 20:10:00+08:00,2972.1
2025-11-04 20:20:00+08:00,2976.6
2025-11-04 20:30:00+08:00,2961.0
2025-11-04 20:40:00+08:00,2942.7
2025-11-04 20:50:00+08:00,2929.2
2025-11-04 21:00:00+08:00,2923.6
2025-11-04 21:10:00+08:00,2905.8
2025-11-04 21:20:00+08:00,2886.5
2025-11-04 21:30:00+08:00,2870.3
2025-11-04 21:40:00+08:00,2878.4
2025-11-04 21:50:00+08:00,2865.8
2025-11-04 22:00:00+08:00,2832.9
2025-11-04 22:10:00+08:00,2788.5
2025-11-04 22:20:00+08:00,2778.0
2025-11-04 22:30:00+08:00,2766.8
2025-11-04 22:40:00+08:00,2736.3
2025-11-04 22:50:00+08:00,2728.0
2025-11-04 23:00:00+08:00,2702.8
2025-11-04 23:10:00+08:00,2672.0
2025-11-04 23:20:00+08:00,2661.4
2025-11-04 23:30:00+08:00,2636.8
2025-11-04 23:40:00+08:00,2604.7
2025-11-04 23:50:00+08:00,2589.3
2025-11-05 00:00:00+08:00,2567.0
2025-11-05 00:10:00+08:00,2578.2
2025-11-05 00:20:00+08:00,2551.6
2025-11-05 00:30:00+08:00,2544.5
2025-11-05 00:40:00+08:00,2546.9
2025-11-05 00:50:00+08:00,2520.3
2025-11-05 01:00:00+08:00,2485.8
2025-11-05 01:10:00+08:00,2486.1
2025-11-05 01:20:00+08:00,2472.9
2025-11-05 01:30:00+08:00,2471.2
2025-11-05 01:40:00+08:00,2453.3
2025-11-05 01:50:00+08:00,2421.5
2025-11-05 02:00:00+08:00,2426.4
2025-11-05 02:10:00+08:00,2414.8
2025-11-05 02:20:00+08:00,2421.4
2025-11-05 02:30:00+08:00,2395.5
2025-11-05 02:40:00+08:00,2397.2
2025-11-05 02:50:00+08:00,2394.9
2025-11-05 03:00:00+08:00,2373.3
2025-11-05 03:10:00+08:00,2374.8
2025-11-05 03:20:00+08:00,2371.9
2025-11-05 03:30:00+08:00,2358.6
2025-11-05 03:40:00+08:00,2351.9
2025-11-05 03:50:00+08:00,2361.4
2025-11-05 04:00:00+08:00,2344.4
2025-11-05 04:10:00+08:00,2345.3
2025-11-05 04:20:00+08:00,2348.3
2025-11-05 04:30:00+08:00,2353.1
2025-11-05 04:40:00+08:00,2337.6
2025-11-05 04:50:00+08:00,2364.1
2025-11-05 05:00:00+08:00,2362.5
2025-11-05 05:10:00+08:00,2367.9
2025-11-05 05:20:00+08:00,2353.2
2025-11-05 05:30:00+08:00,2387.0
2025-11-05 05:40:00+08:00,2398.2
2025-11-05 05:50:00+08:00,2389.6
2025-11-05 06:00:00+08:00,2392.1
2025-11-05 06:10:00+08:00,2414.7
2025-11-05 06:20:00+08:00,2408.3
2025-11-05 06:30:00+08:00,2423.4
2025-11-05 06:40:00+08:00,2438.7
2025-11-05 06:50:00+08:00,2452.0
2025-11-05 07:00:00+08:00,2462.4
2025-11-05 07:10:00+08:00,2511.7
2025-11-05 07:20:00+08:00,2536.0
2025-11-05 07:30:00+08:00,2554.6
2025-11-05 07:40:00+08:00,2604.8
2025-11-05 07:50:00+08:00,2645.8
2025-11-05 08:00:00+08:00,2742.2
2025-11-05 08:10:00+08:00,2828.1
2025-11-05 08:20:00+08:00,2883.7
2025-11-05 08:30:00+08:00,2917.6
2025-11-05 08:40:00+08:00,2954.0
2025-11-05 08:50:00+08:00,2980.2
2025-11-05 09:00:00+08:00,2995.5
2025-11-05 09:10:00+08:00,2996.9
2025-11-05 09:20:00+08:00,3025.0
2025-11-05 09:30:00+08:00,3057.0
2025-11-05 09:40:00+08:00,3058.9
2025-11-05 09:50:00+08:00,3069.8
2025-11-05 10:00:00+08:00,3086.1
2025-11-05 10:10:00+08:00,3099.1
2025-11-05 10:20:00+08:00,3128.9
2025-11-05 10:30:00+08:00,3141.8
2025-11-05 10:40:00+08:00,3156.1
2025-11-05 10:50:00+08:00,3165.3
2025-11-05 11:00:00+08:00,3185.2
2025-11-05 11:10:00+08:00,3211.7
2025-11-05 11:20:00+08:00,3220.4
2025-11-05 11:30:00+08:00,3238.1
2025-11-05 11:40:00+08:00,3242.8
2025-11-05 11:50:00+08:00,3224.2
2025-11-05 12:00:00+08:00,3164.3
2025-11-05 12:10:00+08:00,3113.3
2025-11-05 12:20:00+08:00,3082.4
2025-11-05 12:30:00+08:00,3084.7
2025-11-05 12:40:00+08:00,3091.2
2025-11-05 12:50:00+08:00,3101.9
2025-11-05 13:00:00+08:00,3155.4
2025-11-05 13:10:00+08:00,3238.2
2025-11-05 13:20:00+08:00,3238.8
2025-11-05 13:30:00+08:00,3246.5
2025-11-05 13:40:00+08:00,3279.4
2025-11-05 13:50:00+08:00,3281.1
2025-11-05 14:00:00+08:00,3279.0
2025-11-05 14:10:00+08:00,3269.7
2025-11-05 14:20:00+08:00,3272.1
2025-11-05 14:30:00+08:00,3274.4
2025-11-05 14:40:00+08:00,3276.8
2025-11-05 14:50:00+08:00,3279.1
2025-11-05 15:00:00+08:00,3274.3
2025-11-05 15:10:00+08:00,3287.2
2025-11-05 15:20:00+08:00,3292.3
2025-11-05 15:30:00+08:00,3292.8
2025-11-05 15:40:00+08:00,3301.6
2025-11-05 15:50:00+08:00,3307.1
2025-11-05 16:00:00+08:00,3292.3
2025-11-05 16:10:00+08:00,3280.0
2025-11-05 16:20:00+08:00,3271.9
2025-11-05 16:30:00+08:00,3258.3
2025-11-05 16:40:00+08:00,3244.6
2025-11-05 16:50:00+08:00,3222.5
2025-11-05 17:00:00+08:00,3173.0
2025-11-05 17:10:00+08:00,3147.1
2025-11-05 17:20:00+08:00,3141.7
2025-11-05 17:30:00+08:00,3152.1
2025-11-05 17:40:00+08:00,3152.0
2025-11-05 17:50:00+08:00,3147.4
2025-11-05 18:00:00+08:00,3149.2
2025-11-05 18:10:00+08:00,3133.3
2025-11-05 18:20:00+08:00,3128.8
2025-11-05 18:30:00+08:00,3113.3
2025-11-05 18:40:00+08:00,3099.3
2025-11-05 18:50:00+08:00,3092.5
2025-11-05 19:00:00+08:00,3077.8
2025-11-05 19:10:00+08:00,3064.8
2025-11-05 19:20:00+08:00,3051.3
2025-11-05 19:30:00+08:00,3044.2
2025-11-05 19:40:00+08:00,3032.7
2025-11-05 19:50:00+08:00,3019.4
2025-11-05 20:00:00+08:00,2998.2
2025-11-05 20:10:00+08:00,2981.2
2025-11-05 20:20:00+08:00,2986.1
2025-11-05 20:30:00+08:00,2971.1
2025-11-05 20:40:00+08:00,2957.0
2025-11-05 20:50:00+08:00,2954.2
2025-11-05 21:00:00+08:00,2934.0
2025-11-05 21:10:00+08:00,2925.0
2025-11-05 21:20:00+08:00,2911.4
2025-11-05 21:30:00+08:00,2897.7
2025-11-05 21:40:00+08:00,2888.3
2025-11-05 21:50:00+08:00,2877.7
2025-11-05 22:00:00+08:00,2850.6
2025-11-05 22:10:00+08:00,2832.5
2025-11-05 22:20:00+08:00,2812.9
2025-11-05 22:30:00+08:00,2794.5
2025-11-05 22:40:00+08:00,2770.1
2025-11-05 22:50:00+08:00,2753.9
2025-11-05 23:00:00+08:00,2724.2
2025-11-05 23:10:00+08:00,2698.7
2025-11-05 23:20:00+08:00,2680.9
2025-11-05 23:30:00+08:00,2659.8
2025-11-05 23:40:00+08:00,2634.5
2025-11-05 23:50:00+08:00,2613.4
2025-11-06 00:00:00+08:00,2580.8
2025-11-06 00:10:00+08:00,2624.8
2025-11-06 00:20:00+08:00,2602.4
2025-11-06 00:30:00+08:00,2570.4
2025-11-06 00:40:00+08:00,2583.6
2025-11-06 00:50:00+08:00,2565.7
2025-11-06 01:00:00+08:00,2535.7
2025-11-06 01:10:00+08:00,2527.2
2025-11-06 01:20:00+08:00,2506.9
2025-11-06 01:30:00+08:00,2503.2
2025-11-06 01:40:00+08:00,2487.1
2025-11-06 01:50:00+08:00,2468.7
2025-11-06 02:00:00+08:00,2461.2
2025-11-06 02:10:00+08:00,2451.4
2025-11-06 02:20:00+08:00,2445.5
2025-11-06 02:30:00+08:00,2432.4
2025-11-06 02:40:00+08:00,2424.3
2025-11-06 02:50:00+08:00,2442.2
2025-11-06 03:00:00+08:00,2423.4
2025-11-06 03:10:00+08:00,2420.5
2025-11-06 03:20:00+08:00,2405.5
2025-11-06 03:30:00+08:00,2411.9
2025-11-06 03:40:00+08:00,2415.3
2025-11-06 03:50:00+08:00,2400.6
2025-11-06 04:00:00+08:00,2384.7
2025-11-06 04:10:00+08:00,2396.8
2025-11-06 04:20:00+08:00,2385.5
2025-11-06 04:30:00+08:00,2374.2
2025-11-06 04:40:00+08:00,2396.1
2025-11-06 04:50:00+08:00,2381.8
2025-11-06 05:00:00+08:00,2397.6
2025-11-06 05:10:00+08:00,2419.6
2025-11-06 05:20:00+08:00,2393.9
2025-11-06 05:30:00+08:00,2406.4
2025-11-06 05:40:00+08:00,2426.6
2025-11-06 05:50:00+08:00,2422.5
2025-11-06 06:00:00+08:00,2422.1
2025-11-06 06:10:00+08:00,2440.5
2025-11-06 06:20:00+08:00,2441.2
2025-11-06 06:30:00+08:00,2450.5
2025-11-06 06:40:00+08:00,2455.7
2025-11-06 06:50:00+08:00,2474.5
2025-11-06 07:00:00+08:00,2510.9
2025-11-06 07:10:00+08:00,2528.0
2025-11-06 07:20:00+08:00,2558.3
2025-11-06 07:30:00+08:00,2592.7
2025-11-06 07:40:00+08:00,2614.0
2025-11-06 07:50:00+08:00,2697.5
2025-11-06 08:00:00+08:00,2761.7
2025-11-06 08:10:00+08:00,2891.9
2025-11-06 08:20:00+08:00,2932.9
2025-11-06 08:30:00+08:00,2967.1
2025-11-06 08:40:00+08:00,3020.4
2025-11-06 08:50:00+08:00,3038.1
2025-11-06 09:00:00+08:00,3061.9
2025-11-06 09:10:00+08:00,3106.0
2025-11-06 09:20:00+08:00,3115.9
2025-11-06 09:30:00+08:00,3132.5
2025-11-06 09:40:00+08:00,3139.1
2025-11-06 09:50:00+08:00,3153.8
2025-11-06 10:00:00+08:00,3166.1
2025-11-06 10:10:00+08:00,3177.7
2025-11-06 10:20:00+08:00,3217.5
2025-11-06 10:30:00+08:00,3223.6
2025-11-06 10:40:00+08:00,3272.4
2025-11-06 10:50:00+08:00,3264.7
2025-11-06 11:00:00+08:00,3281.3
2025-11-06 11:10:00+08:00,3310.0
2025-11-06 11:20:00+08:00,3330.5
2025-11-06 11:30:00+08:00,3342.4
2025-11-06 11:40:00+08:00,3339.9
2025-11-06 11:50:00+08:00,3314.8
2025-11-06 12:00:00+08:00,3276.5
2025-11-06 12:10:00+08:00,3205.5
2025-11-06 12:20:00+08:00,3202.4
2025-11-06 12:30:00+08:00,3180.2
2025-11-06 12:40:00+08:00,3196.1
2025-11-06 12:50:00+08:00,3199.7
2025-11-06 13:00:00+08:00,3236.2
2025-11-06 13:10:00+08:00,3330.4
2025-11-06 13:20:00+08:00,3355.7
2025-11-06 13:30:00+08:00,3381.0
2025-11-06 13:40:00+08:00,3376.4
2025-11-06 13:50:00+08:00,3349.5
2025-11-06 14:00:00+08:00,3350.0
2025-11-06 14:10:00+08:00,3367.9
2025-11-06 14:20:00+08:00,3350.3
2025-11-06 14:30:00+08:00,3338.0
2025-11-06 14:40:00+08:00,3338.5
2025-11-06 14:50:00+08:00,3353.2
2025-11-06 15:00:00+08:00,3352.3
2025-11-06 15:10:00+08:00,3359.0
2025-11-06 15:20:00+08:00,3342.1
2025-11-06 15:30:00+08:00,3357.5
2025-11-06 15:40:00+08:00,3360.4
2025-11-06 15:50:00+08:00,3339.1
2025-11-06 16:00:00+08:00,3336.1
2025-11-06 16:10:00+08:00,3327.4
2025-11-06 16:20:00+08:00,3312.9
2025-11-06 16:30:00+08:00,3304.1
2025-11-06 16:40:00+08:00,3293.0
2025-11-06 16:50:00+08:00,3270.5
2025-11-06 17:00:00+08:00,3219.0
2025-11-06 17:10:00+08:00,3195.5
2025-11-06 17:20:00+08:00,3201.6
2025-11-06 17:30:00+08:00,3199.8
2025-11-06 17:40:00+08:00,3218.1
2025-11-06 17:50:00+08:00,3215.9
2025-11-06 18:00:00+08:00,3191.8
2025-11-06 18:10:00+08:00,3191.0
2025-11-06 18:20:00+08:00,3182.6
2025-11-06 18:30:00+08:00,3161.3
2025-11-06 18:40:00+08:00,3155.4
2025-11-06 18:50:00+08:00,3147.6
2025-11-06 19:00:00+08:00,3143.9
2025-11-06 19:10:00+08:00,3124.2
2025-11-06 19:20:00+08:00,3109.9
2025-11-06 19:30:00+08:00,3107.3
2025-11-06 19:40:00+08:00,3095.9
2025-11-06 19:50:00+08:00,3088.3
2025-11-06 20:00:00+08:00,3075.8
2025-11-06 20:10:00+08:00,3068.4
2025-11-06 20:20:00+08:00,3057.9
2025-11-06 20:30:00+08:00,3052.3
2025-11-06 20:40:00+08:00,3037.8
2025-11-06 20:50:00+08:00,3022.2
2025-11-06 21:00:00+08:00,3008.2
2025-11-06 21:10:00+08:00,2984.6
2025-11-06 21:20:00+08:00,2978.5
2025-11-06 21:30:00+08:00,2961.6
2025-11-06 21:40:00+08:00,2951.8
2025-11-06 21:50:00+08:00,2947.2
2025-11-06 22:00:00+08:00,2935.5
2025-11-06 22:10:00+08:00,2909.1
2025-11-06 22:20:00+08:00,2895.1
2025-11-06 22:30:00+08:00,2867.2
2025-11-06 22:40:00+08:00,2823.0
2025-11-06 22:50:00+08:00,2821.8
2025-11-06 23:00:00+08:00,2789.1
2025-11-06 23:10:00+08:00,2764.9
2025-11-06 23:20:00+08:00,2734.5
2025-11-06 23:30:00+08:00,2736.1
2025-11-06 23:40:00+08:00,2685.1
2025-11-06 23:50:00+08:00,2669.9
2025-11-07 00:00:00+08:00,2663.1
2025-11-07 00:10:00+08:00,2690.6
2025-11-07 00:20:00+08:00,2670.7
2025-11-07 00:30:00+08:00,2649.5
2025-11-07 00:40:00+08:00,2627.5
2025-11-07 00:50:00+08:00,2628.3
2025-11-07 01:00:00+08:00,2601.6
2025-11-07 01:10:00+08:00,2586.3
2025-11-07 01:20:00+08:00,2572.3
2025-11-07 01:30:00+08:00,2556.7
2025-11-07 01:40:00+08:00,2545.7
2025-11-07 01:50:00+08:00,2531.0
2025-11-07 02:00:00+08:00,2514.4
2025-11-07 02:10:00+08:00,2518.3
2025-11-07 02:20:00+08:00,2506.4
2025-11-07 02:30:00+08:00,2494.9
2025-11-07 02:40:00+08:00,2480.9
2025-11-07 02:50:00+08:00,2466.9
2025-11-07 03:00:00+08:00,2492.2
2025-11-07 03:10:00+08:00,2471.9
2025-11-07 03:20:00+08:00,2467.6
2025-11-07 03:30:00+08:00,2463.4
2025-11-07 03:40:00+08:00,2446.5
2025-11-07 03:50:00+08:00,2430.0
2025-11-07 04:00:00+08:00,2430.0
2025-11-07 04:10:00+08:00,2429.0
2025-11-07 04:20:00+08:00,2448.3
2025-11-07 04:30:00+08:00,2421.6
2025-11-07 04:40:00+08:00,2428.2
2025-11-07 04:50:00+08:00,2454.5
2025-11-07 05:00:00+08:00,2438.4
2025-11-07 05:10:00+08:00,2456.7
2025-11-07 05:20:00+08:00,2465.6
2025-11-07 05:30:00+08:00,2462.5
2025-11-07 12:10:00+08:00,3295.5
2025-11-07 12:20:00+08:00,3291.6
2025-11-07 12:30:00+08:00,3293.2
2025-11-07 12:40:00+08:00,3275.2
2025-11-07 12:50:00+08:00,3307.2
2025-11-07 13:00:00+08:00,3336.1
2025-11-07 13:10:00+08:00,3410.2
2025-11-07 13:20:00+08:00,3434.3
2025-11-07 13:30:00+08:00,3443.4
2025-11-07 13:40:00+08:00,3440.7
2025-11-07 13:50:00+08:00,3460.7
2025-11-07 14:00:00+08:00,3445.7
2025-11-07 14:10:00+08:00,3437.9
2025-11-07 14:20:00+08:00,3433.8
2025-11-07 14:30:00+08:00,3438.7
2025-11-07 14:40:00+08:00,3429.7
2025-11-07 14:50:00+08:00,3435.8
2025-11-07 15:00:00+08:00,3425.3
2025-11-07 15:10:00+08:00,3425.6
2025-11-07 15:20:00+08:00,3413.9
2025-11-07 15:30:00+08:00,3425.4
2025-11-07 15:40:00+08:00,3416.8
2025-11-07 15:50:00+08:00,3405.4
2025-11-07 16:00:00+08:00,3392.8
2025-11-07 16:10:00+08:00,3394.9
2025-11-07 16:20:00+08:00,3376.6
2025-11-07 16:30:00+08:00,3355.1
2025-11-07 16:40:00+08:00,3333.4
2025-11-07 16:50:00+08:00,3301.3
2025-11-07 17:00:00+08:00,3258.4
2025-11-07 17:10:00+08:00,3225.0
2025-11-07 17:20:00+08:00,3236.8
2025-11-07 17:30:00+08:00,3232.6
2025-11-07 17:40:00+08:00,3225.0
2025-11-07 17:50:00+08:00,3226.8
2025-11-07 18:00:00+08:00,3211.6
2025-11-07 18:10:00+08:00,3201.9
2025-11-07 18:20:00+08:00,3188.9
2025-11-07 18:30:00+08:00,3169.9
2025-11-07 18:40:00+08:00,3160.5
2025-11-07 18:50:00+08:00,3145.6
2025-11-07 19:00:00+08:00,3133.2
2025-11-07 19:10:00+08:00,3114.4
2025-11-07 19:20:00+08:00,3105.9
2025-11-07 19:30:00+08:00,3098.3
2025-11-07 19:40:00+08:00,3098.3
2025-11-07 19:50:00+08:00,3083.7
2025-11-07 20:00:00+08:00,3068.5
2025-11-07 20:10:00+08:00,3068.5
2025-11-07 20:20:00+08:00,3039.3
2025-11-07 20:30:00+08:00,3043.4
2025-11-07 20:40:00+08:00,3015.8
2025-11-07 20:50:00+08:00,3001.7
2025-11-07 21:00:00+08:00,2994.1
2025-11-07 21:10:00+08:00,2977.9
2025-11-07 21:20:00+08:00,2969.3
2025-11-07 21:30:00+08:00,2956.1
2025-11-07 21:40:00+08:00,2937.4
2025-11-07 21:50:00+08:00,2939.0
2025-11-07 22:00:00+08:00,2904.5
2025-11-07 22:10:00+08:00,2905.5
2025-11-07 22:20:00+08:00,2883.9
2025-11-07 22:30:00+08:00,2876.2
2025-11-07 22:40:00+08:00,2844.2
2025-11-07 22:50:00+08:00,2818.7
2025-11-07 23:00:00+08:00,2828.3
2025-11-07 23:10:00+08:00,2798.4
2025-11-07 23:20:00+08:00,2774.4
2025-11-07 23:30:00+08:00,2765.8
2025-11-07 23:40:00+08:00,2733.8
2025-11-07 23:50:00+08:00,2725.5
2025-11-08 00:00:00+08:00,2697.8
2025-11-08 00:10:00+08:00,2715.7
2025-11-08 00:20:00+08:00,2706.5
2025-11-08 00:30:00+08:00,2697.6
2025-11-08 00:40:00+08:00,2697.0
2025-11-08 00:50:00+08:00,2682.6
2025-11-08 01:00:00+08:00,2650.9
2025-11-08 01:10:00+08:00,2624.4
2025-11-08 01:20:00+08:00,2627.5
2025-11-08 01:30:00+08:00,2604.6
2025-11-08 01:40:00+08:00,2580.1
2025-11-08 01:50:00+08:00,2586.6
2025-11-08 02:00:00+08:00,2572.9
2025-11-08 02:10:00+08:00,2556.4
2025-11-08 02:20:00+08:00,2563.5
2025-11-08 02:30:00+08:00,2547.8
2025-11-08 02:40:00+08:00,2537.9
2025-11-08 02:50:00+08:00,2509.6
2025-11-08 03:00:00+08:00,2493.9
2025-11-08 03:10:00+08:00,2501.6
2025-11-08 03:20:00+08:00,2472.6
2025-11-08 03:30:00+08:00,2479.2
2025-11-08 03:40:00+08:00,2467.6
2025-11-08 03:50:00+08:00,2455.4
2025-11-08 04:00:00+08:00,2469.7
2025-11-08 04:10:00+08:00,2474.6
2025-11-08 04:20:00+08:00,2461.1
2025-11-08 04:30:00+08:00,2471.0
2025-11-08 04:40:00+08:00,2431.5
2025-11-08 04:50:00+08:00,2449.2
2025-11-08 05:00:00+08:00,2445.7
2025-11-08 05:10:00+08:00,2481.0
2025-11-08 05:20:00+08:00,2472.8
2025-11-08 05:30:00+08:00,2483.1
2025-11-08 05:40:00+08:00,2466.5
2025-11-08 05:50:00+08:00,2482.2
2025-11-08 06:00:00+08:00,2473.5
2025-11-08 06:10:00+08:00,2471.3
2025-11-08 06:20:00+08:00,2478.5
2025-11-08 06:30:00+08:00,2475.4
2025-11-08 06:40:00+08:00,2475.2
2025-11-08 06:50:00+08:00,2493.9
2025-11-08 07:00:00+08:00,2468.9
2025-11-08 07:10:00+08:00,2485.1
2025-11-08 07:20:00+08:00,2516.6
2025-11-08 07:30:00+08:00,2505.0
2025-11-08 07:40:00+08:00,2550.0
2025-11-08 07:50:00+08:00,2561.8
2025-11-08 08:00:00+08:00,2607.7
2025-11-08 08:10:00+08:00,2627.0
2025-11-08 08:20:00+08:00,2650.9
2025-11-08 08:30:00+08:00,2667.7
2025-11-08 08:40:00+08:00,2700.0
2025-11-08 08:50:00+08:00,2725.2
2025-11-08 09:00:00+08:00,2741.8
2025-11-08 09:10:00+08:00,2752.9
2025-11-08 09:20:00+08:00,2784.1
2025-11-08 09:30:00+08:00,2789.1
2025-11-08 09:40:00+08:00,2819.6
2025-11-08 09:50:00+08:00,2821.9
2025-11-08 10:00:00+08:00,2872.0
2025-11-08 10:10:00+08:00,2864.4
2025-11-08 10:20:00+08:00,2883.3
2025-11-08 10:30:00+08:00,2893.2
2025-11-08 10:40:00+08:00,2893.1
2025-11-08 10:50:00+08:00,2936.8
2025-11-08 11:00:00+08:00,2936.5
2025-11-08 11:10:00+08:00,2953.4
2025-11-08 11:20:00+08:00,2966.8
2025-11-08 11:30:00+08:00,2975.3
2025-11-08 11:40:00+08:00,2967.6
2025-11-08 11:50:00+08:00,2979.4
2025-11-08 12:00:00+08:00,2938.7
2025-11-08 12:10:00+08:00,2916.9
2025-11-08 12:20:00+08:00,2924.7
2025-11-08 12:30:00+08:00,2921.4
2025-11-08 12:40:00+08:00,2954.2
2025-11-08 12:50:00+08:00,2950.9
2025-11-08 13:00:00+08:00,2959.6
2025-11-08 13:10:00+08:00,2962.9
2025-11-08 13:20:00+08:00,2990.9
2025-11-08 13:30:00+08:00,2996.9
2025-11-08 13:40:00+08:00,3002.3
2025-11-08 13:50:00+08:00,3008.2
2025-11-08 14:00:00+08:00,3006.5
2025-11-08 14:10:00+08:00,3001.5
2025-11-08 14:20:00+08:00,2994.5
2025-11-08 14:30:00+08:00,2996.0
2025-11-08 14:40:00+08:00,2996.2
2025-11-08 14:50:00+08:00,3024.3
2025-11-08 15:00:00+08:00,3001.5
2025-11-08 15:10:00+08:00,3004.8
2025-11-08 15:20:00+08:00,3025.2
2025-11-08 15:30:00+08:00,3000.3
2025-11-08 15:40:00+08:00,3007.3
2025-11-08 15:50:00+08:00,3001.3
2025-11-08 16:00:00+08:00,2988.5
2025-11-08 16:10:00+08:00,2979.1
2025-11-08 16:20:00+08:00,2987.0
2025-11-08 16:30:00+08:00,2982.1
2025-11-08 16:40:00+08:00,2976.0
2025-11-08 16:50:00+08:00,2957.3
2025-11-08 17:00:00+08:00,2982.2
2025-11-08 17:10:00+08:00,2981.1
2025-11-08 17:20:00+08:00,2994.3
2025-11-08 17:30:00+08:00,3016.9
2025-11-08 17:40:00+08:00,2980.2
2025-11-08 17:50:00+08:00,3007.7
2025-11-08 18:00:00+08:00,3005.1
2025-11-08 18:10:00+08:00,3012.6
2025-11-08 18:20:00+08:00,2990.5
2025-11-08 18:30:00+08:00,2999.8
2025-11-08 18:40:00+08:00,2974.9
2025-11-08 18:50:00+08:00,2992.0
2025-11-08 19:00:00+08:00,2976.9
2025-11-08 19:10:00+08:00,2957.1
2025-11-08 19:20:00+08:00,2950.7
2025-11-08 19:30:00+08:00,2955.6
2025-11-08 19:40:00+08:00,2949.8
2025-11-08 19:50:00+08:00,2936.1
2025-11-08 20:00:00+08:00,2930.8
2025-11-08 20:10:00+08:00,2918.4
2025-11-08 20:20:00+08:00,2933.9
2025-11-08 20:30:00+08:00,2949.2
2025-11-08 20:40:00+08:00,2919.6
2025-11-08 20:50:00+08:00,2907.6
2025-11-08 21:00:00+08:00,2905.7
2025-11-08 21:10:00+08:00,2917.6
2025-11-08 21:20:00+08:00,2919.8
2025-11-08 21:30:00+08:00,2887.9
2025-11-08 21:40:00+08:00,2893.2
2025-11-08 21:50:00+08:00,2876.5
2025-11-08 22:00:00+08:00,2853.8
2025-11-08 22:10:00+08:00,2846.6
2025-11-08 22:20:00+08:00,2801.7
2025-11-08 22:30:00+08:00,2790.0
2025-11-08 22:40:00+08:00,2769.3
2025-11-08 22:50:00+08:00,2743.9
2025-11-08 23:00:00+08:00,2743.7
2025-11-08 23:10:00+08:00,2722.8
2025-11-08 23:20:00+08:00,2714.1
2025-11-08 23:30:00+08:00,2685.2
2025-11-08 23:40:00+08:00,2671.1
2025-11-08 23:50:00+08:00,2651.6
2025-11-09 00:00:00+08:00,2636.2
2025-11-09 00:10:00+08:00,2620.1
2025-11-09 00:20:00+08:00,2600.9
2025-11-09 00:30:00+08:00,2587.3
2025-11-09 00:40:00+08:00,2571.4
2025-11-09 00:50:00+08:00,2568.0
2025-11-09 01:00:00+08:00,2532.2
2025-11-09 01:10:00+08:00,2551.0
2025-11-09 01:20:00+08:00,2515.8
2025-11-09 01:30:00+08:00,2500.0
2025-11-09 01:40:00+08:00,2488.8
2025-11-09 01:50:00+08:00,2477.8
2025-11-09 02:00:00+08:00,2489.8
2025-11-09 02:10:00+08:00,2459.2
2025-11-09 02:20:00+08:00,2442.7
2025-11-09 02:30:00+08:00,2446.6
2025-11-09 02:40:00+08:00,2429.8
2025-11-09 02:50:00+08:00,2424.1
2025-11-09 03:00:00+08:00,2412.7
2025-11-09 03:10:00+08:00,2408.8
2025-11-09 03:20:00+08:00,2410.7
2025-11-09 03:30:00+08:00,2399.1
2025-11-09 03:40:00+08:00,2369.4
2025-11-09 03:50:00+08:00,2375.8
2025-11-09 04:00:00+08:00,2365.3
2025-11-09 04:10:00+08:00,2387.5
2025-11-09 04:20:00+08:00,2384.3
2025-11-09 04:30:00+08:00,2357.2
2025-11-09 04:40:00+08:00,2369.5
2025-11-09 04:50:00+08:00,2355.3
2025-11-09 05:00:00+08:00,2374.9
2025-11-09 05:10:00+08:00,2383.5
2025-11-09 05:20:00+08:00,2393.7
2025-11-09 05:30:00+08:00,2375.7
2025-11-09 05:40:00+08:00,2388.2
2025-11-09 05:50:00+08:00,2383.7
2025-11-09 06:00:00+08:00,2378.8
2025-11-09 06:10:00+08:00,2388.0
2025-11-09 06:20:00+08:00,2368.2
2025-11-09 06:30:00+08:00,2372.0
2025-11-09 06:40:00+08:00,2364.6
2025-11-09 06:50:00+08:00,2367.7
2025-11-09 07:00:00+08:00,2373.4
2025-11-09 07:10:00+08:00,2377.5
2025-11-09 07:20:00+08:00,2389.0
2025-11-09 07:30:00+08:00,2403.0
2025-11-09 07:40:00+08:00,2389.3
2025-11-09 07:50:00+08:00,2417.8
2025-11-09 08:00:00+08:00,2397.9
2025-11-09 08:10:00+08:00,2459.3
2025-11-09 08:20:00+08:00,2481.6
2025-11-09 08:30:00+08:00,2486.4
2025-11-09 08:40:00+08:00,2513.5
2025-11-09 08:50:00+08:00,2511.9
2025-11-09 09:00:00+08:00,2540.8
2025-11-09 09:10:00+08:00,2558.9
2025-11-09 09:20:00+08:00,2580.4
2025-11-09 09:30:00+08:00,2595.6
2025-11-09 09:40:00+08:00,2601.6
2025-11-09 09:50:00+08:00,2642.1
2025-11-09 10:00:00+08:00,2672.3
2025-11-09 10:10:00+08:00,2681.0
2025-11-09 10:20:00+08:00,2706.5
2025-11-09 10:30:00+08:00,2698.2
2025-11-09 10:40:00+08:00,2718.3
2025-11-09 10:50:00+08:00,2741.8
2025-11-09 11:00:00+08:00,2759.7
2025-11-09 11:10:00+08:00,2767.2
2025-11-09 11:20:00+08:00,2757.8
2025-11-09 11:30:00+08:00,2750.8
2025-11-09 11:40:00+08:00,2770.6
2025-11-09 11:50:00+08:00,2802.4
2025-11-09 12:00:00+08:00,2795.9
2025-11-09 12:10:00+08:00,2791.2
2025-11-09 12:20:00+08:00,2799.2
2025-11-09 12:30:00+08:00,2782.8
2025-11-09 12:40:00+08:00,2788.9
2025-11-09 12:50:00+08:00,2798.6
2025-11-09 13:00:00+08:00,2797.9
2025-11-09 13:10:00+08:00,2810.2
2025-11-09 13:20:00+08:00,2808.1
2025-11-09 13:30:00+08:00,2812.5
2025-11-09 13:40:00+08:00,2835.0
2025-11-09 13:50:00+08:00,2810.4
2025-11-09 14:00:00+08:00,2833.0
2025-11-09 14:10:00+08:00,2805.9
2025-11-09 14:20:00+08:00,2836.7
2025-11-09 14:30:00+08:00,2824.7
2025-11-09 14:40:00+08:00,2814.7
2025-11-09 14:50:00+08:00,2830.6
2025-11-09 15:00:00+08:00,2855.7
2025-11-09 15:10:00+08:00,2812.9
2025-11-09 15:20:00+08:00,2832.0
2025-11-09 15:30:00+08:00,2827.3
2025-11-09 15:40:00+08:00,2821.3
2025-11-09 15:50:00+08:00,2842.8
2025-11-09 16:00:00+08:00,2826.2
2025-11-09 16:10:00+08:00,2820.8
2025-11-09 16:20:00+08:00,2807.6
2025-11-09 16:30:00+08:00,2840.9
2025-11-09 16:40:00+08:00,2822.4
2025-11-09 16:50:00+08:00,2827.9
2025-11-09 17:00:00+08:00,2841.3
2025-11-09 17:10:00+08:00,2865.3
2025-11-09 17:20:00+08:00,2874.3
2025-11-09 17:30:00+08:00,2923.2
2025-11-09 17:40:00+08:00,2905.9
2025-11-09 17:50:00+08:00,2915.5
2025-11-09 18:00:00+08:00,2927.9
2025-11-09 18:10:00+08:00,2898.7
2025-11-09 18:20:00+08:00,2922.0
2025-11-09 18:30:00+08:00,2922.1
2025-11-09 18:40:00+08:00,2908.6
2025-11-09 18:50:00+08:00,2906.4
2025-11-09 19:00:00+08:00,2910.5
2025-11-09 19:10:00+08:00,2870.6
2025-11-09 19:20:00+08:00,2895.4
2025-11-09 19:30:00+08:00,2912.1
2025-11-09 19:40:00+08:00,2899.3
2025-11-09 19:50:00+08:00,2877.5
2025-11-09 20:00:00+08:00,2880.8
2025-11-09 20:10:00+08:00,2894.0
2025-11-09 20:20:00+08:00,2906.3
2025-11-09 20:30:00+08:00,2873.2
2025-11-09 20:40:00+08:00,2886.5
2025-11-09 20:50:00+08:00,2896.2
2025-11-09 21:00:00+08:00,2885.7
2025-11-09 21:10:00+08:00,2874.6
2025-11-09 21:20:00+08:00,2836.9
2025-11-09 21:30:00+08:00,2854.0
2025-11-09 21:40:00+08:00,2816.3
2025-11-09 21:50:00+08:00,2817.9
2025-11-09 22:00:00+08:00,2782.1
2025-11-09 22:10:00+08:00,2766.7
2025-11-09 22:20:00+08:00,2759.2
2025-11-09 22:30:00+08:00,2728.5
2025-11-09 22:40:00+08:00,2709.7
2025-11-09 22:50:00+08:00,2691.8
2025-11-09 23:00:00+08:00,2660.3
2025-11-09 23:10:00+08:00,2638.2
2025-11-09 23:20:00+08:00,2616.1
2025-11-09 23:30:00+08:00,2611.2
2025-11-09 23:40:00+08:00,2599.0
2025-11-09 23:50:00+08:00,2574.9
2025-11-10 00:00:00+08:00,2554.8
2025-11-10 00:10:00+08:00,2527.4
2025-11-10 00:20:00+08:00,2534.5
2025-11-10 00:30:00+08:00,2517.6
2025-11-10 00:40:00+08:00,2503.8
2025-11-10 00:50:00+08:00,2476.0
2025-11-10 01:00:00+08:00,2470.6
2025-11-10 01:10:00+08:00,2448.4
2025-11-10 01:20:00+08:00,2442.8
2025-11-10 01:30:00+08:00,2412.5
2025-11-10 01:40:00+08:00,2416.8
2025-11-10 01:50:00+08:00,2388.7
2025-11-10 02:00:00+08:00,2398.8
2025-11-10 02:10:00+08:00,2360.9
2025-11-10 02:20:00+08:00,2378.2
2025-11-10 02:30:00+08:00,2347.8
2025-11-10 02:40:00+08:00,2347.8
2025-11-10 02:50:00+08:00,2350.1
2025-11-10 03:00:00+08:00,2330.0
2025-11-10 03:10:00+08:00,2322.0
2025-11-10 03:20:00+08:00,2323.7
2025-11-10 03:30:00+08:00,2310.1
2025-11-10 03:40:00+08:00,2305.7
2025-11-10 03:50:00+08:00,2321.4
2025-11-10 04:00:00+08:00,2321.5
2025-11-10 04:10:00+08:00,2316.9
2025-11-10 04:20:00+08:00,2305.1
2025-11-10 04:30:00+08:00,2306.8
2025-11-10 04:40:00+08:00,2304.5
2025-11-10 04:50:00+08:00,2326.6
2025-11-10 05:00:00+08:00,2327.3
2025-11-10 05:10:00+08:00,2331.4
2025-11-10 05:20:00+08:00,2353.3
2025-11-10 05:30:00+08:00,2319.6
2025-11-10 05:40:00+08:00,2352.3
2025-11-10 05:50:00+08:00,2356.5
2025-11-10 06:00:00+08:00,2369.8
2025-11-10 06:10:00+08:00,2357.2
2025-11-10 06:20:00+08:00,2372.5
2025-11-10 06:30:00+08:00,2390.5
2025-11-10 06:40:00+08:00,2407.2
2025-11-10 06:50:00+08:00,2423.6
2025-11-10 07:00:00+08:00,2436.7
2025-11-10 07:10:00+08:00,2486.7
2025-11-10 07:20:00+08:00,2526.0
2025-11-10 07:30:00+08:00,2552.8
2025-11-10 07:40:00+08:00,2596.6
2025-11-10 07:50:00+08:00,2675.9
2025-11-10 08:00:00+08:00,2765.4
2025-11-10 08:10:00+08:00,2869.7
2025-11-10 08:20:00+08:00,2928.0
2025-11-10 08:30:00+08:00,2958.7
2025-11-10 08:40:00+08:00,2996.2
2025-11-10 08:50:00+08:00,3015.7
2025-11-10 09:00:00+08:00,3042.6
2025-11-10 09:10:00+08:00,3041.5
2025-11-10 09:20:00+08:00,3061.6
2025-11-10 09:30:00+08:00,3097.8
2025-11-10 09:40:00+08:00,3132.1
2025-11-10 09:50:00+08:00,3137.1
2025-11-10 10:00:00+08:00,3162.5
2025-11-10 10:10:00+08:00,3179.8
2025-11-10 10:20:00+08:00,3161.6
2025-11-10 10:30:00+08:00,3179.3
2025-11-10 10:40:00+08:00,3206.3
2025-11-10 10:50:00+08:00,3212.9
2025-11-10 11:00:00+08:00,3248.5
2025-11-10 11:10:00+08:00,3281.4
2025-11-10 11:20:00+08:00,3281.1
2025-11-10 11:30:00+08:00,3268.7
2025-11-10 11:40:00+08:00,3276.7
2025-11-10 11:50:00+08:00,3246.9
2025-11-10 12:00:00+08:00,3175.4
2025-11-10 12:10:00+08:00,3119.7
2025-11-10 12:20:00+08:00,3081.8
2025-11-10 12:30:00+08:00,3071.2
2025-11-10 12:40:00+08:00,3060.6
2025-11-10 12:50:00+08:00,3063.6
2025-11-10 13:00:00+08:00,3110.0
2025-11-10 13:10:00+08:00,3197.5
2025-11-10 13:20:00+08:00,3208.5
2025-11-10 13:30:00+08:00,3233.7
2025-11-10 13:40:00+08:00,3225.2
2025-11-10 13:50:00+08:00,3228.5
2025-11-10 14:00:00+08:00,3219.1
2025-11-10 14:10:00+08:00,3237.3
2025-11-10 14:20:00+08:00,3212.6
2025-11-10 14:30:00+08:00,3203.0
2025-11-10 14:40:00+08:00,3189.0
2025-11-10 14:50:00+08:00,3189.1
2025-11-10 15:00:00+08:00,3182.7
2025-11-10 15:10:00+08:00,3176.5
2025-11-10 15:20:00+08:00,3181.6
2025-11-10 15:30:00+08:00,3177.4
2025-11-10 15:40:00+08:00,3173.8
2025-11-10 15:50:00+08:00,3176.5
2025-11-10 16:00:00+08:00,3175.3
2025-11-10 16:10:00+08:00,3187.4
2025-11-10 16:20:00+08:00,3180.8
2025-11-10 16:30:00+08:00,3176.5
2025-11-10 16:40:00+08:00,3170.1
2025-11-10 16:50:00+08:00,3168.1
2025-11-10 17:00:00+08:00,3139.9
2025-11-10 17:10:00+08:00,3126.5
2025-11-10 17:20:00+08:00,3145.1
2025-11-10 17:30:00+08:00,3140.0
2025-11-10 17:40:00+08:00,3125.2
2025-11-10 17:50:00+08:00,3131.0
2025-11-10 18:00:00+08:00,3120.5
2025-11-10 18:10:00+08:00,3106.6
2025-11-10 18:20:00+08:00,3106.3
2025-11-10 18:30:00+08:00,3096.6
2025-11-10 18:40:00+08:00,3092.9
2025-11-10 18:50:00+08:00,3083.4
2025-11-10 19:00:00+08:00,3065.1
2025-11-10 19:10:00+08:00,3059.4
2025-11-10 19:20:00+08:00,3044.8
2025-11-10 19:30:00+08:00,3040.0
2025-11-10 19:40:00+08:00,3028.2
2025-11-10 19:50:00+08:00,3026.7
2025-11-10 20:00:00+08:00,3001.9
2025-11-10 20:10:00+08:00,3002.8
2025-11-10 20:20:00+08:00,2993.7
2025-11-10 20:30:00+08:00,2971.6
2025-11-10 20:40:00+08:00,2969.9
2025-11-10 20:50:00+08:00,2956.3
2025-11-10 21:00:00+08:00,2945.5
2025-11-10 21:10:00+08:00,2924.9
2025-11-10 21:20:00+08:00,2919.9
2025-11-10 21:30:00+08:00,2915.2
2025-11-10 21:40:00+08:00,2891.3
2025-11-10 21:50:00+08:00,2889.6
2025-11-10 22:00:00+08:00,2848.9
2025-11-10 22:10:00+08:00,2825.5
2025-11-10 22:20:00+08:00,2810.6
2025-11-10 22:30:00+08:00,2790.7
2025-11-10 22:40:00+08:00,2759.3
2025-11-10 22:50:00+08:00,2743.8
2025-11-10 23:00:00+08:00,2717.7
2025-11-10 23:10:00+08:00,2694.6
2025-11-10 23:20:00+08:00,2675.6
2025-11-10 23:30:00+08:00,2648.7
2025-11-10 23:40:00+08:00,2638.8
2025-11-10 23:50:00+08:00,2617.6
2025-11-11 00:00:00+08:00,2605.0
2025-11-11 00:10:00+08:00,2614.2
2025-11-11 00:20:00+08:00,2607.9
2025-11-11 00:30:00+08:00,2598.4
2025-11-11 00:40:00+08:00,2586.3
2025-11-11 00:50:00+08:00,2580.3
2025-11-11 01:00:00+08:00,2548.3
2025-11-11 01:10:00+08:00,2544.8
2025-11-11 01:20:00+08:00,2519.4
2025-11-11 01:30:00+08:00,2520.9
2025-11-11 01:40:00+08:00,2506.5
2025-11-11 01:50:00+08:00,2495.6
2025-11-11 02:00:00+08:00,2495.3
2025-11-11 02:10:00+08:00,2501.5
2025-11-11 02:20:00+08:00,2472.4
2025-11-11 02:30:00+08:00,2448.7
2025-11-11 02:40:00+08:00,2467.6
2025-11-11 02:50:00+08:00,2444.2
2025-11-11 03:00:00+08:00,2433.9
2025-11-11 03:10:00+08:00,2432.9
2025-11-11 03:20:00+08:00,2420.5
2025-11-11 03:30:00+08:00,2438.2
2025-11-11 03:40:00+08:00,2421.9
2025-11-11 03:50:00+08:00,2420.7
2025-11-11 04:00:00+08:00,2424.3
2025-11-11 04:10:00+08:00,2430.4
2025-11-11 04:20:00+08:00,2440.0
2025-11-11 04:30:00+08:00,2413.4
2025-11-11 04:40:00+08:00,2434.9
2025-11-11 04:50:00+08:00,2422.7
2025-11-11 05:00:00+08:00,2422.7
2025-11-11 05:10:00+08:00,2435.8
2025-11-11 05:20:00+08:00,2442.5
2025-11-11 05:30:00+08:00,2447.5
2025-11-11 05:40:00+08:00,2446.0
2025-11-11 05:50:00+08:00,2442.7
2025-11-11 06:00:00+08:00,2438.5
2025-11-11 06:10:00+08:00,2453.0
2025-11-11 06:20:00+08:00,2465.2
2025-11-11 06:30:00+08:00,2461.1
2025-11-11 06:40:00+08:00,2496.8
2025-11-11 06:50:00+08:00,2505.0
2025-11-11 07:00:00+08:00,2507.9
2025-11-11 07:10:00+08:00,2551.6
2025-11-11 07:20:00+08:00,2565.7
2025-11-11 07:30:00+08:00,2592.0
2025-11-11 07:40:00+08:00,2632.4
2025-11-11 07:50:00+08:00,2676.4
2025-11-11 08:00:00+08:00,2747.1
2025-11-11 08:10:00+08:00,2856.7
2025-11-11 08:20:00+08:00,2907.8
2025-11-11 08:30:00+08:00,2936.2
2025-11-11 08:40:00+08:00,2958.4
2025-11-11 08:50:00+08:00,2959.7
2025-11-11 09:00:00+08:00,2980.9
2025-11-11 09:10:00+08:00,2980.9
2025-11-11 09:20:00+08:00,2987.0
2025-11-11 09:30:00+08:00,3056.9
2025-11-11 09:40:00+08:00,3062.2
2025-11-11 09:50:00+08:00,3078.3
2025-11-11 10:00:00+08:00,3087.7
2025-11-11 10:10:00+08:00,3103.5
2025-11-11 10:20:00+08:00,3123.1
2025-11-11 10:30:00+08:00,3109.3
2025-11-11 10:40:00+08:00,3152.3
2025-11-11 10:50:00+08:00,3135.5
2025-11-11 11:00:00+08:00,3130.5
2025-11-11 11:10:00+08:00,3188.8
2025-11-11 11:20:00+08:00,3204.6
2025-11-11 11:30:00+08:00,3151.9
2025-11-11 11:40:00+08:00,3175.3
2025-11-11 11:50:00+08:00,3181.8
2025-11-11 12:00:00+08:00,3100.5
2025-11-11 12:10:00+08:00,3072.8
2025-11-11 12:20:00+08:00,3057.0
2025-11-11 12:30:00+08:00,3054.9
2025-11-11 12:40:00+08:00,3056.1
2025-11-11 12:50:00+08:00,3041.5
2025-11-11 13:00:00+08:00,3079.2
2025-11-11 13:10:00+08:00,3182.2
2025-11-11 13:20:00+08:00,3173.1
2025-11-11 13:30:00+08:00,3197.4
2025-11-11 13:40:00+08:00,3203.6
2025-11-11 13:50:00+08:00,3228.9
2025-11-11 14:00:00+08:00,3214.6
2025-11-11 14:10:00+08:00,3209.2
2025-11-11 14:20:00+08:00,3198.5
2025-11-11 14:30:00+08:00,3205.8
2025-11-11 14:40:00+08:00,3202.7
2025-11-11 14:50:00+08:00,3196.1
2025-11-11 15:00:00+08:00,3185.8
2025-11-11 15:10:00+08:00,3184.3
2025-11-11 15:20:00+08:00,3168.2
2025-11-11 15:30:00+08:00,3167.6
2025-11-11 15:40:00+08:00,3164.1
2025-11-11 15:50:00+08:00,3153.4
2025-11-11 16:00:00+08:00,3141.7
2025-11-11 16:10:00+08:00,3147.9
2025-11-11 16:20:00+08:00,3140.1
2025-11-11 16:30:00+08:00,3136.8
2025-11-11 16:40:00+08:00,3134.7
2025-11-11 16:50:00+08:00,3127.2
2025-11-11 17:00:00+08:00,3103.9
2025-11-11 17:10:00+08:00,3096.0
2025-11-11 17:20:00+08:00,3093.6
2025-11-11 17:30:00+08:00,3106.8
2025-11-11 17:40:00+08:00,3097.0
2025-11-11 17:50:00+08:00,3095.4
2025-11-11 18:00:00+08:00,3096.1
2025-11-11 18:10:00+08:00,3076.6
2025-11-11 18:20:00+08:00,3069.4
2025-11-11 18:30:00+08:00,3056.0
2025-11-11 18:40:00+08:00,3040.1
2025-11-11 18:50:00+08:00,3028.8
2025-11-11 19:00:00+08:00,3014.6
2025-11-11 19:10:00+08:00,2996.9
2025-11-11 19:20:00+08:00,2990.1
2025-11-11 19:30:00+08:00,2983.4
2025-11-11 19:40:00+08:00,2962.3
2025-11-11 19:50:00+08:00,2961.7
2025-11-11 20:00:00+08:00,2953.5
2025-11-11 20:10:00+08:00,2940.3
2025-11-11 20:20:00+08:00,2933.5
2025-11-11 20:30:00+08:00,2919.6
2025-11-11 20:40:00+08:00,2905.4
2025-11-11 20:50:00+08:00,2905.4
2025-11-11 21:00:00+08:00,2883.2
2025-11-11 21:10:00+08:00,2857.9
2025-11-11 21:20:00+08:00,2864.7
2025-11-11 21:30:00+08:00,2842.3
2025-11-11 21:40:00+08:00,2841.9
2025-11-11 21:50:00+08:00,2827.3
2025-11-11 22:00:00+08:00,2809.4
2025-11-11 22:10:00+08:00,2764.4
2025-11-11 22:20:00+08:00,2766.3
2025-11-11 22:30:00+08:00,2757.3
2025-11-11 22:40:00+08:00,2721.1
2025-11-11 22:50:00+08:00,2693.1
2025-11-11 23:00:00+08:00,2680.7
2025-11-11 23:10:00+08:00,2657.6
2025-11-11 23:20:00+08:00,2640.6
2025-11-11 23:30:00+08:00,2607.5
2025-11-11 23:40:00+08:00,2602.5
2025-11-11 23:50:00+08:00,2577.6
2025-11-12 00:00:00+08:00,2549.0
2025-11-12 00:10:00+08:00,2558.4
2025-11-12 00:20:00+08:00,2548.9
2025-11-12 00:30:00+08:00,2546.0
2025-11-12 00:40:00+08:00,2531.9
2025-11-12 00:50:00+08:00,2505.0
2025-11-12 01:00:00+08:00,2504.9
2025-11-12 01:10:00+08:00,2479.6
2025-11-12 01:20:00+08:00,2482.9
2025-11-12 01:30:00+08:00,2447.8
2025-11-12 01:40:00+08:00,2438.2
2025-11-12 01:50:00+08:00,2442.9
2025-11-12 02:00:00+08:00,2429.6
2025-11-12 02:10:00+08:00,2424.7
2025-11-12 02:20:00+08:00,2395.6
2025-11-12 02:30:00+08:00,2401.9
2025-11-12 02:40:00+08:00,2395.9
2025-11-12 02:50:00+08:00,2396.6
2025-11-12 03:00:00+08:00,2382.0
2025-11-12 03:10:00+08:00,2381.4
2025-11-12 03:20:00+08:00,2376.9
2025-11-12 03:30:00+08:00,2374.7
2025-11-12 03:40:00+08:00,2374.2
2025-11-12 03:50:00+08:00,2348.7
2025-11-12 04:00:00+08:00,2352.5
2025-11-12 04:10:00+08:00,2370.4
2025-11-12 04:20:00+08:00,2338.9
2025-11-12 04:30:00+08:00,2349.9
2025-11-12 04:40:00+08:00,2334.1
2025-11-12 04:50:00+08:00,2347.6
2025-11-12 05:00:00+08:00,2351.7
2025-11-12 05:10:00+08:00,2358.1
2025-11-12 05:20:00+08:00,2372.2
2025-11-12 05:30:00+08:00,2369.0
2025-11-12 05:40:00+08:00,2377.2
2025-11-12 05:50:00+08:00,2364.3
2025-11-12 06:00:00+08:00,2355.6
2025-11-12 06:10:00+08:00,2394.4
2025-11-12 06:20:00+08:00,2388.0
2025-11-12 06:30:00+08:00,2382.3
2025-11-12 06:40:00+08:00,2399.7
2025-11-12 06:50:00+08:00,2406.3
2025-11-12 07:00:00+08:00,2422.3
2025-11-12 07:10:00+08:00,2446.6
2025-11-12 07:20:00+08:00,2492.9
2025-11-12 07:30:00+08:00,2488.4
2025-11-12 07:40:00+08:00,2511.3
2025-11-12 07:50:00+08:00,2551.6
2025-11-12 08:00:00+08:00,2610.9
2025-11-12 08:10:00+08:00,2668.4
2025-11-12 08:20:00+08:00,2706.4
2025-11-12 08:30:00+08:00,2716.7
2025-11-12 08:40:00+08:00,2759.9
2025-11-12 08:50:00+08:00,2763.7
2025-11-12 09:00:00+08:00,2806.6
2025-11-12 09:10:00+08:00,2814.2
2025-11-12 09:20:00+08:00,2848.2
2025-11-12 09:30:00+08:00,2860.7
2025-11-12 09:40:00+08:00,2871.1
2025-11-12 09:50:00+08:00,2882.1
2025-11-12 10:00:00+08:00,2910.5
2025-11-12 10:10:00+08:00,2924.9
2025-11-12 10:20:00+08:00,2947.1
2025-11-12 10:30:00+08:00,2953.1
2025-11-12 10:40:00+08:00,2974.5
2025-11-12 10:50:00+08:00,2970.3
2025-11-12 11:00:00+08:00,2989.7
2025-11-12 11:10:00+08:00,2994.8
2025-11-12 11:20:00+08:00,3011.6
2025-11-12 11:30:00+08:00,2999.5
2025-11-12 11:40:00+08:00,2995.7
2025-11-12 11:50:00+08:00,2964.0
2025-11-12 12:00:00+08:00,2943.2
2025-11-12 12:10:00+08:00,2906.1
2025-11-12 12:20:00+08:00,2905.9
2025-11-12 12:30:00+08:00,2882.7
2025-11-12 12:40:00+08:00,2909.5
2025-11-12 12:50:00+08:00,2879.2
2025-11-12 13:00:00+08:00,2886.5
2025-11-12 13:10:00+08:00,2941.6
2025-11-12 13:20:00+08:00,2949.2
2025-11-12 13:30:00+08:00,2959.7
2025-11-12 13:40:00+08:00,2973.2
2025-11-12 13:50:00+08:00,2971.1
2025-11-12 14:00:00+08:00,2946.2
2025-11-12 14:10:00+08:00,2943.9
2025-11-12 14:20:00+08:00,2930.6
2025-11-12 14:30:00+08:00,2927.7
2025-11-12 14:40:00+08:00,2917.3
2025-11-12 14:50:00+08:00,2909.1
2025-11-12 15:00:00+08:00,2908.8
2025-11-12 15:10:00+08:00,2905.8
2025-11-12 15:20:00+08:00,2914.5
2025-11-12 15:30:00+08:00,2902.3
2025-11-12 15:40:00+08:00,2903.8
2025-11-12 15:50:00+08:00,2905.1
2025-11-12 16:00:00+08:00,2902.7
2025-11-12 16:10:00+08:00,2908.6
2025-11-12 16:20:00+08:00,2925.5
2025-11-12 16:30:00+08:00,2922.0
2025-11-12 16:40:00+08:00,2924.5
2025-11-12 16:50:00+08:00,2929.9
2025-11-12 17:00:00+08:00,2923.0
2025-11-12 17:10:00+08:00,2928.4
2025-11-12 17:20:00+08:00,2945.7
2025-11-12 17:30:00+08:00,2955.6
2025-11-12 17:40:00+08:00,2954.0
2025-11-12 17:50:00+08:00,2939.0
2025-11-12 18:00:00+08:00,2928.5
2025-11-12 18:10:00+08:00,2931.7
2025-11-12 18:20:00+08:00,2927.5
2025-11-12 18:30:00+08:00,2910.2
2025-11-12 18:40:00+08:00,2910.3
2025-11-12 18:50:00+08:00,2908.0
2025-11-12 19:00:00+08:00,2901.6
2025-11-12 19:10:00+08:00,2892.3
2025-11-12 19:20:00+08:00,2893.1
2025-11-12 19:30:00+08:00,2893.1
2025-11-12 19:40:00+08:00,2886.6
2025-11-12 19:50:00+08:00,2878.7
2025-11-12 20:00:00+08:00,2877.6
2025-11-12 20:10:00+08:00,2867.7
2025-11-12 20:20:00+08:00,2874.0
2025-11-12 20:30:00+08:00,2864.3
2025-11-12 20:40:00+08:00,2857.3
2025-11-12 20:50:00+08:00,2844.2
2025-11-12 21:00:00+08:00,2831.9
2025-11-12 21:10:00+08:00,2813.5
2025-11-12 21:20:00+08:00,2812.5
2025-11-12 21:30:00+08:00,2802.7
2025-11-12 21:40:00+08:00,2787.6
2025-11-12 21:50:00+08:00,2767.5
2025-11-12 22:00:00+08:00,2744.0
2025-11-12 22:10:00+08:00,2717.7
2025-11-12 22:20:00+08:00,2707.9
2025-11-12 22:30:00+08:00,2685.7
2025-11-12 22:40:00+08:00,2660.1
2025-11-12 22:50:00+08:00,2623.0
2025-11-12 23:00:00+08:00,2609.1
2025-11-12 23:10:00+08:00,2584.5
2025-11-12 23:20:00+08:00,2579.4
2025-11-12 23:30:00+08:00,2556.9
2025-11-12 23:40:00+08:00,2536.5
2025-11-12 23:50:00+08:00,2520.4
2025-11-13 00:00:00+08:00,2478.7
2025-11-13 00:10:00+08:00,2527.9
2025-11-13 00:20:00+08:00,2492.7
2025-11-13 00:30:00+08:00,2488.5
2025-11-13 00:40:00+08:00,2478.3
2025-11-13 00:50:00+08:00,2476.5
2025-11-13 01:00:00+08:00,2457.6
2025-11-13 01:10:00+08:00,2423.4
2025-11-13 01:20:00+08:00,2401.0
2025-11-13 01:30:00+08:00,2409.3
2025-11-13 01:40:00+08:00,2414.0
2025-11-13 01:50:00+08:00,2389.7
2025-11-13 02:00:00+08:00,2380.9
2025-11-13 02:10:00+08:00,2388.3
2025-11-13 02:20:00+08:00,2362.7
2025-11-13 02:30:00+08:00,2363.7
2025-11-13 02:40:00+08:00,2355.5
2025-11-13 02:50:00+08:00,2335.0
2025-11-13 03:00:00+08:00,2331.3
2025-11-13 03:10:00+08:00,2332.0
2025-11-13 03:20:00+08:00,2313.2
2025-11-13 03:30:00+08:00,2320.4
2025-11-13 03:40:00+08:00,2308.5
2025-11-13 03:50:00+08:00,2305.3
2025-11-13 04:00:00+08:00,2301.3
2025-11-13 04:10:00+08:00,2309.5
2025-11-13 04:20:00+08:00,2306.6
2025-11-13 04:30:00+08:00,2306.5
2025-11-13 04:40:00+08:00,2310.7
2025-11-13 04:50:00+08:00,2326.1
2025-11-13 05:00:00+08:00,2323.3
2025-11-13 05:10:00+08:00,2327.6
2025-11-13 05:20:00+08:00,2316.0
2025-11-13 05:30:00+08:00,2329.5
2025-11-13 05:40:00+08:00,2361.3
2025-11-13 05:50:00+08:00,2347.1
2025-11-13 06:00:00+08:00,2379.7
2025-11-13 06:10:00+08:00,2365.3
2025-11-13 06:20:00+08:00,2386.4
2025-11-13 06:30:00+08:00,2416.3
2025-11-13 06:40:00+08:00,2427.4
2025-11-13 06:50:00+08:00,2444.6
2025-11-13 07:00:00+08:00,2458.3
2025-11-13 07:10:00+08:00,2516.9
2025-11-13 07:20:00+08:00,2532.0
2025-11-13 07:30:00+08:00,2552.2
2025-11-13 07:40:00+08:00,2592.0
2025-11-13 07:50:00+08:00,2638.9
2025-11-13 08:00:00+08:00,2728.5
2025-11-13 08:10:00+08:00,2818.2
2025-11-13 08:20:00+08:00,2891.8
2025-11-13 08:30:00+08:00,2941.7
2025-11-13 08:40:00+08:00,2950.1
2025-11-13 08:50:00+08:00,3008.0
2025-11-13 09:00:00+08:00,2998.8
2025-11-13 09:10:00+08:00,3020.6
2025-11-13 09:20:00+08:00,3021.0
2025-11-13 09:30:00+08:00,3039.5
2025-11-13 09:40:00+08:00,3044.3
2025-11-13 09:50:00+08:00,3057.5
2025-11-13 10:00:00+08:00,3075.2
2025-11-13 10:10:00+08:00,3098.8
2025-11-13 10:20:00+08:00,3102.7
2025-11-13 10:30:00+08:00,3087.3
2025-11-13 10:40:00+08:00,3130.4
2025-11-13 10:50:00+08:00,3142.5
2025-11-13 11:00:00+08:00,3155.1
2025-11-13 11:10:00+08:00,3155.1
2025-11-13 11:20:00+08:00,3199.3
2025-11-13 11:30:00+08:00,3206.8
2025-11-13 11:40:00+08:00,3169.1
2025-11-13 11:50:00+08:00,3135.5
2025-11-13 12:00:00+08:00,3069.8
2025-11-13 12:10:00+08:00,3021.1
2025-11-13 12:20:00+08:00,2995.4
2025-11-13 12:30:00+08:00,2999.8
2025-11-13 12:40:00+08:00,3037.5
2025-11-13 12:50:00+08:00,3025.8
2025-11-13 13:00:00+08:00,3037.9
2025-11-13 13:10:00+08:00,3128.1
2025-11-13 13:20:00+08:00,3160.4
2025-11-13 13:30:00+08:00,3184.6
2025-11-13 13:40:00+08:00,3200.6
2025-11-13 13:50:00+08:00,3192.3
2025-11-13 14:00:00+08:00,3187.0
2025-11-13 14:10:00+08:00,3189.7
2025-11-13 14:20:00+08:00,3186.8
2025-11-13 14:30:00+08:00,3187.2
2025-11-13 14:40:00+08:00,3189.8
2025-11-13 14:50:00+08:00,3199.3
2025-11-13 15:00:00+08:00,3194.0
2025-11-13 15:10:00+08:00,3180.8
2025-11-13 15:20:00+08:00,3186.4
2025-11-13 15:30:00+08:00,3181.8
2025-11-13 15:40:00+08:00,3187.6
2025-11-13 15:50:00+08:00,3177.6
2025-11-13 16:00:00+08:00,3177.1
2025-11-13 16:10:00+08:00,3175.7
2025-11-13 16:20:00+08:00,3161.8
2025-11-13 16:30:00+08:00,3166.5
2025-11-13 16:40:00+08:00,3157.5
2025-11-13 16:50:00+08:00,3145.3
2025-11-13 17:00:00+08:00,3107.8
2025-11-13 17:10:00+08:00,3103.9
2025-11-13 17:20:00+08:00,3099.2
2025-11-13 17:30:00+08:00,3109.0
2025-11-13 17:40:00+08:00,3110.1
2025-11-13 17:50:00+08:00,3108.2
2025-11-13 18:00:00+08:00,3102.3
2025-11-13 18:10:00+08:00,3094.9
2025-11-13 18:20:00+08:00,3075.0
2025-11-13 18:30:00+08:00,3069.0
2025-11-13 18:40:00+08:00,3055.7
2025-11-13 18:50:00+08:00,3049.7
2025-11-13 19:00:00+08:00,3033.2
2025-11-13 19:10:00+08:00,3023.4
2025-11-13 19:20:00+08:00,3011.2
2025-11-13 19:30:00+08:00,3011.8
2025-11-13 19:40:00+08:00,3004.8
2025-11-13 19:50:00+08:00,2990.0
2025-11-13 20:00:00+08:00,2987.4
2025-11-13 20:10:00+08:00,2975.0
2025-11-13 20:20:00+08:00,2958.9
2025-11-13 20:30:00+08:00,2941.2
2025-11-13 20:40:00+08:00,2931.2
2025-11-13 20:50:00+08:00,2928.7
2025-11-13 21:00:00+08:00,2907.5
2025-11-13 21:10:00+08:00,2887.1
2025-11-13 21:20:00+08:00,2877.4
2025-11-13 21:30:00+08:00,2866.3
2025-11-13 21:40:00+08:00,2848.7
2025-11-13 21:50:00+08:00,2839.3
2025-11-13 22:00:00+08:00,2804.2
2025-11-13 22:10:00+08:00,2826.4
2025-11-13 22:20:00+08:00,2762.8
2025-11-13 22:30:00+08:00,2745.1
2025-11-13 22:40:00+08:00,2714.5
2025-11-13 22:50:00+08:00,2691.4
2025-11-13 23:00:00+08:00,2667.4
2025-11-13 23:10:00+08:00,2641.6
2025-11-13 23:20:00+08:00,2629.3
2025-11-13 23:30:00+08:00,2586.5
2025-11-13 23:40:00+08:00,2579.3
2025-11-13 23:50:00+08:00,2556.3
2025-11-14 00:00:00+08:00,2549.3
2025-11-14 00:10:00+08:00,2559.3
2025-11-14 00:20:00+08:00,2542.4
2025-11-14 00:30:00+08:00,2545.4
2025-11-14 00:40:00+08:00,2526.3
2025-11-14 00:50:00+08:00,2516.9
2025-11-14 01:00:00+08:00,2483.4
2025-11-14 01:10:00+08:00,2488.8
2025-11-14 01:20:00+08:00,2451.1
2025-11-14 01:30:00+08:00,2459.2
2025-11-14 01:40:00+08:00,2440.2
2025-11-14 01:50:00+08:00,2439.8
2025-11-14 02:00:00+08:00,2419.6
2025-11-14 02:10:00+08:00,2430.7
2025-11-14 02:20:00+08:00,2419.7
2025-11-14 02:30:00+08:00,2406.6
2025-11-14 02:40:00+08:00,2386.6
2025-11-14 02:50:00+08:00,2357.3
2025-11-14 03:00:00+08:00,2365.2
2025-11-14 03:10:00+08:00,2365.4
2025-11-14 03:20:00+08:00,2381.5
2025-11-14 03:30:00+08:00,2364.3
2025-11-14 03:40:00+08:00,2360.7
2025-11-14 03:50:00+08:00,2346.7
2025-11-14 04:00:00+08:00,2342.8
2025-11-14 04:10:00+08:00,2341.7
2025-11-14 04:20:00+08:00,2336.8
2025-11-14 04:30:00+08:00,2343.6
2025-11-14 04:40:00+08:00,2341.5
2025-11-14 04:50:00+08:00,2342.6
2025-11-14 05:00:00+08:00,2351.4
2025-11-14 05:10:00+08:00,2354.2
2025-11-14 05:20:00+08:00,2355.9
2025-11-14 05:30:00+08:00,2367.2
2025-11-14 05:40:00+08:00,2374.3
2025-11-14 05:50:00+08:00,2387.7
2025-11-14 06:00:00+08:00,2375.7
2025-11-14 06:10:00+08:00,2403.9
2025-11-14 06:20:00+08:00,2409.1
2025-11-14 06:30:00+08:00,2412.5
2025-11-14 06:40:00+08:00,2429.3
2025-11-14 06:50:00+08:00,2430.8
2025-11-14 07:00:00+08:00,2462.1
2025-11-14 07:10:00+08:00,2483.9
2025-11-14 07:20:00+08:00,2508.4
2025-11-14 07:30:00+08:00,2521.7
2025-11-14 07:40:00+08:00,2563.0
2025-11-14 07:50:00+08:00,2624.4
2025-11-14 08:00:00+08:00,2689.9
2025-11-14 08:10:00+08:00,2778.0
2025-11-14 08:20:00+08:00,2841.4
2025-11-14 08:30:00+08:00,2865.6
2025-11-14 08:40:00+08:00,2897.7
2025-11-14 08:50:00+08:00,2922.5
2025-11-14 09:00:00+08:00,2958.5
2025-11-14 09:10:00+08:00,2964.2
2025-11-14 09:20:00+08:00,2998.0
2025-11-14 09:30:00+08:00,3004.2
2025-11-14 09:40:00+08:00,3029.4
2025-11-14 09:50:00+08:00,3016.7
2025-11-14 10:00:00+08:00,3039.1
2025-11-14 10:10:00+08:00,3058.6
2025-11-14 10:20:00+08:00,3073.2
2025-11-14 10:30:00+08:00,3098.3
2025-11-14 10:40:00+08:00,3114.6
2025-11-14 10:50:00+08:00,3135.2
2025-11-14 11:00:00+08:00,3156.7
2025-11-14 11:10:00+08:00,3174.4
2025-11-14 11:20:00+08:00,3177.8
2025-11-14 11:30:00+08:00,3178.9
2025-11-14 11:40:00+08:00,3173.1
2025-11-14 11:50:00+08:00,3143.0
2025-11-14 12:00:00+08:00,3103.9
2025-11-14 12:10:00+08:00,3045.4
2025-11-14 12:20:00+08:00,3037.9
2025-11-14 12:30:00+08:00,3015.8
2025-11-14 12:40:00+08:00,3023.6
2025-11-14 12:50:00+08:00,3025.5
2025-11-14 13:00:00+08:00,3077.4
2025-11-14 13:10:00+08:00,3151.9
2025-11-14 13:20:00+08:00,3175.9
2025-11-14 13:30:00+08:00,3181.8
2025-11-14 13:40:00+08:00,3185.2
2025-11-14 13:50:00+08:00,3187.6
2025-11-14 14:00:00+08:00,3191.6
2025-11-14 14:10:00+08:00,3175.4
2025-11-14 14:20:00+08:00,3182.9
2025-11-14 14:30:00+08:00,3176.1
2025-11-14 14:40:00+08:00,3187.8
2025-11-14 14:50:00+08:00,3167.5
2025-11-14 15:00:00+08:00,3160.5
2025-11-14 15:10:00+08:00,3170.3
2025-11-14 15:20:00+08:00,3165.2
2025-11-14 15:30:00+08:00,3167.9
2025-11-14 15:40:00+08:00,3156.3
2025-11-14 15:50:00+08:00,3179.1
2025-11-14 16:00:00+08:00,3159.5
2025-11-14 16:10:00+08:00,3164.3
2025-11-14 16:20:00+08:00,3143.7
2025-11-14 16:30:00+08:00,3125.8
2025-11-14 16:40:00+08:00,3104.7
2025-11-14 16:50:00+08:00,3099.0
2025-11-14 17:00:00+08:00,3069.6
